Name,ID,Has Item,Mod,Class,Display Name
minecraft:air,0,false,null,net.minecraft.block.BlockAir,null
minecraft:stone,1,true,minecraft,net.minecraft.block.BlockStone,石头
minecraft:grass,2,true,minecraft,net.minecraft.block.BlockGrass,草方块
minecraft:dirt,3,true,minecraft,net.minecraft.block.BlockDirt,泥土
minecraft:cobblestone,4,true,minecraft,net.minecraft.block.Block,圆石
minecraft:planks,5,true,minecraft,net.minecraft.block.BlockWood,橡木木板
minecraft:sapling,6,true,minecraft,net.minecraft.block.BlockSapling,橡树树苗
minecraft:bedrock,7,true,minecraft,net.minecraft.block.Block,基岩
minecraft:flowing_water,8,true,minecraft,cofh.asmhooks.block.BlockTickingWater,水
minecraft:water,9,true,minecraft,cofh.asmhooks.block.BlockWater,水
minecraft:flowing_lava,10,true,minecraft,net.minecraft.block.BlockDynamicLiquid,岩浆
minecraft:lava,11,true,minecraft,net.minecraft.block.BlockStaticLiquid,岩浆
minecraft:sand,12,true,minecraft,net.minecraft.block.BlockSand,沙子
minecraft:gravel,13,true,minecraft,net.minecraft.block.BlockGravel,沙砾
minecraft:gold_ore,14,true,minecraft,net.minecraft.block.BlockOre,金矿石
minecraft:iron_ore,15,true,minecraft,net.minecraft.block.BlockOre,铁矿石
minecraft:coal_ore,16,true,minecraft,net.minecraft.block.BlockOre,煤矿石
minecraft:log,17,true,minecraft,net.minecraft.block.BlockOldLog,橡木原木
minecraft:leaves,18,true,minecraft,net.minecraft.block.BlockOldLeaf,橡树树叶
minecraft:sponge,19,true,minecraft,net.minecraft.block.BlockSponge,惰性海绵
minecraft:glass,20,true,minecraft,net.minecraft.block.BlockGlass,玻璃
minecraft:lapis_ore,21,true,minecraft,net.minecraft.block.BlockOre,青金石矿石
minecraft:lapis_block,22,true,minecraft,net.minecraft.block.BlockCompressed,青金石块
minecraft:dispenser,23,true,minecraft,net.minecraft.block.BlockDispenser,发射器
minecraft:sandstone,24,true,minecraft,net.minecraft.block.BlockSandStone,沙石
minecraft:noteblock,25,true,minecraft,net.minecraft.block.BlockNote,音符盒
minecraft:bed,26,false,null,net.minecraft.block.BlockBed,null
minecraft:golden_rail,27,true,minecraft,net.minecraft.block.BlockRailPowered,推进轨道
minecraft:detector_rail,28,true,minecraft,net.minecraft.block.BlockRailDetector,感应轨道
minecraft:sticky_piston,29,true,minecraft,net.minecraft.block.BlockPistonBase,黏性活塞
minecraft:web,30,true,minecraft,net.minecraft.block.BlockWeb,蜘蛛网
minecraft:tallgrass,31,true,minecraft,net.minecraft.block.BlockTallGrass,灌木
minecraft:deadbush,32,true,minecraft,net.minecraft.block.BlockDeadBush,枯萎的灌木
minecraft:piston,33,true,minecraft,net.minecraft.block.BlockPistonBase,活塞
minecraft:piston_head,34,false,null,net.minecraft.block.BlockPistonExtension,null
minecraft:wool,35,true,minecraft,net.minecraft.block.BlockColored,羊毛
minecraft:piston_extension,36,false,null,net.minecraft.block.BlockPistonMoving,null
minecraft:yellow_flower,37,true,minecraft,net.minecraft.block.BlockFlower,蒲公英
minecraft:red_flower,38,true,minecraft,net.minecraft.block.BlockFlower,虞美人
minecraft:brown_mushroom,39,true,minecraft,net.minecraft.block.BlockMushroom,蘑菇
minecraft:red_mushroom,40,true,minecraft,net.minecraft.block.BlockMushroom,蘑菇
minecraft:gold_block,41,true,minecraft,net.minecraft.block.BlockCompressed,金块
minecraft:iron_block,42,true,minecraft,net.minecraft.block.BlockCompressed,铁块
minecraft:double_stone_slab,43,true,minecraft,net.minecraft.block.BlockStoneSlab,平滑石台阶
minecraft:stone_slab,44,true,minecraft,net.minecraft.block.BlockStoneSlab,平滑石台阶
minecraft:brick_block,45,true,minecraft,net.minecraft.block.Block,砖块
minecraft:tnt,46,true,minecraft,net.minecraft.block.BlockTNT,TNT
minecraft:bookshelf,47,true,minecraft,net.minecraft.block.BlockBookshelf,书架
minecraft:mossy_cobblestone,48,true,minecraft,mrtjp.projectred.exploration.BlockMossyCobblestone,苔石
minecraft:obsidian,49,true,minecraft,net.minecraft.block.BlockObsidian,黑曜石
minecraft:torch,50,true,minecraft,net.minecraft.block.BlockTorch,火把
minecraft:fire,51,true,minecraft,net.minecraft.block.BlockFire,火
minecraft:mob_spawner,52,true,minecraft,net.minecraft.block.BlockMobSpawner,刷怪笼
minecraft:oak_stairs,53,true,minecraft,net.minecraft.block.BlockStairs,橡木楼梯
minecraft:chest,54,true,minecraft,net.minecraft.block.BlockChest,箱子
minecraft:redstone_wire,55,false,null,net.minecraft.block.BlockRedstoneWire,null
minecraft:diamond_ore,56,true,minecraft,net.minecraft.block.BlockOre,钻石矿石
minecraft:diamond_block,57,true,minecraft,net.minecraft.block.BlockCompressed,钻石块
minecraft:crafting_table,58,true,minecraft,net.minecraft.block.BlockWorkbench,工作台
minecraft:wheat,59,false,null,net.minecraft.block.BlockCrops,null
minecraft:farmland,60,true,minecraft,net.minecraft.block.BlockFarmland,耕地
minecraft:furnace,61,true,minecraft,net.minecraft.block.BlockFurnace,熔炉
minecraft:lit_furnace,62,true,minecraft,net.minecraft.block.BlockFurnace,熔炉
minecraft:standing_sign,63,false,null,net.minecraft.block.BlockSign,null
minecraft:wooden_door,64,false,null,net.malisis.doors.door.block.Door,null
minecraft:ladder,65,true,minecraft,net.minecraft.block.BlockLadder,梯子
minecraft:rail,66,true,minecraft,net.minecraft.block.BlockRail,轨道
minecraft:stone_stairs,67,true,minecraft,net.minecraft.block.BlockStairs,圆石楼梯
minecraft:wall_sign,68,false,null,net.minecraft.block.BlockSign,null
minecraft:lever,69,true,minecraft,net.minecraft.block.BlockLever,拉杆
minecraft:stone_pressure_plate,70,true,minecraft,net.minecraft.block.BlockPressurePlate,压力板
minecraft:iron_door,71,false,null,net.malisis.doors.door.block.Door,null
minecraft:wooden_pressure_plate,72,true,minecraft,net.minecraft.block.BlockPressurePlate,橡木压力板
minecraft:redstone_ore,73,true,minecraft,net.minecraft.block.BlockRedstoneOre,红石矿石
minecraft:lit_redstone_ore,74,false,null,net.minecraft.block.BlockRedstoneOre,null
minecraft:unlit_redstone_torch,75,false,null,net.minecraft.block.BlockRedstoneTorch,null
minecraft:redstone_torch,76,true,minecraft,net.minecraft.block.BlockRedstoneTorch,红石火把
minecraft:stone_button,77,true,minecraft,net.minecraft.block.BlockButtonStone,按钮
minecraft:snow_layer,78,true,minecraft,net.minecraft.block.BlockSnow,雪
minecraft:ice,79,true,minecraft,net.minecraft.block.BlockIce,冰
minecraft:snow,80,true,minecraft,net.minecraft.block.BlockSnowBlock,雪
minecraft:cactus,81,true,minecraft,net.minecraft.block.BlockCactus,仙人掌
minecraft:clay,82,true,minecraft,net.minecraft.block.BlockClay,黏土块
minecraft:reeds,83,false,null,net.minecraft.block.BlockReed,null
minecraft:jukebox,84,true,minecraft,net.minecraft.block.BlockJukebox,唱片机
minecraft:fence,85,true,minecraft,net.minecraft.block.BlockFence,橡木栅栏
minecraft:pumpkin,86,true,minecraft,net.minecraft.block.BlockPumpkin,南瓜
minecraft:netherrack,87,true,minecraft,net.minecraft.block.BlockNetherrack,下界岩
minecraft:soul_sand,88,true,minecraft,net.minecraft.block.BlockSoulSand,灵魂沙
minecraft:glowstone,89,true,minecraft,net.minecraft.block.BlockGlowstone,荧石
minecraft:portal,90,true,minecraft,net.minecraft.block.BlockPortal,传送门
minecraft:lit_pumpkin,91,true,minecraft,net.minecraft.block.BlockPumpkin,南瓜灯
minecraft:cake,92,false,null,net.minecraft.block.BlockCake,null
minecraft:unpowered_repeater,93,false,null,net.minecraft.block.BlockRedstoneRepeater,null
minecraft:powered_repeater,94,false,null,net.minecraft.block.BlockRedstoneRepeater,null
minecraft:stained_glass,95,true,minecraft,net.minecraft.block.BlockStainedGlass,白色染色玻璃
minecraft:trapdoor,96,true,minecraft,net.malisis.doors.trapdoor.block.TrapDoor,橡木活板门
minecraft:monster_egg,97,true,minecraft,net.minecraft.block.BlockSilverfish,被虫蚀的石头
minecraft:stonebrick,98,true,minecraft,net.minecraft.block.BlockStoneBrick,石砖
minecraft:brown_mushroom_block,99,true,minecraft,net.minecraft.block.BlockHugeMushroom,蘑菇
minecraft:red_mushroom_block,100,true,minecraft,net.minecraft.block.BlockHugeMushroom,蘑菇
minecraft:iron_bars,101,true,minecraft,net.minecraft.block.BlockPane,铁栏杆
minecraft:glass_pane,102,true,minecraft,net.minecraft.block.BlockPane,玻璃板
minecraft:melon_block,103,true,minecraft,net.minecraft.block.BlockMelon,西瓜
minecraft:pumpkin_stem,104,false,null,net.minecraft.block.BlockStem,null
minecraft:melon_stem,105,false,null,net.minecraft.block.BlockStem,null
minecraft:vine,106,true,minecraft,net.minecraft.block.BlockVine,藤蔓
minecraft:fence_gate,107,true,minecraft,net.malisis.doors.door.block.FenceGate,橡木栅栏门
minecraft:brick_stairs,108,true,minecraft,net.minecraft.block.BlockStairs,砖楼梯
minecraft:stone_brick_stairs,109,true,minecraft,net.minecraft.block.BlockStairs,石砖楼梯
minecraft:mycelium,110,true,minecraft,net.minecraft.block.BlockMycelium,菌丝
minecraft:waterlily,111,true,minecraft,net.minecraft.block.BlockLilyPad,睡莲
minecraft:nether_brick,112,true,minecraft,net.minecraft.block.Block,下界砖
minecraft:nether_brick_fence,113,true,minecraft,net.minecraft.block.BlockFence,下界砖栅栏
minecraft:nether_brick_stairs,114,true,minecraft,net.minecraft.block.BlockStairs,下界砖楼梯
minecraft:nether_wart,115,false,null,net.minecraft.block.BlockNetherWart,null
minecraft:enchanting_table,116,true,minecraft,net.minecraft.block.BlockEnchantmentTable,附魔台
minecraft:brewing_stand,117,false,null,net.minecraft.block.BlockBrewingStand,null
minecraft:cauldron,118,false,null,net.minecraft.block.BlockCauldron,null
minecraft:end_portal,119,true,minecraft,net.minecraft.block.BlockEndPortal,末地传送门
minecraft:end_portal_frame,120,true,minecraft,net.minecraft.block.BlockEndPortalFrame,末地传送门
minecraft:end_stone,121,true,minecraft,net.minecraft.block.Block,末地石
minecraft:dragon_egg,122,true,minecraft,chylex.hee.block.BlockDragonEggCustom,龙蛋
minecraft:redstone_lamp,123,true,minecraft,net.minecraft.block.BlockRedstoneLight,红石灯
minecraft:lit_redstone_lamp,124,false,null,net.minecraft.block.BlockRedstoneLight,null
minecraft:double_wooden_slab,125,true,minecraft,net.minecraft.block.BlockWoodSlab,橡木台阶
minecraft:wooden_slab,126,true,minecraft,net.minecraft.block.BlockWoodSlab,橡木台阶
minecraft:cocoa,127,true,minecraft,net.minecraft.block.BlockCocoa,可可果
minecraft:sandstone_stairs,128,true,minecraft,net.minecraft.block.BlockStairs,沙石楼梯
minecraft:emerald_ore,129,true,minecraft,net.minecraft.block.BlockOre,绿宝石矿石
minecraft:ender_chest,130,true,minecraft,net.minecraft.block.BlockEnderChest,私人末影箱子
minecraft:tripwire_hook,131,true,minecraft,net.minecraft.block.BlockTripWireHook,绊线钩
minecraft:tripwire,132,false,null,net.minecraft.block.BlockTripWire,null
minecraft:emerald_block,133,true,minecraft,net.minecraft.block.BlockCompressed,绿宝石块
minecraft:spruce_stairs,134,true,minecraft,net.minecraft.block.BlockStairs,云杉木楼梯
minecraft:birch_stairs,135,true,minecraft,net.minecraft.block.BlockStairs,白桦木楼梯
minecraft:jungle_stairs,136,true,minecraft,net.minecraft.block.BlockStairs,丛林木楼梯
minecraft:command_block,137,true,minecraft,net.minecraft.block.BlockCommandBlock,命令方块
minecraft:beacon,138,true,minecraft,net.minecraft.block.BlockBeacon,信标
minecraft:cobblestone_wall,139,true,minecraft,net.minecraft.block.BlockWall,圆石墙
minecraft:flower_pot,140,false,null,net.minecraft.block.BlockFlowerPot,null
minecraft:carrots,141,true,minecraft,net.minecraft.block.BlockCarrot,胡萝卜
minecraft:potatoes,142,true,minecraft,net.minecraft.block.BlockPotato,马铃薯
minecraft:wooden_button,143,true,minecraft,net.minecraft.block.BlockButtonWood,橡木按钮
minecraft:skull,144,false,null,net.minecraft.block.BlockSkull,null
minecraft:anvil,145,true,minecraft,net.minecraft.block.BlockAnvil,铁砧
minecraft:trapped_chest,146,true,minecraft,net.minecraft.block.BlockChest,陷阱箱
minecraft:light_weighted_pressure_plate,147,true,minecraft,net.minecraft.block.BlockPressurePlateWeighted,轻质测重压力板
minecraft:heavy_weighted_pressure_plate,148,true,minecraft,net.minecraft.block.BlockPressurePlateWeighted,重质测重压力板
minecraft:unpowered_comparator,149,false,null,net.minecraft.block.BlockRedstoneComparator,null
minecraft:powered_comparator,150,false,null,net.minecraft.block.BlockRedstoneComparator,null
minecraft:daylight_detector,151,true,minecraft,net.minecraft.block.BlockDaylightDetector,阳光探测器
minecraft:redstone_block,152,true,minecraft,net.minecraft.block.BlockCompressedPowered,红石块
minecraft:quartz_ore,153,true,minecraft,net.minecraft.block.BlockOre,下界石英矿石
minecraft:hopper,154,true,minecraft,net.minecraft.block.BlockHopper,漏斗
minecraft:quartz_block,155,true,minecraft,net.minecraft.block.BlockQuartz,石英块
minecraft:quartz_stairs,156,true,minecraft,net.minecraft.block.BlockStairs,石英楼梯
minecraft:activator_rail,157,true,minecraft,net.minecraft.block.BlockRailPowered,激活轨道
minecraft:dropper,158,true,minecraft,net.minecraft.block.BlockDropper,投掷器
minecraft:stained_hardened_clay,159,true,minecraft,net.minecraft.block.BlockColored,白色陶瓦
minecraft:stained_glass_pane,160,true,minecraft,net.minecraft.block.BlockStainedGlassPane,白色染色玻璃板
minecraft:leaves2,161,true,minecraft,net.minecraft.block.BlockNewLeaf,金合欢树叶
minecraft:log2,162,true,minecraft,net.minecraft.block.BlockNewLog,金合欢原木
minecraft:acacia_stairs,163,true,minecraft,net.minecraft.block.BlockStairs,金合欢木楼梯
minecraft:dark_oak_stairs,164,true,minecraft,net.minecraft.block.BlockStairs,深色橡木楼梯
IC2:blockOreCopper,165,true,IC2,ic2.core.block.BlockMetaData,铜矿石
IC2:blockOreTin,166,true,IC2,ic2.core.block.BlockMetaData,锡矿石
IC2:blockOreUran,167,true,IC2,ic2.core.block.BlockMetaData,铀矿石
IC2:blockOreLead,168,true,IC2,ic2.core.block.BlockMetaData,铅矿石
IC2:blockRubWood,169,true,IC2,ic2.core.block.BlockRubWood,橡胶树原木
minecraft:hay_block,170,true,minecraft,net.minecraft.block.BlockHay,干草块
minecraft:carpet,171,true,minecraft,net.minecraft.block.BlockCarpet,地毯
minecraft:hardened_clay,172,true,minecraft,net.minecraft.block.BlockHardenedClay,陶瓦
minecraft:coal_block,173,true,minecraft,net.minecraft.block.Block,煤炭块
minecraft:packed_ice,174,true,minecraft,net.minecraft.block.BlockPackedIce,浮冰
minecraft:double_plant,175,true,minecraft,net.minecraft.block.BlockDoublePlant,向日葵
IC2:blockRubLeaves,176,true,IC2,ic2.core.block.BlockRubLeaves,橡胶树树叶
IC2:blockRubSapling,177,true,IC2,ic2.core.block.BlockRubSapling,橡胶树树苗
IC2:blockHarz,178,true,IC2,ic2.core.block.BlockResin,ic2.blockHarz
IC2:blockRubber,179,true,IC2,ic2.core.block.BlockRubberSheet,橡胶垫
IC2:blockFenceIron,180,true,IC2,ic2.core.block.BlockPoleFence,铁栅栏
IC2:blockAlloy,181,true,IC2,ic2.core.block.BlockMetaData,防爆石
IC2:blockBasalt,182,true,IC2,ic2.core.block.BlockMetaData,玄武岩
IC2:blockAlloyGlass,183,true,IC2,ic2.core.block.BlockTexGlass,防爆玻璃
IC2:blockDoorAlloy,184,true,IC2,ic2.core.block.BlockIC2Door,防爆门
IC2:blockReinforcedFoam,185,true,IC2,ic2.core.block.BlockReinforcedFoam,强化建筑泡沫
IC2:blockFoam,186,true,IC2,ic2.core.block.BlockFoam,建筑泡沫
IC2:blockWall,187,true,IC2,ic2.core.block.BlockWall,ic2.blockWall
IC2:blockScaffold,188,true,IC2,ic2.core.block.BlockScaffold,脚手架
IC2:blockIronScaffold,189,true,IC2,ic2.core.block.BlockScaffold,铁质脚手架
IC2:blockMetal,190,true,IC2,ic2.core.block.BlockMetal,铜块
IC2:blockCable,191,true,IC2,ic2.core.block.wiring.BlockCable,ic2.blockCable
IC2:blockKineticGenerator,192,true,IC2,ic2.core.block.kineticgenerator.block.BlockKineticGenerator,风力动能发生机
IC2:blockHeatGenerator,193,true,IC2,ic2.core.block.heatgenerator.block.BlockHeatGenerator,固体加热机
IC2:blockGenerator,194,true,IC2,ic2.core.block.generator.block.BlockGenerator,放射性同位素温差发电机之力
IC2:blockReactorChamber,195,true,IC2,ic2.core.block.reactor.block.BlockReactorChamber,核反应仓
IC2:blockReactorFluidPort,196,true,IC2,ic2.core.block.reactor.block.BlockReactorFluidPort,反应堆流体接口
IC2:blockReactorAccessHatch,197,true,IC2,ic2.core.block.reactor.block.BlockReactorAccessHatch,反应堆访问接口
IC2:blockReactorRedstonePort,198,true,IC2,ic2.core.block.reactor.block.BlockReactorRedstonePort,反应堆红石接口
IC2:blockreactorvessel,199,true,IC2,ic2.core.block.reactor.block.BlockReactorVessel,反应堆压力容器
IC2:blockElectric,200,true,IC2,ic2.core.block.wiring.BlockElectric,储电盒
IC2:blockChargepad,201,true,IC2,ic2.core.block.wiring.BlockChargepad,充电座
IC2:blockMachine,202,true,IC2,ic2.core.block.machine.BlockMachine,基础机器外壳
IC2:blockMachine2,203,true,IC2,ic2.core.block.machine.BlockMachine2,传送机
IC2:blockMachine3,204,true,IC2,ic2.core.block.machine.BlockMachine3,蒸汽机
IC2:blockLuminatorDark,205,true,IC2,ic2.core.block.wiring.BlockLuminator,日光灯
IC2:blockLuminator,206,true,IC2,ic2.core.block.wiring.BlockLuminator,日光灯
IC2:blockMiningPipe,207,true,IC2,ic2.core.block.machine.BlockMiningPipe,采矿管道
IC2:blockMiningTip,208,true,IC2,ic2.core.block.machine.BlockMiningTip,采矿管道
IC2:blockPersonal,209,true,IC2,ic2.core.block.personal.BlockPersonal,保险箱
IC2:blockITNT,210,true,IC2,ic2.core.block.BlockITNT,工业TNT
IC2:blockNuke,211,true,IC2,ic2.core.block.BlockITNT,核弹
IC2:blockDynamite,212,true,IC2,ic2.core.block.BlockDynamite,ic2.blockDynamite
IC2:blockDynamiteRemote,213,true,IC2,ic2.core.block.BlockDynamite,ic2.blockDynamiteRemote
IC2:blockCrop,214,true,IC2,ic2.core.crop.BlockCrop,作物架
IC2:blockBarrel,215,true,IC2,ic2.core.block.BlockBarrel,酒桶
IC2:fluidUuMatter,216,true,IC2,ic2.core.block.BlockIC2Fluid,UU物质
IC2:fluidConstructionFoam,217,true,IC2,ic2.core.block.BlockIC2Fluid,建筑泡沫
IC2:fluidCoolant,218,true,IC2,ic2.core.block.BlockIC2Fluid,冷却液
IC2:fluidHotCoolant,219,true,IC2,ic2.core.block.BlockIC2Fluid,热冷却液
IC2:fluidPahoehoeLava,220,true,IC2,ic2.core.block.BlockIC2Fluid,熔岩岩浆
IC2:fluidBiomass,221,true,IC2,ic2.core.block.BlockIC2Fluid,生物质
IC2:fluidBiogas,222,true,IC2,ic2.core.block.BlockIC2Fluid,沼气
IC2:fluidDistilledWater,223,true,IC2,ic2.core.block.BlockIC2Fluid,蒸馏水
IC2:fluidSuperheatedSteam,224,true,IC2,ic2.core.block.BlockIC2Fluid,过热蒸汽
IC2:fluidSteam,225,true,IC2,ic2.core.block.BlockIC2Fluid,蒸汽
IC2:fluidHotWater,226,true,IC2,ic2.core.block.BlockIC2Fluid,Heated Water
AdvancedSolarPanel:BlockMolecularTransformer,227,true,AdvancedSolarPanel,advsolar.common.blocks.BlockMolecularTransformer,分子重组仪
AdvancedSolarPanel:BlockAdvSolarPanel,228,true,AdvancedSolarPanel,advsolar.common.blocks.BlockAdvSolarPanel,高级太阳能发电机
battlegear2:flagpole,229,true,battlegear2,mods.battlegear2.heraldry.BlockFlagPole,橡木旗杆
ForgeMultipart:block,230,false,null,codechicken.multipart.BlockMultipart,null
Thaumcraft:blockFluxGoo,231,true,Thaumcraft,thaumcraft.common.blocks.BlockFluxGoo,咒波黏浆
Thaumcraft:blockFluxGas,232,true,Thaumcraft,thaumcraft.common.blocks.BlockFluxGas,咒波瓦斯
Thaumcraft:blockFluidPure,233,true,Thaumcraft,thaumcraft.common.blocks.BlockFluidPure,净化之水
Thaumcraft:blockFluidDeath,234,true,Thaumcraft,thaumcraft.common.blocks.BlockFluidDeath,死亡之水
Thaumcraft:blockCustomOre,235,true,Thaumcraft,thaumcraft.common.blocks.BlockCustomOre,朱砂矿石
Thaumcraft:blockMagicalLog,236,true,Thaumcraft,thaumcraft.common.blocks.BlockMagicalLog,宏伟之木原木
Thaumcraft:blockMagicalLeaves,237,true,Thaumcraft,thaumcraft.common.blocks.BlockMagicalLeaves,宏伟之木树叶
Thaumcraft:blockCustomPlant,238,true,Thaumcraft,thaumcraft.common.blocks.BlockCustomPlant,宏伟之木树苗
Thaumcraft:blockTaint,239,true,Thaumcraft,thaumcraft.common.blocks.BlockTaint,陈年污点
Thaumcraft:blockTaintFibres,240,true,Thaumcraft,thaumcraft.common.blocks.BlockTaintFibres,腐化草丛
Thaumcraft:blockCosmeticOpaque,241,true,Thaumcraft,thaumcraft.common.blocks.BlockCosmeticOpaque,琥珀方块
Thaumcraft:blockCosmeticSolid,242,true,Thaumcraft,thaumcraft.common.blocks.BlockCosmeticSolid,黑曜石图腾
Thaumcraft:blockCrystal,243,true,Thaumcraft,thaumcraft.common.blocks.BlockCrystal,风之魔晶
Thaumcraft:blockTube,244,true,Thaumcraft,thaumcraft.common.blocks.BlockTube,源质管道
Thaumcraft:blockMetalDevice,245,true,Thaumcraft,thaumcraft.common.blocks.BlockMetalDevice,坩埚
Thaumcraft:blockWoodenDevice,246,true,Thaumcraft,thaumcraft.common.blocks.BlockWoodenDevice,奥术风箱
Thaumcraft:blockStoneDevice,247,true,Thaumcraft,thaumcraft.common.blocks.BlockStoneDevice,炼金炉
Thaumcraft:blockMirror,248,true,Thaumcraft,thaumcraft.common.blocks.BlockMirror,魔镜
Thaumcraft:blockTable,249,true,Thaumcraft,thaumcraft.common.blocks.BlockTable,台桌
Thaumcraft:blockChestHungry,250,true,Thaumcraft,thaumcraft.common.blocks.BlockChestHungry,饕餮箱子
Thaumcraft:blockArcaneDoor,251,true,Thaumcraft,thaumcraft.common.blocks.BlockArcaneDoor,奥能之扉
Thaumcraft:blockLifter,252,true,Thaumcraft,thaumcraft.common.blocks.BlockLifter,奥术悬浮台
Thaumcraft:blockMagicBox,253,true,Thaumcraft,thaumcraft.common.blocks.BlockMagicBox,奥法之盒
Thaumcraft:blockAlchemyFurnace,254,true,Thaumcraft,thaumcraft.common.blocks.BlockAlchemyFurnace,荒古炼金炉
Thaumcraft:blockJar,255,true,Thaumcraft,thaumcraft.common.blocks.BlockJar,源质罐子
Thaumcraft:blockCandle,409,true,Thaumcraft,thaumcraft.common.blocks.BlockCandle,白色油脂蜡烛
Thaumcraft:blockEldritch,410,true,Thaumcraft,thaumcraft.common.blocks.BlockEldritch,邪术祭坛
Thaumcraft:blockAiry,411,true,Thaumcraft,makeo.gadomancy.common.blocks.BlockNode,灵气节点
Thaumcraft:blockManaPod,412,true,Thaumcraft,thaumcraft.common.blocks.BlockManaPod,法力荚茎
Thaumcraft:blockArcaneFurnace,413,true,Thaumcraft,thaumcraft.common.blocks.BlockArcaneFurnace,炼狱熔炉
Thaumcraft:blockWarded,414,true,Thaumcraft,thaumcraft.common.blocks.BlockWarded,守护方块
Thaumcraft:blockHole,415,true,Thaumcraft,thaumcraft.common.blocks.BlockHole,隙间
Thaumcraft:blockPortalEldritch,416,true,Thaumcraft,thaumcraft.common.blocks.BlockEldritchPortal,邪术传送门
Thaumcraft:blockEssentiaReservoir,423,true,Thaumcraft,thaumcraft.common.blocks.BlockEssentiaReservoir,源质库
Thaumcraft:blockEldritchNothing,424,true,Thaumcraft,thaumcraft.common.blocks.BlockEldritchNothing,传送门：无
Thaumcraft:blockStairsArcaneStone,425,true,Thaumcraft,thaumcraft.common.blocks.BlockCosmeticStairs,奥术楼梯
Thaumcraft:blockStairsGreatwood,426,true,Thaumcraft,thaumcraft.common.blocks.BlockCosmeticStairs,宏伟之木楼梯
Thaumcraft:blockStairsSilverwood,427,true,Thaumcraft,thaumcraft.common.blocks.BlockCosmeticStairs,银树楼梯
Thaumcraft:blockStairsEldritch,428,true,Thaumcraft,thaumcraft.common.blocks.BlockCosmeticStairs,荒古楼梯
Thaumcraft:blockCosmeticSlabWood,429,true,Thaumcraft,thaumcraft.common.blocks.BlockCosmeticWoodSlab,宏伟之木台阶
Thaumcraft:blockCosmeticSlabStone,430,true,Thaumcraft,thaumcraft.common.blocks.BlockCosmeticStoneSlab,奥术台阶
Thaumcraft:blockCosmeticDoubleSlabWood,431,true,Thaumcraft,thaumcraft.common.blocks.BlockCosmeticWoodSlab,宏伟之木台阶
Thaumcraft:blockCosmeticDoubleSlabStone,432,true,Thaumcraft,thaumcraft.common.blocks.BlockCosmeticStoneSlab,奥术台阶
Thaumcraft:blockLootUrn,433,true,Thaumcraft,thaumcraft.common.blocks.BlockLoot,古旧之瓮
Thaumcraft:blockLootCrate,434,true,Thaumcraft,thaumcraft.common.blocks.BlockLoot,废弃箱子
BuildCraft|Core:eternalSpring,435,true,BuildCraft|Core,buildcraft.core.BlockSpring,水泉
BuildCraft|Core:buildToolBlock,436,true,BuildCraft|Core,buildcraft.core.BlockBuildTool,工具方块
BuildCraft|Core:engineBlock,437,true,BuildCraft|Core,buildcraft.core.BlockEngine,红石引擎
BuildCraft|Core:markerBlock,438,true,BuildCraft|Core,buildcraft.core.BlockMarker,地标
BuildCraft|Core:pathMarkerBlock,439,true,BuildCraft|Core,buildcraft.core.BlockPathMarker,路径标
ExtraUtilities:chestMini,440,true,ExtraUtilities,com.rwtema.extrautils.tileentity.chests.BlockMiniChest,迷你箱
ExtraUtilities:chestFull,441,true,ExtraUtilities,com.rwtema.extrautils.tileentity.chests.BlockFullChest,稍大的箱子
ExtraUtilities:enderCollector,442,true,ExtraUtilities,com.rwtema.extrautils.tileentity.endercollector.BlockEnderCollector,末影收集器
ExtraUtilities:endConstructor,443,true,ExtraUtilities,com.rwtema.extrautils.tileentity.enderconstructor.BlockEnderConstructor,QED(量子放射解码器Quantum Emission Decompiler)
ExtraUtilities:endMarker,444,true,ExtraUtilities,com.rwtema.extrautils.tileentity.enderquarry.BlockEnderMarkers,末影路标
ExtraUtilities:curtains,445,true,ExtraUtilities,com.rwtema.extrautils.block.BlockCurtain,黑幕布帘
ExtraUtilities:angelBlock,446,true,ExtraUtilities,com.rwtema.extrautils.block.BlockAngelBlock,天使方块
ExtraUtilities:budoff,447,true,ExtraUtilities,com.rwtema.extrautils.block.BlockBUD,方块更新检测器
ExtraUtilities:chandelier,448,true,ExtraUtilities,com.rwtema.extrautils.block.BlockChandelier,奢华吊顶灯
ExtraUtilities:decorativeBlock1,449,true,ExtraUtilities,com.rwtema.extrautils.block.BlockDecoration,镶边石砖
ExtraUtilities:decorativeBlock2,450,true,ExtraUtilities,com.rwtema.extrautils.block.BlockDecoration,增厚玻璃
ExtraUtilities:pureLove,451,true,ExtraUtilities,com.rwtema.extrautils.block.BlockPureLove,纯洁的爱
ExtraUtilities:block_bedrockium,452,true,ExtraUtilities,com.rwtema.extrautils.block.BlockBedrockium,基岩块
ExtraUtilities:datablock,453,true,ExtraUtilities,com.rwtema.extrautils.block.BlockColorData,数据块
ExtraUtilities:colorStoneBrick,454,true,ExtraUtilities,com.rwtema.extrautils.block.BlockColor,染色 石砖 (白色)
ExtraUtilities:colorWoodPlanks,455,true,ExtraUtilities,com.rwtema.extrautils.block.BlockColor,染色 橡木木板 (白色)
ExtraUtilities:color_lightgem,456,true,ExtraUtilities,com.rwtema.extrautils.block.BlockColor,染色 荧石 (白色)
ExtraUtilities:color_stone,457,true,ExtraUtilities,com.rwtema.extrautils.block.BlockColor,染色 石头 (白色)
ExtraUtilities:color_quartzBlock,458,true,ExtraUtilities,com.rwtema.extrautils.block.BlockColor,染色 石英块 (白色)
ExtraUtilities:color_hellsand,459,true,ExtraUtilities,com.rwtema.extrautils.block.BlockColor,染色 灵魂沙 (白色)
ExtraUtilities:color_redstoneLight,460,true,ExtraUtilities,com.rwtema.extrautils.block.BlockColor,染色 红石灯 (白色)
ExtraUtilities:color_brick,461,true,ExtraUtilities,com.rwtema.extrautils.block.BlockColor,染色 砖块 (白色)
ExtraUtilities:color_stonebrick,462,true,ExtraUtilities,com.rwtema.extrautils.block.BlockColor,染色 圆石 (白色)
ExtraUtilities:color_blockLapis,463,true,ExtraUtilities,com.rwtema.extrautils.block.BlockColor,染色 青金石块 (白色)
ExtraUtilities:color_obsidian,464,true,ExtraUtilities,com.rwtema.extrautils.block.BlockColor,染色 黑曜石 (白色)
ExtraUtilities:color_blockRedstone,465,true,ExtraUtilities,com.rwtema.extrautils.block.BlockColor,染色 红石块 (白色)
ExtraUtilities:color_blockCoal,466,true,ExtraUtilities,com.rwtema.extrautils.block.BlockColor,染色 煤炭块 (白色)
ExtraUtilities:cobblestone_compressed,467,true,ExtraUtilities,com.rwtema.extrautils.block.BlockCobblestoneCompressed,压缩圆石
ExtraUtilities:conveyor,468,true,ExtraUtilities,com.rwtema.extrautils.block.BlockConveyor,传送带
ExtraUtilities:filing,469,true,ExtraUtilities,com.rwtema.extrautils.block.BlockFilingCabinet,文档柜
ExtraUtilities:greenscreen,470,true,ExtraUtilities,com.rwtema.extrautils.block.BlockGreenScreen,苍雪之纯色光屏(白)
ExtraUtilities:trading_post,471,true,ExtraUtilities,com.rwtema.extrautils.block.BlockTradingPost,贸易站
ExtraUtilities:sound_muffler,472,true,ExtraUtilities,com.rwtema.extrautils.block.BlockSoundMuffler,消音器
ExtraUtilities:extractor_base,473,true,ExtraUtilities,com.rwtema.extrautils.tileentity.transfernodes.BlockTransferNode,传输节点(物品)
ExtraUtilities:extractor_base_remote,474,true,ExtraUtilities,com.rwtema.extrautils.tileentity.transfernodes.BlockRetrievalNode,检索节点(物品)
ExtraUtilities:pipes,475,true,ExtraUtilities,com.rwtema.extrautils.tileentity.transfernodes.BlockTransferPipe,运输管道
ExtraUtilities:pipes.1,476,true,ExtraUtilities,com.rwtema.extrautils.tileentity.transfernodes.BlockTransferPipe,超越分配管道
ExtraUtilities:cursedearthside,477,true,ExtraUtilities,com.rwtema.extrautils.block.BlockCursedEarth,诅咒之土
ExtraUtilities:trashcan,478,true,ExtraUtilities,com.rwtema.extrautils.block.BlockTrashCan,垃圾桶
ExtraUtilities:spike_base,479,true,ExtraUtilities,com.rwtema.extrautils.block.BlockSpike,铁锥
ExtraUtilities:spike_base_diamond,480,true,ExtraUtilities,com.rwtema.extrautils.block.BlockSpikeDiamond,钻石锥刺
ExtraUtilities:spike_base_gold,481,true,ExtraUtilities,com.rwtema.extrautils.block.BlockSpikeGold,黄金锥刺
ExtraUtilities:spike_base_wood,482,true,ExtraUtilities,com.rwtema.extrautils.block.BlockSpikeWood,木质锥刺
ExtraUtilities:enderThermicPump,483,true,ExtraUtilities,com.rwtema.extrautils.block.BlockEnderthermicPump,末影岩浆泵
ExtraUtilities:enderQuarry,484,true,ExtraUtilities,com.rwtema.extrautils.tileentity.enderquarry.BlockEnderQuarry,末影采石场
ExtraUtilities:enderQuarryUpgrade,485,true,ExtraUtilities,com.rwtema.extrautils.tileentity.enderquarry.BlockQuarryUpgrades,末影采石场升级基座
ExtraUtilities:timer,486,true,ExtraUtilities,com.rwtema.extrautils.block.BlockTimer,红石钟
ExtraUtilities:magnumTorch,487,true,ExtraUtilities,com.rwtema.extrautils.block.BlockMagnumTorch,卓越火炬
ExtraUtilities:drum,488,true,ExtraUtilities,com.rwtema.extrautils.block.BlockDrum,筒
ExtraUtilities:generator,489,true,ExtraUtilities,com.rwtema.extrautils.tileentity.generators.BlockGenerator,生存者发电机
ExtraUtilities:generator.8,490,true,ExtraUtilities,com.rwtema.extrautils.tileentity.generators.BlockGenerator,生存者发电机
ExtraUtilities:generator.64,491,true,ExtraUtilities,com.rwtema.extrautils.tileentity.generators.BlockGenerator,生存者发电机
ExtraUtilities:dark_portal,492,true,ExtraUtilities,com.rwtema.extrautils.block.BlockPortal,漆黑之门
ExtraUtilities:etherealglass,493,true,ExtraUtilities,com.rwtema.extrautils.block.BlockEtherealStone,天域玻璃
TConstruct:liquid.slime,494,true,TConstruct,tconstruct.blocks.slime.SlimeFluid,液态史莱姆
TConstruct:MeatBlock,495,true,TConstruct,tconstruct.world.blocks.MeatBlock,火腿块
TConstruct:WoolSlab1,496,true,TConstruct,tconstruct.blocks.SlabBase,羊毛台阶
TConstruct:WoolSlab2,497,true,TConstruct,tconstruct.blocks.SlabBase,淡灰色羊毛台阶
TConstruct:trap.punji,498,true,TConstruct,tconstruct.blocks.traps.Punji,尖竹钉
TConstruct:trap.barricade.oak,499,true,TConstruct,tconstruct.blocks.traps.BarricadeBlock,橡木篱笆
TConstruct:trap.barricade.spruce,500,true,TConstruct,tconstruct.blocks.traps.BarricadeBlock,云杉木篱笆
TConstruct:trap.barricade.birch,501,true,TConstruct,tconstruct.blocks.traps.BarricadeBlock,白桦木篱笆
TConstruct:trap.barricade.jungle,502,true,TConstruct,tconstruct.blocks.traps.BarricadeBlock,丛林木篱笆
TConstruct:explosive.slime,503,true,TConstruct,tconstruct.world.blocks.SlimeExplosive,SDX黏性炸药
TConstruct:slime.gel,504,true,TConstruct,tconstruct.blocks.slime.SlimeGel,蓝色凝固史莱姆块
TConstruct:slime.grass,505,true,TConstruct,tconstruct.blocks.slime.SlimeGrass,史莱姆草方块
TConstruct:slime.grass.tall,506,true,TConstruct,tconstruct.blocks.slime.SlimeTallGrass,史莱姆草
TConstruct:slime.leaves,507,true,TConstruct,tconstruct.blocks.slime.SlimeLeaves,史莱姆树叶
TConstruct:slime.sapling,508,true,TConstruct,tconstruct.blocks.slime.SlimeSapling,史莱姆树苗
TConstruct:slime.channel,509,true,TConstruct,tconstruct.world.blocks.ConveyorBase,史莱姆通道
TConstruct:blood.channel,510,true,TConstruct,tconstruct.world.blocks.ConveyorBase,血通道
TConstruct:slime.pad,511,true,TConstruct,tconstruct.world.blocks.SlimePad,弹跳板
TConstruct:decoration.stonetorch,512,true,TConstruct,tconstruct.world.blocks.StoneTorch,石柄火把
TConstruct:decoration.stoneladder,513,true,TConstruct,tconstruct.world.blocks.StoneLadder,石头梯子
TConstruct:decoration.multibrick,514,true,TConstruct,tconstruct.tools.blocks.MultiBrick,黑曜石砖块
TConstruct:decoration.multibrickfancy,515,true,TConstruct,tconstruct.tools.blocks.MultiBrickFancy,精致黑曜石砖块
TConstruct:decoration.multibrickmetal,516,true,TConstruct,tconstruct.tools.blocks.MultiBrickMetal,锌曜钢砖块
TConstruct:ore.berries.one,517,true,TConstruct,tconstruct.world.blocks.OreberryBush,铁矿莓丛
TConstruct:ore.berries.two,518,true,TConstruct,tconstruct.world.blocks.OreberryBushEssence,铝矿莓丛
TConstruct:SearedBrick,519,true,TConstruct,tconstruct.smeltery.blocks.MetalOre,地狱岩碎片
TConstruct:GravelOre,520,true,TConstruct,tconstruct.world.blocks.GravelOre,铁矿沙砾
TConstruct:MetalBlock,521,true,TConstruct,tconstruct.world.blocks.TMetalBlock,钴块
TConstruct:ToolStationBlock,522,true,TConstruct,tconstruct.tools.blocks.ToolStationBlock,工具组装台
TConstruct:ToolForgeBlock,523,true,TConstruct,tconstruct.tools.blocks.ToolForgeBlock,工具装配台
TConstruct:CraftingStation,524,true,TConstruct,tconstruct.tools.blocks.CraftingStationBlock,合成站
TConstruct:CraftingSlab,525,true,TConstruct,tconstruct.tools.blocks.CraftingSlab,合成站
TConstruct:FurnaceSlab,526,true,TConstruct,tconstruct.tools.blocks.FurnaceSlab,半砖熔炉
TConstruct:HeldItemBlock,527,true,TConstruct,tconstruct.tools.blocks.EquipBlock,煎锅
TConstruct:BattleSignBlock,528,true,TConstruct,tconstruct.tools.blocks.BattlesignBlock,战斗牌子
TConstruct:CraftedSoil,529,true,TConstruct,tconstruct.world.blocks.SoilBlock,黏滑泥泞
TConstruct:fluid.molten.iron,530,true,TConstruct,tconstruct.smeltery.blocks.TConstructFluid,熔融铁
TConstruct:fluid.molten.gold,531,true,TConstruct,tconstruct.smeltery.blocks.TConstructFluid,熔融金
TConstruct:fluid.molten.copper,532,true,TConstruct,tconstruct.smeltery.blocks.TConstructFluid,熔融铜
TConstruct:fluid.molten.tin,533,true,TConstruct,tconstruct.smeltery.blocks.TConstructFluid,熔融锡
TConstruct:fluid.molten.aluminum,534,true,TConstruct,tconstruct.smeltery.blocks.TConstructFluid,熔融铝
TConstruct:fluid.molten.cobalt,535,true,TConstruct,tconstruct.smeltery.blocks.TConstructFluid,熔融钴
TConstruct:fluid.molten.ardite,536,true,TConstruct,tconstruct.smeltery.blocks.TConstructFluid,熔融阿迪特
TConstruct:fluid.molten.bronze,537,true,TConstruct,tconstruct.smeltery.blocks.TConstructFluid,熔融青铜
TConstruct:fluid.molten.alubrass,538,true,TConstruct,tconstruct.smeltery.blocks.TConstructFluid,熔融铝黄铜
TConstruct:fluid.molten.manyullyn,539,true,TConstruct,tconstruct.smeltery.blocks.TConstructFluid,熔融玛玉灵
TConstruct:fluid.molten.alumite,540,true,TConstruct,tconstruct.smeltery.blocks.TConstructFluid,熔融锌曜钢
TConstruct:fluid.molten.obsidian,541,true,TConstruct,tconstruct.smeltery.blocks.TConstructFluid,熔融黑曜石
TConstruct:fluid.molten.steel,542,true,TConstruct,tconstruct.smeltery.blocks.TConstructFluid,熔融钢
TConstruct:fluid.molten.glass,543,true,TConstruct,tconstruct.smeltery.blocks.TConstructFluid,熔融玻璃
TConstruct:molten.stone,544,true,TConstruct,tconstruct.smeltery.blocks.TConstructFluid,熔融石头
TConstruct:molten.emerald,545,true,TConstruct,tconstruct.smeltery.blocks.TConstructFluid,熔融绿宝石
TConstruct:molten.quartz,546,true,TConstruct,tconstruct.smeltery.blocks.TConstructFluid,熔融下界石英
TConstruct:fluid.molten.nickel,547,true,TConstruct,tconstruct.smeltery.blocks.TConstructFluid,熔融镍
TConstruct:fluid.molten.lead,548,true,TConstruct,tconstruct.smeltery.blocks.TConstructFluid,熔融铅
TConstruct:fluid.molten.silver,549,true,TConstruct,tconstruct.smeltery.blocks.TConstructFluid,熔融银
TConstruct:fluid.molten.shiny,550,true,TConstruct,tconstruct.smeltery.blocks.TConstructFluid,熔融铂金
TConstruct:fluid.molten.invar,551,true,TConstruct,tconstruct.smeltery.blocks.TConstructFluid,熔融殷钢
TConstruct:fluid.molten.electrum,552,true,TConstruct,tconstruct.smeltery.blocks.TConstructFluid,熔融琥珀金
TConstruct:fluid.ender,553,true,TConstruct,tconstruct.smeltery.blocks.TConstructFluid,熔融末影珍珠
TConstruct:fluid.molten.lumium,554,true,TConstruct,tconstruct.smeltery.blocks.TConstructFluid,熔融流明
TConstruct:fluid.molten.signalum,555,true,TConstruct,tconstruct.smeltery.blocks.TConstructFluid,熔融信素
TConstruct:fluid.molten.mithril,556,true,TConstruct,tconstruct.smeltery.blocks.TConstructFluid,熔融蕴魔金属
TConstruct:fluid.molten.enderium,557,true,TConstruct,tconstruct.smeltery.blocks.TConstructFluid,熔融末影
TConstruct:liquid.blood,558,true,TConstruct,tconstruct.smeltery.blocks.BloodBlock,血
TConstruct:liquid.glue,559,true,TConstruct,tconstruct.smeltery.blocks.GlueFluid,凝胶
TConstruct:fluid.molten.pigiron,560,true,TConstruct,tconstruct.smeltery.blocks.PigIronMoltenBlock,熔融生铁
TConstruct:SearedSlab,561,true,TConstruct,tconstruct.smeltery.blocks.SearedSlab,焦黑砖块台阶
TConstruct:SpeedSlab,562,true,TConstruct,tconstruct.smeltery.blocks.SpeedSlab,粗质褐岩台阶
TConstruct:GlueBlock,563,true,TConstruct,tconstruct.smeltery.blocks.GlueBlock,凝胶方块
TConstruct:Smeltery,564,true,TConstruct,tconstruct.smeltery.blocks.SmelteryBlock,冶炼炉控制器
TConstruct:SmelteryNether,565,true,TConstruct,tconstruct.smeltery.blocks.SmelteryBlock,冶炼炉控制器
TConstruct:LavaTank,566,true,TConstruct,tconstruct.smeltery.blocks.LavaTankBlock,焦黑储罐
TConstruct:LavaTankNether,567,true,TConstruct,tconstruct.smeltery.blocks.LavaTankBlock,焦黑储罐
TConstruct:SearedBlock,568,true,TConstruct,tconstruct.smeltery.blocks.SearedBlock,浇铸台
TConstruct:SearedBlockNether,569,true,TConstruct,tconstruct.smeltery.blocks.SearedBlock,浇铸台
TConstruct:CastingChannel,570,true,TConstruct,tconstruct.smeltery.blocks.CastingChannelBlock,浇注道
TConstruct:SpeedBlock,571,true,TConstruct,tconstruct.smeltery.blocks.SpeedBlock,粗质褐岩
TConstruct:GlassBlock,572,true,TConstruct,tconstruct.smeltery.blocks.GlassBlockConnected,通透玻璃
TConstruct:GlassPane,573,true,TConstruct,tconstruct.smeltery.blocks.GlassPaneConnected,通透玻璃板
TConstruct:GlassBlock.StainedClear,574,true,TConstruct,tconstruct.smeltery.blocks.GlassBlockConnectedMeta,白色玻璃
TConstruct:GlassPaneClearStained,575,true,TConstruct,tconstruct.smeltery.blocks.GlassPaneConnectedMeta,白色玻璃板
TConstruct:Redstone.Landmine,576,true,TConstruct,tconstruct.mechworks.blocks.BlockLandmine,地雷
TConstruct:Armor.DryingRack,577,true,TConstruct,tconstruct.armor.blocks.DryingRack,晾干架
adventurebackpack:blockBackpack,578,true,adventurebackpack,com.darkona.adventurebackpack.block.BlockAdventureBackpack,探险背包
adventurebackpack:blockSleepingBag,579,true,adventurebackpack,com.darkona.adventurebackpack.block.BlockSleepingBag,睡袋
adventurebackpack:blockCampFire,580,true,adventurebackpack,com.darkona.adventurebackpack.block.BlockCampFire,篝火
appliedenergistics2:tile.OreQuartz,581,true,appliedenergistics2,appeng.block.solids.OreQuartz,赛特斯石英矿石
appliedenergistics2:tile.OreQuartzCharged,582,true,appliedenergistics2,appeng.block.solids.OreQuartzCharged,充能赛特斯石英矿石
appliedenergistics2:tile.BlockMatrixFrame,583,true,appliedenergistics2,appeng.block.spatial.BlockMatrixFrame,矩阵框架
appliedenergistics2:tile.BlockQuartz,584,true,appliedenergistics2,appeng.block.solids.BlockQuartz,赛特斯石英块
appliedenergistics2:tile.BlockQuartzPillar,585,true,appliedenergistics2,appeng.block.solids.BlockQuartzPillar,赛特斯竖纹石英块
appliedenergistics2:tile.BlockQuartzChiseled,586,true,appliedenergistics2,appeng.block.solids.BlockQuartzChiseled,錾制赛特斯石英块
appliedenergistics2:tile.BlockQuartzGlass,587,true,appliedenergistics2,appeng.block.solids.BlockQuartzGlass,石英玻璃
appliedenergistics2:tile.BlockQuartzLamp,588,true,appliedenergistics2,appeng.block.solids.BlockQuartzLamp,聚能石英玻璃
appliedenergistics2:tile.BlockQuartzTorch,589,true,appliedenergistics2,appeng.block.misc.BlockQuartzTorch,充能石英火把
appliedenergistics2:tile.BlockFluix,590,true,appliedenergistics2,appeng.block.solids.BlockFluix,福鲁伊克斯块
appliedenergistics2:tile.BlockSkyStone,591,true,appliedenergistics2,appeng.block.solids.BlockSkyStone,陨石
appliedenergistics2:tile.BlockSkyChest,592,true,appliedenergistics2,appeng.block.storage.BlockSkyChest,陨石箱子
appliedenergistics2:tile.BlockSkyCompass,593,true,appliedenergistics2,appeng.block.misc.BlockSkyCompass,陨石罗盘
appliedenergistics2:tile.BlockInscriber,594,true,appliedenergistics2,appeng.block.misc.BlockInscriber,压印器
appliedenergistics2:tile.BlockAdvancedInscriber,595,true,appliedenergistics2,appeng.block.misc.BlockAdvancedInscriber,高级压印器
appliedenergistics2:tile.BlockWireless,596,true,appliedenergistics2,appeng.block.networking.BlockWireless,ME无线访问点
appliedenergistics2:tile.BlockCharger,597,true,appliedenergistics2,appeng.block.misc.BlockCharger,充能器
appliedenergistics2:tile.BlockTinyTNT,598,true,appliedenergistics2,appeng.block.misc.BlockTinyTNT,迷你TNT
appliedenergistics2:tile.BlockSecurity,599,true,appliedenergistics2,appeng.block.misc.BlockSecurity,ME安全终端
appliedenergistics2:tile.BlockStorageReshuffle,600,true,appliedenergistics2,appeng.block.misc.BlockStorageReshuffle,ME存储整理器
appliedenergistics2:tile.BlockQuantumRing,601,true,appliedenergistics2,appeng.block.qnb.BlockQuantumRing,ME量子环
appliedenergistics2:tile.BlockQuantumLinkChamber,602,true,appliedenergistics2,appeng.block.qnb.BlockQuantumLinkChamber,ME量子链接仓
appliedenergistics2:tile.BlockSpatialPylon,603,true,appliedenergistics2,appeng.block.spatial.BlockSpatialPylon,空间塔
appliedenergistics2:tile.BlockSpatialIOPort,604,true,appliedenergistics2,appeng.block.spatial.BlockSpatialIOPort,空间IO端口
appliedenergistics2:tile.BlockSpatialLinkChamber,605,true,appliedenergistics2,appeng.block.spatial.BlockSpatialLinkChamber,空间链接舱
appliedenergistics2:tile.BlockSpatialNetworkRelay,606,true,appliedenergistics2,appeng.block.spatial.BlockSpatialNetworkRelay,空间网络中继
appliedenergistics2:tile.BlockCableBus,607,true,appliedenergistics2,appeng.block.networking.BlockCableBus,AE线缆/总线
appliedenergistics2:tile.BlockController,608,true,appliedenergistics2,appeng.block.networking.BlockController,ME控制器
appliedenergistics2:tile.BlockCreativeEnergyController,609,true,appliedenergistics2,appeng.block.networking.BlockCreativeEnergyController,ME中子注入控制器
appliedenergistics2:tile.BlockDrive,610,true,appliedenergistics2,appeng.block.storage.BlockDrive,ME驱动器
appliedenergistics2:tile.BlockChest,611,true,appliedenergistics2,appeng.block.storage.BlockChest,ME箱子
appliedenergistics2:tile.BlockInterface,612,true,appliedenergistics2,appeng.block.misc.BlockInterface,ME接口
appliedenergistics2:tile.BlockCellWorkbench,613,true,appliedenergistics2,appeng.block.misc.BlockCellWorkbench,元件工作台
appliedenergistics2:tile.BlockIOPort,614,true,appliedenergistics2,appeng.block.storage.BlockIOPort,ME-IO端口
appliedenergistics2:tile.BlockCondenser,615,true,appliedenergistics2,appeng.block.misc.BlockCondenser,物质聚合器
appliedenergistics2:tile.BlockEnergyAcceptor,616,true,appliedenergistics2,appeng.block.networking.BlockEnergyAcceptor,能源接收器
appliedenergistics2:tile.BlockVibrationChamber,617,true,appliedenergistics2,appeng.block.misc.BlockVibrationChamber,谐振仓
appliedenergistics2:tile.BlockQuartzGrowthAccelerator,618,true,appliedenergistics2,appeng.block.misc.BlockQuartzGrowthAccelerator,晶体催生器
appliedenergistics2:tile.BlockEnergyCell,619,true,appliedenergistics2,appeng.block.networking.BlockEnergyCell,能源元件
appliedenergistics2:tile.BlockDenseEnergyCell,620,true,appliedenergistics2,appeng.block.networking.BlockDenseEnergyCell,致密能源元件
appliedenergistics2:tile.BlockCreativeEnergyCell,621,true,appliedenergistics2,appeng.block.networking.BlockCreativeEnergyCell,中子能源元件
appliedenergistics2:tile.BlockCraftingUnit,622,true,appliedenergistics2,appeng.block.crafting.BlockCraftingUnit,合成单元
appliedenergistics2:tile.BlockAdvancedCraftingUnit,623,true,appliedenergistics2,appeng.block.crafting.BlockAdvancedCraftingUnit,64核并行处理单元
appliedenergistics2:tile.BlockCraftingStorage,624,true,appliedenergistics2,appeng.block.crafting.BlockCraftingStorage,1k合成存储器
appliedenergistics2:tile.BlockAdvancedCraftingStorage,625,true,appliedenergistics2,appeng.block.crafting.BlockAdvancedCraftingStorage,256k合成存储器
appliedenergistics2:tile.BlockSingularityCraftingStorage,626,true,appliedenergistics2,appeng.block.crafting.BlockSingularityCraftingStorage,奇点合成存储器
appliedenergistics2:tile.BlockCraftingMonitor,627,true,appliedenergistics2,appeng.block.crafting.BlockCraftingMonitor,合成监控器
appliedenergistics2:tile.BlockMolecularAssembler,628,true,appliedenergistics2,appeng.block.crafting.BlockMolecularAssembler,分子装配室
appliedenergistics2:tile.BlockLightDetector,629,true,appliedenergistics2,appeng.block.misc.BlockLightDetector,光亮探测器
appliedenergistics2:tile.BlockPaint,630,true,appliedenergistics2,appeng.block.misc.BlockPaint,染色
appliedenergistics2:tile.BlockPatternOptimizationMatrix,631,true,appliedenergistics2,appeng.block.misc.BlockPatternOptimizationMatrix,样板优化矩阵
appliedenergistics2:tile.SkyStoneStairBlock,632,true,appliedenergistics2,appeng.block.stair.SkyStoneStairBlock,陨石楼梯
appliedenergistics2:tile.SkyStoneBlockStairBlock,633,true,appliedenergistics2,appeng.block.stair.SkyStoneBlockStairBlock,陨石块楼梯
appliedenergistics2:tile.SkyStoneBrickStairBlock,634,true,appliedenergistics2,appeng.block.stair.SkyStoneBrickStairBlock,陨石石砖楼梯
appliedenergistics2:tile.SkyStoneSmallBrickStairBlock,635,true,appliedenergistics2,appeng.block.stair.SkyStoneSmallBrickStairBlock,陨石砖块楼梯
appliedenergistics2:tile.FluixStairBlock,636,true,appliedenergistics2,appeng.block.stair.FluixStairBlock,福鲁伊克斯楼梯
appliedenergistics2:tile.QuartzStairBlock,637,true,appliedenergistics2,appeng.block.stair.QuartzStairBlock,赛特斯石英楼梯
appliedenergistics2:tile.ChiseledQuartzStairBlock,638,true,appliedenergistics2,appeng.block.stair.ChiseledQuartzStairBlock,錾制赛特斯石英楼梯
appliedenergistics2:tile.QuartzPillarStairBlock,639,true,appliedenergistics2,appeng.block.stair.QuartzPillarStairBlock,竖纹赛特斯石英楼梯
appliedenergistics2:tile.SkyStoneSlabBlock,640,true,appliedenergistics2,appeng.block.AEBaseSlabBlock,陨石台阶
appliedenergistics2:tile.SkyStoneSlabBlock.double,641,true,appliedenergistics2,appeng.block.AEBaseSlabBlock,陨石台阶
appliedenergistics2:tile.SkyStoneBlockSlabBlock,642,true,appliedenergistics2,appeng.block.AEBaseSlabBlock,陨石块台阶
appliedenergistics2:tile.SkyStoneBlockSlabBlock.double,643,true,appliedenergistics2,appeng.block.AEBaseSlabBlock,陨石块台阶
appliedenergistics2:tile.SkyStoneBrickSlabBlock,644,true,appliedenergistics2,appeng.block.AEBaseSlabBlock,陨石石砖台阶
appliedenergistics2:tile.SkyStoneBrickSlabBlock.double,645,true,appliedenergistics2,appeng.block.AEBaseSlabBlock,陨石石砖台阶
appliedenergistics2:tile.SkyStoneSmallBrickSlabBlock,646,true,appliedenergistics2,appeng.block.AEBaseSlabBlock,陨石砖块台阶
appliedenergistics2:tile.SkyStoneSmallBrickSlabBlock.double,647,true,appliedenergistics2,appeng.block.AEBaseSlabBlock,陨石砖块台阶
appliedenergistics2:tile.FluixSlabBlock,648,true,appliedenergistics2,appeng.block.AEBaseSlabBlock,福鲁伊克斯台阶
appliedenergistics2:tile.FluixSlabBlock.double,649,true,appliedenergistics2,appeng.block.AEBaseSlabBlock,福鲁伊克斯台阶
appliedenergistics2:tile.QuartzSlabBlock,650,true,appliedenergistics2,appeng.block.AEBaseSlabBlock,赛特斯石英台阶
appliedenergistics2:tile.QuartzSlabBlock.double,651,true,appliedenergistics2,appeng.block.AEBaseSlabBlock,赛特斯石英台阶
appliedenergistics2:tile.ChiseledQuartzSlabBlock,652,true,appliedenergistics2,appeng.block.AEBaseSlabBlock,錾制赛特斯石英台阶
appliedenergistics2:tile.ChiseledQuartzSlabBlock.double,653,true,appliedenergistics2,appeng.block.AEBaseSlabBlock,錾制赛特斯石英台阶
appliedenergistics2:tile.QuartzPillarSlabBlock,654,true,appliedenergistics2,appeng.block.AEBaseSlabBlock,竖纹赛特斯石英台阶
appliedenergistics2:tile.QuartzPillarSlabBlock.double,655,true,appliedenergistics2,appeng.block.AEBaseSlabBlock,竖纹赛特斯石英台阶
appliedenergistics2:tile.BlockWirelessConnector,656,true,appliedenergistics2,appeng.block.networking.BlockWirelessConnector,无线接入器
appliedenergistics2:tile.BlockWirelessHub,657,true,appliedenergistics2,appeng.block.networking.BlockWirelessHub,无线集线器
appliedenergistics2:tile.BlockCrystalGrowthChamber,658,true,appliedenergistics2,appeng.block.misc.BlockCrystalGrowthChamber,晶体催生仓
thaumicenergistics:thaumicenergistics.block.essentia.provider,659,true,thaumicenergistics,thaumicenergistics.common.blocks.BlockEssentiaProvider,源质供应器
thaumicenergistics:thaumicenergistics.block.infusion.provider,660,true,thaumicenergistics,thaumicenergistics.common.blocks.BlockInfusionProvider,注魔供应器
thaumicenergistics:thaumicenergistics.block.advanced.infusion.provider,661,true,thaumicenergistics,thaumicenergistics.common.blocks.BlockAdvancedInfusionProvider,高级注魔供应器
thaumicenergistics:thaumicenergistics.block.gear.box,662,true,thaumicenergistics,thaumicenergistics.common.blocks.BlockGearBox,铁齿轮箱
thaumicenergistics:thaumicenergistics.block.golem.gear.box,663,true,thaumicenergistics,thaumicenergistics.common.blocks.BlockGolemGearBox,神秘齿轮箱
thaumicenergistics:thaumicenergistics.block.arcane.assembler,664,true,thaumicenergistics,thaumicenergistics.common.blocks.BlockArcaneAssembler,奥术装配室
thaumicenergistics:thaumicenergistics.block.knowledge.inscriber,665,true,thaumicenergistics,thaumicenergistics.common.blocks.BlockKnowledgeInscriber,知识记录仪
thaumicenergistics:thaumicenergistics.block.essentia.vibration.chamber,666,true,thaumicenergistics,thaumicenergistics.common.blocks.BlockEssentiaVibrationChamber,源质谐振仓
thaumicenergistics:thaumicenergistics.block.distillation.encoder,667,true,thaumicenergistics,thaumicenergistics.common.blocks.BlockDistillationEncoder,蒸馏编码台
ae2fc:certus_quartz_tank,668,true,ae2fc,com.glodblock.github.common.block.BlockCertusQuartzTank,赛特斯石英水槽
ae2fc:fluid_auto_filler,669,true,ae2fc,com.glodblock.github.common.block.BlockFluidAutoFiller,ME流体自动装填器
ae2fc:level_maintainer,670,true,ae2fc,com.glodblock.github.common.block.BlockLevelMaintainer,ME请求器
ae2fc:fluid_pattern_encoder,671,true,ae2fc,com.glodblock.github.common.block.BlockFluidPatternEncoder,流体样板编码台
ae2fc:fluid_packet_decoder,672,true,ae2fc,com.glodblock.github.common.block.BlockFluidPacketDecoder,ME流体封包解码器
ae2fc:fluid_interface,673,true,ae2fc,com.glodblock.github.common.block.BlockFluidInterface,ME二合一接口
ae2fc:ingredient_buffer,674,true,ae2fc,com.glodblock.github.common.block.BlockIngredientBuffer,原材料缓存仓
ae2fc:fluid_buffer,675,true,ae2fc,com.glodblock.github.common.block.BlockFluidBuffer,ME流体缓存器
ae2fc:large_ingredient_buffer,676,true,ae2fc,com.glodblock.github.common.block.BlockLargeIngredientBuffer,大型原材料缓存仓
ae2fc:oc_pattern_editor,677,true,ae2fc,com.glodblock.github.common.block.BlockOCPatternEditor,OC样板编辑器
ae2fc:walrus,678,true,ae2fc,com.glodblock.github.common.block.BlockWalrus,海象
ae2fc:super_stock_replenisher,679,true,ae2fc,com.glodblock.github.common.block.BlockSuperStockReplenisher,超级库存补充器
AFSU:AFSU,680,true,AFSU,xbony2.afsu.blocks.AFSUBlock,AFSU
alchgrate:alchgrate,681,true,alchgrate,com.technicianlp.chestgrate.BlockChestGrate,炼金格栅
amazingtrophies:trophy,682,true,amazingtrophies,glowredman.amazingtrophies.trophy.BlockTrophy,未知奖杯
BuildCraft|Energy:blockOil,683,true,BuildCraft|Energy,buildcraft.core.lib.block.BlockBuildCraftFluid,石油
BuildCraft|Energy:blockFuel,684,true,BuildCraft|Energy,buildcraft.core.lib.block.BlockBuildCraftFluid,燃油
BuildCraft|Energy:blockRedPlasma,685,true,BuildCraft|Energy,buildcraft.core.lib.block.BlockBuildCraftFluid,红色等离子体方块
GalacticraftCore:tile.landingPad,686,true,GalacticraftCore,micdoodle8.mods.galacticraft.core.blocks.BlockLandingPad,火箭发射平台
GalacticraftCore:tile.landingPadFull,687,true,GalacticraftCore,micdoodle8.mods.galacticraft.core.blocks.BlockLandingPadFull,火箭发射平台
GalacticraftCore:tile.unlitTorch,688,true,GalacticraftCore,micdoodle8.mods.galacticraft.core.blocks.BlockUnlitTorch,火把
GalacticraftCore:tile.unlitTorchLit,689,true,GalacticraftCore,micdoodle8.mods.galacticraft.core.blocks.BlockUnlitTorch,火把
GalacticraftCore:tile.breatheableAir,690,true,GalacticraftCore,micdoodle8.mods.galacticraft.core.blocks.BlockBreathableAir,可呼吸空气
GalacticraftCore:tile.brightAir,691,true,GalacticraftCore,micdoodle8.mods.galacticraft.core.blocks.BlockBrightAir,清澈的空气
GalacticraftCore:tile.brightBreathableAir,692,true,GalacticraftCore,micdoodle8.mods.galacticraft.core.blocks.BlockBrightBreathableAir,清澈的可呼吸空气
GalacticraftCore:tile.oxygenCollector,693,true,GalacticraftCore,micdoodle8.mods.galacticraft.core.blocks.BlockOxygenCollector,氧气收集器
GalacticraftCore:tile.oxygenCompressor,694,true,GalacticraftCore,micdoodle8.mods.galacticraft.core.blocks.BlockOxygenCompressor,氧气压缩机
GalacticraftCore:tile.distributor,695,true,GalacticraftCore,micdoodle8.mods.galacticraft.core.blocks.BlockOxygenDistributor,氧气分配器
GalacticraftCore:tile.sealer,696,true,GalacticraftCore,micdoodle8.mods.galacticraft.core.blocks.BlockOxygenSealer,氧气供给器
GalacticraftCore:tile.oxygenDetector,697,true,GalacticraftCore,micdoodle8.mods.galacticraft.core.blocks.BlockOxygenDetector,氧气探测器
GalacticraftCore:tile.oxygenPipe,698,true,GalacticraftCore,micdoodle8.mods.galacticraft.core.blocks.BlockOxygenPipe,氧气管道
GalacticraftCore:tile.refinery,699,true,GalacticraftCore,micdoodle8.mods.galacticraft.core.blocks.BlockRefinery,精炼机
GalacticraftCore:tile.fuelLoader,700,true,GalacticraftCore,micdoodle8.mods.galacticraft.core.blocks.BlockFuelLoader,燃料注入器
GalacticraftCore:tile.cargo,701,true,GalacticraftCore,micdoodle8.mods.galacticraft.core.blocks.BlockCargoLoader,货物加载器
GalacticraftCore:tile.rocketWorkbench,702,true,GalacticraftCore,micdoodle8.mods.galacticraft.core.blocks.BlockNasaWorkbench,NASA工作台
GalacticraftCore:tile.gcBlockCore,703,true,GalacticraftCore,micdoodle8.mods.galacticraft.core.blocks.BlockBasic,tile.gcBlockCore.null.name
GalacticraftCore:tile.airLockFrame,704,true,GalacticraftCore,micdoodle8.mods.galacticraft.core.blocks.BlockAirLockFrame,气密框架
GalacticraftCore:tile.airLockSeal,705,true,GalacticraftCore,micdoodle8.mods.galacticraft.core.blocks.BlockAirLockWall,气密闸
GalacticraftCore:tile.enclosed,706,true,GalacticraftCore,micdoodle8.mods.galacticraft.core.blocks.BlockEnclosed,tile.enclosed.null.name
GalacticraftCore:tile.spaceStationBase,707,true,GalacticraftCore,micdoodle8.mods.galacticraft.core.blocks.BlockSpaceStationBase,空间站到达方块
GalacticraftCore:tile.dummyblock,708,true,GalacticraftCore,micdoodle8.mods.galacticraft.core.blocks.BlockMulti,tile.dummyblock.null.name
GalacticraftCore:tile.parachest,709,true,GalacticraftCore,micdoodle8.mods.galacticraft.core.blocks.BlockParaChest,伞降箱
GalacticraftCore:tile.solar,710,true,GalacticraftCore,micdoodle8.mods.galacticraft.core.blocks.BlockSolar,基础太阳能板
GalacticraftCore:tile.dish,711,true,GalacticraftCore,micdoodle8.mods.galacticraft.core.blocks.BlockDish,通讯雷达
GalacticraftCore:tile.machine,712,true,GalacticraftCore,micdoodle8.mods.galacticraft.core.blocks.BlockMachine,燃煤发电机
GalacticraftCore:tile.machine2,713,true,GalacticraftCore,micdoodle8.mods.galacticraft.core.blocks.BlockMachine2,电动压缩机
GalacticraftCore:tile.machineTiered,714,true,GalacticraftCore,micdoodle8.mods.galacticraft.core.blocks.BlockMachineTiered,能量存储模块
GalacticraftCore:tile.aluminumWire,715,true,GalacticraftCore,micdoodle8.mods.galacticraft.core.blocks.BlockAluminumWire,铝线
GalacticraftCore:tile.glowstoneTorch,716,true,GalacticraftCore,micdoodle8.mods.galacticraft.core.blocks.BlockGlowstoneTorch,荧石火把
GalacticraftCore:tile.fallenMeteor,717,true,GalacticraftCore,micdoodle8.mods.galacticraft.core.blocks.BlockFallenMeteor,陨石
GalacticraftCore:tile.moonBlock,718,true,GalacticraftCore,micdoodle8.mods.galacticraft.core.blocks.BlockBasicMoon,铜矿石
GalacticraftCore:tile.cheeseBlock,719,true,GalacticraftCore,micdoodle8.mods.galacticraft.core.blocks.BlockCheese,奶酪块
GalacticraftCore:tile.spinThruster,720,true,GalacticraftCore,micdoodle8.mods.galacticraft.core.blocks.BlockSpinThruster,旋转推进器
GalacticraftCore:tile.viewScreen,721,true,GalacticraftCore,micdoodle8.mods.galacticraft.core.blocks.BlockScreen,显示屏
GalacticraftCore:tile.telemetry,722,true,GalacticraftCore,micdoodle8.mods.galacticraft.core.blocks.BlockTelemetry,遥感装置
GalacticraftCore:tile.arclamp,723,true,GalacticraftCore,micdoodle8.mods.galacticraft.core.blocks.BlockBrightLamp,弧光灯
GalacticraftCore:tile.treasureChest,724,true,GalacticraftCore,micdoodle8.mods.galacticraft.core.blocks.BlockT1TreasureChest,珍品箱
GalacticraftCore:tile.tinStairs1,725,true,GalacticraftCore,micdoodle8.mods.galacticraft.core.blocks.BlockStairsGC,装饰锡制楼梯
GalacticraftCore:tile.tinStairs2,726,true,GalacticraftCore,micdoodle8.mods.galacticraft.core.blocks.BlockStairsGC,装饰锡制楼梯
GalacticraftCore:tile.moonStoneStairs,727,true,GalacticraftCore,micdoodle8.mods.galacticraft.core.blocks.BlockStairsGC,月球石头楼梯
GalacticraftCore:tile.moonBricksStairs,728,true,GalacticraftCore,micdoodle8.mods.galacticraft.core.blocks.BlockStairsGC,月球地牢砖块楼梯
GalacticraftCore:tile.wallGC,729,true,GalacticraftCore,micdoodle8.mods.galacticraft.core.blocks.BlockWallGC,装饰锡制墙
GalacticraftCore:slabGCHalf,730,true,GalacticraftCore,micdoodle8.mods.galacticraft.core.blocks.BlockSlabGC,装饰锡制台阶
GalacticraftCore:slabGCDouble,731,true,GalacticraftCore,micdoodle8.mods.galacticraft.core.blocks.BlockSlabGC,tile.slabGCDouble.tinSlab.name
GalacticraftCore:tile.unlitTorch_Stone,732,true,GalacticraftCore,micdoodle8.mods.galacticraft.core.blocks.BlockUnlitTorch,石柄火把
GalacticraftCore:tile.unlitTorchLit_Stone,733,true,GalacticraftCore,micdoodle8.mods.galacticraft.core.blocks.BlockUnlitTorch,石柄火把
GalacticraftMars:tile.treasureT2,734,true,GalacticraftMars,micdoodle8.mods.galacticraft.planets.mars.blocks.BlockTier2TreasureChest,2阶宝箱
GalacticraftMars:tile.treasureT3,735,true,GalacticraftMars,micdoodle8.mods.galacticraft.planets.asteroids.blocks.BlockTier3TreasureChest,3阶宝箱
GalacticraftMars:tile.asteroidsBlock,736,true,GalacticraftMars,micdoodle8.mods.galacticraft.planets.asteroids.blocks.BlockBasicAsteroids,行星岩
GalacticraftMars:tile.walkway,737,true,GalacticraftMars,micdoodle8.mods.galacticraft.planets.asteroids.blocks.BlockWalkway,通道
GalacticraftMars:tile.walkwayWire,738,true,GalacticraftMars,micdoodle8.mods.galacticraft.planets.asteroids.blocks.BlockWalkway,通道
GalacticraftMars:tile.walkwayOxygenPipe,739,true,GalacticraftMars,micdoodle8.mods.galacticraft.planets.asteroids.blocks.BlockWalkway,通道
GalacticraftMars:tile.beamReflector,740,true,GalacticraftMars,micdoodle8.mods.galacticraft.planets.asteroids.blocks.BlockBeamReflector,能量射束反射器
GalacticraftMars:tile.beamReceiver,741,true,GalacticraftMars,micdoodle8.mods.galacticraft.planets.asteroids.blocks.BlockBeamReceiver,能量射束接收器
GalacticraftMars:tile.telepadShort,742,true,GalacticraftMars,micdoodle8.mods.galacticraft.planets.asteroids.blocks.BlockShortRangeTelepad,短距离传送台
GalacticraftMars:tile.telepadFake,743,true,GalacticraftMars,micdoodle8.mods.galacticraft.planets.asteroids.blocks.BlockTelepadFake,短距离传送台
GalacticraftMars:tile.denseIce,744,true,GalacticraftMars,micdoodle8.mods.galacticraft.planets.asteroids.blocks.BlockIceAsteroids,坚冰
GalacticraftMars:tile.minerBase,745,true,GalacticraftMars,micdoodle8.mods.galacticraft.planets.asteroids.blocks.BlockMinerBase,太空采矿机基地方块
GalacticraftMars:tile.minerBaseFull,746,true,GalacticraftMars,micdoodle8.mods.galacticraft.planets.asteroids.blocks.BlockMinerBaseFull,太空采矿机基地
GalacticraftMars:tile.sludge,747,true,GalacticraftMars,micdoodle8.mods.galacticraft.planets.mars.blocks.BlockSludge,菌泥
GalacticraftMars:tile.mars,748,true,GalacticraftMars,micdoodle8.mods.galacticraft.planets.mars.blocks.BlockBasicMars,铜矿石
GalacticraftMars:tile.cavernVines,749,true,GalacticraftMars,micdoodle8.mods.galacticraft.planets.mars.blocks.BlockCavernousVine,岩穴藤蔓
GalacticraftMars:tile.slimelingEgg,750,true,GalacticraftMars,micdoodle8.mods.galacticraft.planets.mars.blocks.BlockSlimelingEgg,红色黏滑怪蛋
GalacticraftMars:tile.creeperEgg,751,true,GalacticraftMars,micdoodle8.mods.galacticraft.planets.mars.blocks.BlockCreeperEgg,苦力怕蛋
GalacticraftMars:tile.marsMachine,752,true,GalacticraftMars,micdoodle8.mods.galacticraft.planets.mars.blocks.BlockMachineMars,地形改造机
GalacticraftMars:tile.marsMachineT2,753,true,GalacticraftMars,micdoodle8.mods.galacticraft.planets.mars.blocks.BlockMachineMarsT2,气体液化器
GalacticraftMars:tile.marsCobblestoneStairs,754,true,GalacticraftMars,micdoodle8.mods.galacticraft.core.blocks.BlockStairsGC,火星圆石楼梯
GalacticraftMars:tile.marsDungeonBricksStairs,755,true,GalacticraftMars,micdoodle8.mods.galacticraft.core.blocks.BlockStairsGC,火星地牢砖楼梯
GalacticraftMars:tile.hydrogenPipe,756,true,GalacticraftMars,micdoodle8.mods.galacticraft.planets.mars.blocks.BlockHydrogenPipe,氢气管道
Natura:soil.tainted,757,true,Natura,mods.natura.blocks.nether.TaintedSoil,腐沙
Natura:heatsand,758,true,Natura,mods.natura.blocks.nether.HeatSand,热沙
Natura:NetherFurnace,759,true,Natura,mods.natura.blocks.tech.NetherrackFurnaceBlock,下界熔炉
Natura:Obelisk,760,true,Natura,mods.natura.blocks.tech.RespawnObelisk,方尖碑
Natura:NetherGlass,761,true,Natura,mods.natura.blocks.nether.NetherGlass,灵魂玻璃
Natura:BrailPowered,762,true,Natura,mods.natura.blocks.tech.BlazeRailPowered,充能烈焰轨道
Natura:BrailDetector,763,true,Natura,mods.natura.blocks.tech.BlazeRailDetector,探测烈焰轨道
Natura:Blazerail,764,true,Natura,mods.natura.blocks.tech.BlazeRail,烈焰轨道
Natura:BrailActivator,765,true,Natura,mods.natura.blocks.tech.BlazeRailPowered,触发烈焰轨道
Natura:NetherHopper,766,true,Natura,mods.natura.blocks.tech.BlazeHopper,漏斗
Natura:NetherPressurePlate,767,true,Natura,mods.natura.blocks.overrides.AlternatePressurePlate,压力板
Natura:NetherButton,768,true,Natura,mods.natura.blocks.overrides.NetherrackButton,按钮
Natura:NetherLever,769,true,Natura,mods.natura.blocks.overrides.NetherLever,拉杆
Natura:Thornvines,770,true,Natura,mods.natura.blocks.crops.ThornVines,荊藤
Natura:Glowshroom,771,true,Natura,mods.natura.blocks.crops.Glowshroom,绿色荧光菇
Natura:greenGlowshroom,772,true,Natura,mods.natura.blocks.crops.LargeGlowshroom,绿色荧光菇
Natura:purpleGlowshroom,773,true,Natura,mods.natura.blocks.crops.LargeGlowshroom,紫色荧光菇
Natura:blueGlowshroom,774,true,Natura,mods.natura.blocks.crops.LargeGlowshroom,蓝色荧光菇
Natura:NetherBerryBush,775,true,Natura,mods.natura.blocks.crops.NetherBerryBush,枯萎莓灌木
Natura:BerryBush,776,true,Natura,mods.natura.blocks.crops.BerryBush,覆盆子灌木
Natura:N Crops,777,true,Natura,mods.natura.blocks.crops.CropBlock,作物
Natura:Saguaro,778,true,Natura,mods.natura.blocks.trees.SaguaroBlock,巨型仙人掌
Natura:Bluebells,779,true,Natura,mods.natura.blocks.crops.FlowerBlock,蓝铃草
Natura:GrassBlock,780,true,Natura,mods.natura.blocks.GrassBlock,修饰草地
Natura:GrassSlab,781,true,Natura,mods.natura.blocks.GrassSlab,修饰草地台阶
Natura:GrassSlabDouble,782,true,Natura,mods.natura.blocks.GrassSlab,修饰草地台阶
Natura:Cloud,783,true,Natura,mods.natura.blocks.CloudBlock,云
Natura:Rare Sapling,784,true,Natura,mods.natura.blocks.trees.OverworldSapling,枫树树苗
Natura:florasapling,785,true,Natura,mods.natura.blocks.trees.NSaplingBlock,红木树苗
Natura:tree,786,true,Natura,mods.natura.blocks.trees.TreeBlock,桉树原木
Natura:redwood,787,true,Natura,mods.natura.blocks.trees.SimpleLog,红木树皮
Natura:willow,788,true,Natura,mods.natura.blocks.trees.WillowBlock,柳树原木
Natura:bloodwood,789,true,Natura,mods.natura.blocks.trees.LogTwoxTwo,血树
Natura:Rare Tree,790,true,Natura,mods.natura.blocks.trees.OverworldTreeBlock,枫树原木
Natura:Dark Tree,791,true,Natura,mods.natura.blocks.trees.DarkTreeBlock,黑暗树原木
Natura:floraleaves,792,true,Natura,mods.natura.blocks.trees.NLeaves,红木树叶
Natura:floraleavesnocolor,793,true,Natura,mods.natura.blocks.trees.NLeavesNocolor,樱花树树叶
Natura:Rare Leaves,794,true,Natura,mods.natura.blocks.trees.OverworldLeaves,枫树树叶
Natura:Dark Leaves,795,true,Natura,mods.natura.blocks.trees.NLeavesDark,黑暗树树叶
Natura:planks,796,true,Natura,mods.natura.blocks.trees.Planks,桉树木板
Natura:Natura.workbench,797,true,Natura,mods.natura.blocks.overrides.AlternateWorkbench,工作台
Natura:Natura.bookshelf,798,true,Natura,mods.natura.blocks.overrides.AlternateBookshelf,书架
Natura:stair.eucalyptus,799,true,Natura,mods.natura.blocks.NStairs,桉树楼梯
Natura:stair.sakura,800,true,Natura,mods.natura.blocks.NStairs,樱花树楼梯
Natura:stair.ghostwood,801,true,Natura,mods.natura.blocks.NStairs,幽魂树楼梯
Natura:stair.redwood,802,true,Natura,mods.natura.blocks.NStairs,红木楼梯
Natura:stair.bloodwood,803,true,Natura,mods.natura.blocks.NStairs,血树楼梯
Natura:stair.hopseed,804,true,Natura,mods.natura.blocks.NStairs,车桑子树楼梯
Natura:stair.maple,805,true,Natura,mods.natura.blocks.NStairs,枫树楼梯
Natura:stair.silverbell,806,true,Natura,mods.natura.blocks.NStairs,银铃树楼梯
Natura:stair.amaranth,807,true,Natura,mods.natura.blocks.NStairs,紫檀树楼梯
Natura:stair.tiger,808,true,Natura,mods.natura.blocks.NStairs,核桃树楼梯
Natura:stair.willow,809,true,Natura,mods.natura.blocks.NStairs,柳树楼梯
Natura:stair.darkwood,810,true,Natura,mods.natura.blocks.NStairs,黑暗树楼梯
Natura:stair.fusewood,811,true,Natura,mods.natura.blocks.NStairs,熔融树楼梯
Natura:plankSlab1Double,812,true,Natura,mods.natura.blocks.PlankSlab1,桉树台阶
Natura:plankSlab1,813,true,Natura,mods.natura.blocks.PlankSlab1,桉树台阶
Natura:plankSlab2Double,814,true,Natura,mods.natura.blocks.PlankSlab2,紫檀树台阶
Natura:plankSlab2,815,true,Natura,mods.natura.blocks.PlankSlab2,紫檀树台阶
Natura:trapdoor.eucalyptus,816,true,Natura,mods.natura.blocks.NTrapdoor,桉树活板门
Natura:trapdoor.sakura,817,true,Natura,mods.natura.blocks.NTrapdoor,樱花树活板门
Natura:trapdoor.ghostwood,818,true,Natura,mods.natura.blocks.NTrapdoor,幽魂树活板门
Natura:trapdoor.redwood,819,true,Natura,mods.natura.blocks.NTrapdoor,红木活板门
Natura:trapdoor.bloodwood,820,true,Natura,mods.natura.blocks.NTrapdoor,血树活板门
Natura:trapdoor.hopseed,821,true,Natura,mods.natura.blocks.NTrapdoor,车桑子树活板门
Natura:trapdoor.maple,822,true,Natura,mods.natura.blocks.NTrapdoor,枫树活板门
Natura:trapdoor.amaranth,823,true,Natura,mods.natura.blocks.NTrapdoor,紫檀树活板门
Natura:trapdoor.silverbell,824,true,Natura,mods.natura.blocks.NTrapdoor,银铃树活板门
Natura:trapdoor.tiger,825,true,Natura,mods.natura.blocks.NTrapdoor,核桃树活板门
Natura:trapdoor.willow,826,true,Natura,mods.natura.blocks.NTrapdoor,柳树活板门
Natura:trapdoor.darkwood,827,true,Natura,mods.natura.blocks.NTrapdoor,黑暗树活板门
Natura:trapdoor.fusewood,828,true,Natura,mods.natura.blocks.NTrapdoor,熔融树活板门
Natura:Natura.fence,829,true,Natura,mods.natura.blocks.overrides.AlternateFence,桉树栅栏
Natura:fenceGate.eucalyptus,830,true,Natura,mods.natura.blocks.NFenceGate,桉树栅栏门
Natura:fenceGate.sakura,831,true,Natura,mods.natura.blocks.NFenceGate,樱花树栅栏门
Natura:fenceGate.ghostwood,832,true,Natura,mods.natura.blocks.NFenceGate,幽魂树栅栏门
Natura:fenceGate.redwood,833,true,Natura,mods.natura.blocks.NFenceGate,红木栅栏门
Natura:fenceGate.bloodwood,834,true,Natura,mods.natura.blocks.NFenceGate,血树栅栏门
Natura:fenceGate.hopseed,835,true,Natura,mods.natura.blocks.NFenceGate,车桑子树栅栏门
Natura:fenceGate.maple,836,true,Natura,mods.natura.blocks.NFenceGate,枫树栅栏门
Natura:fenceGate.amaranth,837,true,Natura,mods.natura.blocks.NFenceGate,紫檀树栅栏门
Natura:fenceGate.silverbell,838,true,Natura,mods.natura.blocks.NFenceGate,银铃树栅栏门
Natura:fenceGate.tiger,839,true,Natura,mods.natura.blocks.NFenceGate,核桃树栅栏门
Natura:fenceGate.willow,840,true,Natura,mods.natura.blocks.NFenceGate,柳树栅栏门
Natura:fenceGate.darkwood,841,true,Natura,mods.natura.blocks.NFenceGate,黑暗树栅栏门
Natura:fenceGate.fusewood,842,true,Natura,mods.natura.blocks.NFenceGate,熔融树栅栏门
Natura:pressureplate.eucalyptus,843,true,Natura,mods.natura.blocks.NPressurePlate,桉树压力板
Natura:pressureplate.sakura,844,true,Natura,mods.natura.blocks.NPressurePlate,樱花树压力板
Natura:pressureplate.ghostwood,845,true,Natura,mods.natura.blocks.NPressurePlate,幽魂树压力板
Natura:pressureplate.redwood,846,true,Natura,mods.natura.blocks.NPressurePlate,红木压力板
Natura:pressureplate.bloodwood,847,true,Natura,mods.natura.blocks.NPressurePlate,血树压力板
Natura:pressureplate.hopseed,848,true,Natura,mods.natura.blocks.NPressurePlate,车桑子树压力板
Natura:pressureplate.maple,849,true,Natura,mods.natura.blocks.NPressurePlate,枫树压力板
Natura:pressureplate.amaranth,850,true,Natura,mods.natura.blocks.NPressurePlate,紫檀树压力板
Natura:pressureplate.silverbell,851,true,Natura,mods.natura.blocks.NPressurePlate,银铃树压力板
Natura:pressureplate.tiger,852,true,Natura,mods.natura.blocks.NPressurePlate,核桃树压力板
Natura:pressureplate.willow,853,true,Natura,mods.natura.blocks.NPressurePlate,柳树压力板
Natura:pressureplate.darkwood,854,true,Natura,mods.natura.blocks.NPressurePlate,黑暗树压力板
Natura:pressureplate.fusewood,855,true,Natura,mods.natura.blocks.NPressurePlate,熔融树压力板
Natura:button.eucalyptus,856,true,Natura,mods.natura.blocks.NButton,桉树按钮
Natura:button.sakura,857,true,Natura,mods.natura.blocks.NButton,樱花树按钮
Natura:button.ghostwood,858,true,Natura,mods.natura.blocks.NButton,幽魂树按钮
Natura:button.redwood,859,true,Natura,mods.natura.blocks.NButton,红木按钮
Natura:button.bloodwood,860,true,Natura,mods.natura.blocks.NButton,血树按钮
Natura:button.hopseed,861,true,Natura,mods.natura.blocks.NButton,车桑子树按钮
Natura:button.maple,862,true,Natura,mods.natura.blocks.NButton,枫树按钮
Natura:button.amaranth,863,true,Natura,mods.natura.blocks.NButton,紫檀树按钮
Natura:button.silverbell,864,true,Natura,mods.natura.blocks.NButton,银铃树按钮
Natura:button.tiger,865,true,Natura,mods.natura.blocks.NButton,核桃树按钮
Natura:button.willow,866,true,Natura,mods.natura.blocks.NButton,柳树按钮
Natura:button.darkwood,867,true,Natura,mods.natura.blocks.NButton,黑暗树按钮
Natura:button.fusewood,868,true,Natura,mods.natura.blocks.NButton,熔融树按钮
Natura:door.redwood,869,true,Natura,mods.natura.blocks.trees.NDoor,红木木门
Natura:door.eucalyptus,870,true,Natura,mods.natura.blocks.trees.NDoor,桉树木门
Natura:door.hopseed,871,true,Natura,mods.natura.blocks.trees.NDoor,车桑子树木门
Natura:door.sakura,872,true,Natura,mods.natura.blocks.trees.NDoor,樱花树木门
Natura:door.ghostwood,873,true,Natura,mods.natura.blocks.trees.NDoor,幽魂树木门
Natura:door.bloodwood,874,true,Natura,mods.natura.blocks.trees.NDoor,血树木门
Natura:door.redwoodbark,875,true,Natura,mods.natura.blocks.trees.NDoor,红木树皮门
BiomesOPlenty:mud,876,true,BiomesOPlenty,biomesoplenty.common.blocks.BlockMud,泥巴
BiomesOPlenty:driedDirt,877,true,BiomesOPlenty,biomesoplenty.common.blocks.BlockBOPGeneric,干燥泥土
BiomesOPlenty:rocks,878,true,BiomesOPlenty,biomesoplenty.common.blocks.BlockBOPRocks,石灰岩
BiomesOPlenty:ash,879,true,BiomesOPlenty,biomesoplenty.common.blocks.BlockAsh,灰烬块
BiomesOPlenty:flesh,880,true,BiomesOPlenty,biomesoplenty.common.blocks.BlockFlesh,肉块
BiomesOPlenty:plants,881,true,BiomesOPlenty,biomesoplenty.common.blocks.BlockBOPPlant,枯萎草
BiomesOPlenty:flowers,882,true,BiomesOPlenty,biomesoplenty.common.blocks.BlockBOPFlower,苜蓿
BiomesOPlenty:flowers2,883,true,BiomesOPlenty,biomesoplenty.common.blocks.BlockBOPFlower2,粉木槿
BiomesOPlenty:stoneFormations,884,true,BiomesOPlenty,biomesoplenty.common.blocks.BlockStoneFormations,石笋
BiomesOPlenty:mushrooms,885,true,BiomesOPlenty,biomesoplenty.common.blocks.BlockBOPMushroom,毒菌
BiomesOPlenty:willow,886,true,BiomesOPlenty,biomesoplenty.common.blocks.BlockWillow,柳树藤
BiomesOPlenty:ivy,887,true,BiomesOPlenty,biomesoplenty.common.blocks.BlockIvy,常春藤
BiomesOPlenty:treeMoss,888,true,BiomesOPlenty,biomesoplenty.common.blocks.BlockTreeMoss,树藓
BiomesOPlenty:flowerVine,889,true,BiomesOPlenty,biomesoplenty.common.blocks.BlockFlowerVine,开花藤蔓
BiomesOPlenty:wisteria,890,true,BiomesOPlenty,biomesoplenty.common.blocks.BlockWisteria,紫藤
BiomesOPlenty:lilyBop,891,true,BiomesOPlenty,biomesoplenty.common.blocks.BlockBOPLilypad,大型睡莲
BiomesOPlenty:foliage,892,true,BiomesOPlenty,biomesoplenty.common.blocks.BlockBOPFoliage,浮萍
BiomesOPlenty:fruitBop,893,true,BiomesOPlenty,biomesoplenty.common.blocks.BlockBOPFruit,苹果
BiomesOPlenty:turnip,894,true,BiomesOPlenty,biomesoplenty.common.blocks.BlockTurnip,芜青
BiomesOPlenty:coral1,895,true,BiomesOPlenty,biomesoplenty.common.blocks.BlockBOPCoral,巨藻
BiomesOPlenty:coral2,896,true,BiomesOPlenty,biomesoplenty.common.blocks.BlockBOPCoral,海藻
BiomesOPlenty:ashStone,897,true,BiomesOPlenty,biomesoplenty.common.blocks.BlockBOPGeneric,火山灰岩
BiomesOPlenty:hardIce,898,true,BiomesOPlenty,biomesoplenty.common.blocks.BlockBOPGeneric,硬化冰块
BiomesOPlenty:appleLeaves,899,true,BiomesOPlenty,biomesoplenty.common.blocks.BlockBOPAppleLeaves,苹果树叶
BiomesOPlenty:persimmonLeaves,900,true,BiomesOPlenty,biomesoplenty.common.blocks.BlockBOPPersimmonLeaves,柿子树叶
BiomesOPlenty:moss,901,true,BiomesOPlenty,biomesoplenty.common.blocks.BlockMoss,苔藓
BiomesOPlenty:bamboo,902,true,BiomesOPlenty,biomesoplenty.common.blocks.BlockBamboo,竹子
BiomesOPlenty:mudBricks,903,true,BiomesOPlenty,biomesoplenty.common.blocks.BlockBOPGeneric,泥砖块
BiomesOPlenty:originGrass,904,true,BiomesOPlenty,biomesoplenty.common.blocks.BlockOriginGrass,起源草方块
BiomesOPlenty:longGrass,905,true,BiomesOPlenty,biomesoplenty.common.blocks.BlockLongGrass,深草方块
BiomesOPlenty:overgrownNetherrack,906,true,BiomesOPlenty,biomesoplenty.common.blocks.BlockOvergrownNetherrack,地狱苔石
BiomesOPlenty:bopGrass,907,true,BiomesOPlenty,biomesoplenty.common.blocks.BlockBOPGrass,幽灵苔藓
BiomesOPlenty:newBopGrass,908,true,BiomesOPlenty,biomesoplenty.common.blocks.BlockBOPNewGrass,肥沃草方块
BiomesOPlenty:newBopDirt,909,true,BiomesOPlenty,biomesoplenty.common.blocks.BlockBOPNewDirt,肥沃土
BiomesOPlenty:newBopFarmland,910,true,BiomesOPlenty,biomesoplenty.common.blocks.BlockBOPNewFarmland,肥沃耕地
BiomesOPlenty:logs1,911,true,BiomesOPlenty,biomesoplenty.common.blocks.BlockBOPLog,神圣橡木原木
BiomesOPlenty:logs2,912,true,BiomesOPlenty,biomesoplenty.common.blocks.BlockBOPLog,空灵原木
BiomesOPlenty:logs3,913,true,BiomesOPlenty,biomesoplenty.common.blocks.BlockBOPLog,红木原木
BiomesOPlenty:logs4,914,true,BiomesOPlenty,biomesoplenty.common.blocks.BlockBOPLog,松树原木
BiomesOPlenty:leaves1,915,true,BiomesOPlenty,biomesoplenty.common.blocks.BlockBOPLeaves,黄色秋天树叶
BiomesOPlenty:leaves2,916,true,BiomesOPlenty,biomesoplenty.common.blocks.BlockBOPLeaves,垂死树叶
BiomesOPlenty:leaves3,917,true,BiomesOPlenty,biomesoplenty.common.blocks.BlockBOPLeaves,起源树叶
BiomesOPlenty:leaves4,918,true,BiomesOPlenty,biomesoplenty.common.blocks.BlockBOPLeaves,地狱皮树叶
BiomesOPlenty:petals,919,true,BiomesOPlenty,biomesoplenty.common.blocks.BlockBOPPetals,巨大红色花
BiomesOPlenty:saplings,920,true,BiomesOPlenty,biomesoplenty.common.blocks.BlockBOPSapling,苹果树苗
BiomesOPlenty:colorizedSaplings,921,true,BiomesOPlenty,biomesoplenty.common.blocks.BlockBOPColorizedSapling,神圣橡树树苗
BiomesOPlenty:hardSand,922,true,BiomesOPlenty,biomesoplenty.common.blocks.BlockBOPGeneric,硬化沙子
BiomesOPlenty:hardDirt,923,true,BiomesOPlenty,biomesoplenty.common.blocks.BlockBOPGeneric,硬化泥土
BiomesOPlenty:biomeBlock,924,true,BiomesOPlenty,biomesoplenty.common.blocks.BlockBOPGeneric,生态群系源质矿石
BiomesOPlenty:crystal,925,true,BiomesOPlenty,biomesoplenty.common.blocks.BlockBOPGeneric,仙域水晶
BiomesOPlenty:gemOre,926,true,BiomesOPlenty,biomesoplenty.common.blocks.BlockBOPGems,末影紫水晶矿石
BiomesOPlenty:cragRock,927,true,BiomesOPlenty,biomesoplenty.common.blocks.BlockBOPGeneric,崖壁岩石
BiomesOPlenty:hive,928,true,BiomesOPlenty,biomesoplenty.common.blocks.BlockHive,蜂窝块
BiomesOPlenty:honeyBlock,929,true,BiomesOPlenty,biomesoplenty.common.blocks.BlockHoney,蜂蜜块
BiomesOPlenty:bones,930,true,BiomesOPlenty,biomesoplenty.common.blocks.BlockBones,一小截骨头
BiomesOPlenty:grave,931,true,BiomesOPlenty,biomesoplenty.common.blocks.BlockGrave,墓碑
BiomesOPlenty:planks,932,true,BiomesOPlenty,biomesoplenty.common.blocks.BlockBOPPlank,神圣橡木木板
BiomesOPlenty:woodenSingleSlab1,933,true,BiomesOPlenty,biomesoplenty.common.blocks.BlockBOPSlab,神圣橡木台阶
BiomesOPlenty:woodenDoubleSlab1,934,true,BiomesOPlenty,biomesoplenty.common.blocks.BlockBOPSlab,神圣橡木台阶
BiomesOPlenty:woodenSingleSlab2,935,true,BiomesOPlenty,biomesoplenty.common.blocks.BlockBOPSlab,红杉木台阶
BiomesOPlenty:woodenDoubleSlab2,936,true,BiomesOPlenty,biomesoplenty.common.blocks.BlockBOPSlab,红杉木台阶
BiomesOPlenty:stoneSingleSlab,937,true,BiomesOPlenty,biomesoplenty.common.blocks.BlockBOPSlab,泥砖台阶
BiomesOPlenty:stoneDoubleSlab,938,true,BiomesOPlenty,biomesoplenty.common.blocks.BlockBOPSlab,泥砖台阶
BiomesOPlenty:sacredoakStairs,939,true,BiomesOPlenty,biomesoplenty.common.blocks.BlockBOPStairs,神圣橡木楼梯
BiomesOPlenty:cherryStairs,940,true,BiomesOPlenty,biomesoplenty.common.blocks.BlockBOPStairs,樱花木楼梯
BiomesOPlenty:darkStairs,941,true,BiomesOPlenty,biomesoplenty.common.blocks.BlockBOPStairs,黑暗木楼梯
BiomesOPlenty:firStairs,942,true,BiomesOPlenty,biomesoplenty.common.blocks.BlockBOPStairs,杉木楼梯
BiomesOPlenty:etherealStairs,943,true,BiomesOPlenty,biomesoplenty.common.blocks.BlockBOPStairs,空灵木楼梯
BiomesOPlenty:magicStairs,944,true,BiomesOPlenty,biomesoplenty.common.blocks.BlockBOPStairs,魔法木楼梯
BiomesOPlenty:mangroveStairs,945,true,BiomesOPlenty,biomesoplenty.common.blocks.BlockBOPStairs,红树木楼梯
BiomesOPlenty:palmStairs,946,true,BiomesOPlenty,biomesoplenty.common.blocks.BlockBOPStairs,棕榈木楼梯
BiomesOPlenty:redwoodStairs,947,true,BiomesOPlenty,biomesoplenty.common.blocks.BlockBOPStairs,红杉木楼梯
BiomesOPlenty:willowStairs,948,true,BiomesOPlenty,biomesoplenty.common.blocks.BlockBOPStairs,柳木楼梯
BiomesOPlenty:pineStairs,949,true,BiomesOPlenty,biomesoplenty.common.blocks.BlockBOPStairs,松木楼梯
BiomesOPlenty:hellBarkStairs,950,true,BiomesOPlenty,biomesoplenty.common.blocks.BlockBOPStairs,地狱皮木楼梯
BiomesOPlenty:jacarandaStairs,951,true,BiomesOPlenty,biomesoplenty.common.blocks.BlockBOPStairs,蓝花楹木楼梯
BiomesOPlenty:mahoganyStairs,952,true,BiomesOPlenty,biomesoplenty.common.blocks.BlockBOPStairs,桃花心木楼梯
BiomesOPlenty:mudBricksStairs,953,true,BiomesOPlenty,biomesoplenty.common.blocks.BlockBOPStairs,泥砖楼梯
BiomesOPlenty:colorizedLeaves1,954,true,BiomesOPlenty,biomesoplenty.common.blocks.BlockBOPColorizedLeaves,神圣橡树树叶
BiomesOPlenty:colorizedLeaves2,955,true,BiomesOPlenty,biomesoplenty.common.blocks.BlockBOPColorizedLeaves,柳树树叶
BiomesOPlenty:poison,956,true,BiomesOPlenty,biomesoplenty.common.fluids.blocks.BlockPoisonFluid,毒液
BiomesOPlenty:hell_blood,957,true,BiomesOPlenty,biomesoplenty.common.fluids.blocks.BlockBloodFluid,血水
BiomesOPlenty:honey,958,true,BiomesOPlenty,biomesoplenty.common.fluids.blocks.BlockHoneyFluid,蜂蜜
BiomesOPlenty:sacredoakFence,959,true,BiomesOPlenty,com.dreammaster.biomesoplenty.BlockBOPFence,神圣橡木栅栏
BiomesOPlenty:sacredoakFenceGate,960,true,BiomesOPlenty,com.dreammaster.biomesoplenty.BlockBOPFenceGate,神圣橡木栅栏门
BiomesOPlenty:cherryFence,961,true,BiomesOPlenty,com.dreammaster.biomesoplenty.BlockBOPFence,樱花木栅栏
BiomesOPlenty:cherryFenceGate,962,true,BiomesOPlenty,com.dreammaster.biomesoplenty.BlockBOPFenceGate,樱花木栅栏门
BiomesOPlenty:darkFence,963,true,BiomesOPlenty,com.dreammaster.biomesoplenty.BlockBOPFence,黑暗木栅栏
BiomesOPlenty:darkFenceGate,964,true,BiomesOPlenty,com.dreammaster.biomesoplenty.BlockBOPFenceGate,黑暗木栅栏门
BiomesOPlenty:firFence,965,true,BiomesOPlenty,com.dreammaster.biomesoplenty.BlockBOPFence,冷杉木栅栏
BiomesOPlenty:firFenceGate,966,true,BiomesOPlenty,com.dreammaster.biomesoplenty.BlockBOPFenceGate,冷杉木栅栏门
BiomesOPlenty:etherealFence,967,true,BiomesOPlenty,com.dreammaster.biomesoplenty.BlockBOPFence,空灵木栅栏
BiomesOPlenty:etherealFenceGate,968,true,BiomesOPlenty,com.dreammaster.biomesoplenty.BlockBOPFenceGate,空灵木栅栏门
BiomesOPlenty:magicFence,969,true,BiomesOPlenty,com.dreammaster.biomesoplenty.BlockBOPFence,魔法木栅栏
BiomesOPlenty:magicFenceGate,970,true,BiomesOPlenty,com.dreammaster.biomesoplenty.BlockBOPFenceGate,魔法木栅栏门
BiomesOPlenty:mangroveFence,971,true,BiomesOPlenty,com.dreammaster.biomesoplenty.BlockBOPFence,红树木栅栏
BiomesOPlenty:mangroveFenceGate,972,true,BiomesOPlenty,com.dreammaster.biomesoplenty.BlockBOPFenceGate,红树木栅栏门
BiomesOPlenty:palmFence,973,true,BiomesOPlenty,com.dreammaster.biomesoplenty.BlockBOPFence,棕榈木栅栏
BiomesOPlenty:palmFenceGate,974,true,BiomesOPlenty,com.dreammaster.biomesoplenty.BlockBOPFenceGate,棕榈木栅栏门
BiomesOPlenty:redwoodFence,975,true,BiomesOPlenty,com.dreammaster.biomesoplenty.BlockBOPFence,红木栅栏
BiomesOPlenty:redwoodFenceGate,976,true,BiomesOPlenty,com.dreammaster.biomesoplenty.BlockBOPFenceGate,红木栅栏门
BiomesOPlenty:willowFence,977,true,BiomesOPlenty,com.dreammaster.biomesoplenty.BlockBOPFence,柳木栅栏
BiomesOPlenty:willowFenceGate,978,true,BiomesOPlenty,com.dreammaster.biomesoplenty.BlockBOPFenceGate,柳木栅栏门
BiomesOPlenty:bamboothatchingFence,979,true,BiomesOPlenty,com.dreammaster.biomesoplenty.BlockBOPFence,竹板栅栏
BiomesOPlenty:bamboothatchingFenceGate,980,true,BiomesOPlenty,com.dreammaster.biomesoplenty.BlockBOPFenceGate,竹板栅栏门
BiomesOPlenty:pineFence,981,true,BiomesOPlenty,com.dreammaster.biomesoplenty.BlockBOPFence,松木栅栏
BiomesOPlenty:pineFenceGate,982,true,BiomesOPlenty,com.dreammaster.biomesoplenty.BlockBOPFenceGate,松木栅栏门
BiomesOPlenty:hell_barkFence,983,true,BiomesOPlenty,com.dreammaster.biomesoplenty.BlockBOPFence,地狱皮木栅栏
BiomesOPlenty:hell_barkFenceGate,984,true,BiomesOPlenty,com.dreammaster.biomesoplenty.BlockBOPFenceGate,地狱皮木栅栏门
BiomesOPlenty:jacarandaFence,985,true,BiomesOPlenty,com.dreammaster.biomesoplenty.BlockBOPFence,蓝花楹木栅栏
BiomesOPlenty:jacarandaFenceGate,986,true,BiomesOPlenty,com.dreammaster.biomesoplenty.BlockBOPFenceGate,蓝花楹木栅栏门
BiomesOPlenty:mahoganyFence,987,true,BiomesOPlenty,com.dreammaster.biomesoplenty.BlockBOPFence,桃花心木栅栏
BiomesOPlenty:mahoganyFenceGate,988,true,BiomesOPlenty,com.dreammaster.biomesoplenty.BlockBOPFenceGate,桃花心木栅栏门
HardcoreEnderExpansion:enhanced_tnt,989,true,HardcoreEnderExpansion,chylex.hee.block.BlockEnhancedTNT,TNT
HardcoreEnderExpansion:end_powder_ore,990,true,HardcoreEnderExpansion,chylex.hee.block.BlockEndPowderOre,末影粉末矿石
HardcoreEnderExpansion:void_chest,991,true,HardcoreEnderExpansion,chylex.hee.block.BlockVoidChest,虚空保存箱
HardcoreEnderExpansion:end_stone_terrain,992,true,HardcoreEnderExpansion,chylex.hee.block.BlockEndstoneTerrain,腐化末地石
HardcoreEnderExpansion:laboratory_stairs,993,true,HardcoreEnderExpansion,chylex.hee.block.vanilla.BlockBasicStairs,实验楼梯
HardcoreEnderExpansion:death_flower_pot,994,true,HardcoreEnderExpansion,chylex.hee.block.BlockDeathFlowerPot,花盆
HardcoreEnderExpansion:obsidian_stairs,995,true,HardcoreEnderExpansion,chylex.hee.block.vanilla.BlockBasicStairs,黑曜石楼梯
HardcoreEnderExpansion:stardust_ore,996,true,HardcoreEnderExpansion,chylex.hee.block.BlockStardustOre,星尘矿石
HardcoreEnderExpansion:death_flower,997,true,HardcoreEnderExpansion,chylex.hee.block.BlockDeathFlower,死亡之花
HardcoreEnderExpansion:decomposition_table,998,true,HardcoreEnderExpansion,chylex.hee.block.BlockDecompositionTable,解构台
HardcoreEnderExpansion:laboratory_obsidian,999,true,HardcoreEnderExpansion,chylex.hee.block.vanilla.BlockBasic,实验黑曜石
HardcoreEnderExpansion:corrupted_energy_high,1000,true,HardcoreEnderExpansion,chylex.hee.block.BlockCorruptedEnergy,"未命名方块,请报告给作者."
HardcoreEnderExpansion:ravaged_brick_glow,1001,true,HardcoreEnderExpansion,chylex.hee.block.vanilla.BlockBasic,发光毁灭砖块
HardcoreEnderExpansion:dungeon_puzzle,1002,true,HardcoreEnderExpansion,chylex.hee.block.BlockDungeonPuzzle,地牢谜题(无光)(可触发)
HardcoreEnderExpansion:laboratory_floor,1003,true,HardcoreEnderExpansion,chylex.hee.block.vanilla.BlockBasic,实验台阶
HardcoreEnderExpansion:custom_spawner,1004,true,HardcoreEnderExpansion,chylex.hee.block.BlockCustomSpawner,刷怪笼
HardcoreEnderExpansion:cinder,1005,true,HardcoreEnderExpansion,chylex.hee.block.vanilla.BlockBasic,炉渣
HardcoreEnderExpansion:spooky_leaves,1006,true,HardcoreEnderExpansion,chylex.hee.block.BlockSpookyLeaves,幽灵树树叶
HardcoreEnderExpansion:igneous_rock_ore,1007,true,HardcoreEnderExpansion,chylex.hee.block.BlockIgneousRockOre,火成岩矿石
HardcoreEnderExpansion:enderman_head_block,1008,true,HardcoreEnderExpansion,chylex.hee.block.BlockEndermanHead,末影人的头
HardcoreEnderExpansion:obsidian_end,1009,true,HardcoreEnderExpansion,chylex.hee.block.BlockObsidianEnd,黑曜石
HardcoreEnderExpansion:endium_ore,1010,true,HardcoreEnderExpansion,chylex.hee.block.BlockEndiumOre,终末矿石
HardcoreEnderExpansion:crossed_decoration,1011,true,HardcoreEnderExpansion,chylex.hee.block.BlockCrossedDecoration,.name
HardcoreEnderExpansion:obsidian_special,1012,true,HardcoreEnderExpansion,chylex.hee.block.BlockObsidianSpecial,平滑黑曜石
HardcoreEnderExpansion:block_special_effects,1013,true,HardcoreEnderExpansion,chylex.hee.block.BlockSpecialEffects,specialEffects.0.name
HardcoreEnderExpansion:experience_table,1014,true,HardcoreEnderExpansion,chylex.hee.block.BlockExperienceTable,经验台
HardcoreEnderExpansion:ravaged_brick,1015,true,HardcoreEnderExpansion,chylex.hee.block.BlockRavagedBrick,毁灭砖块
HardcoreEnderExpansion:sphalerite,1016,true,HardcoreEnderExpansion,chylex.hee.block.BlockSphalerite,闪锌矿
HardcoreEnderExpansion:ravaged_brick_fence,1017,true,HardcoreEnderExpansion,net.minecraft.block.BlockFence,毁灭砖围栏
HardcoreEnderExpansion:biome_core,1018,true,HardcoreEnderExpansion,chylex.hee.block.BlockBiomeIslandCore,生态岛屿核心
HardcoreEnderExpansion:essence_altar,1019,true,HardcoreEnderExpansion,chylex.hee.block.BlockEssenceAltar,基础精华祭坛
HardcoreEnderExpansion:obsidian_special_glow,1020,true,HardcoreEnderExpansion,chylex.hee.block.BlockObsidianSpecial,平滑发光黑曜石
HardcoreEnderExpansion:ravaged_brick_slab,1021,true,HardcoreEnderExpansion,chylex.hee.block.vanilla.BlockBasicSlab,毁灭半砖
HardcoreEnderExpansion:persegrit,1022,true,HardcoreEnderExpansion,chylex.hee.block.BlockPersegrit,紫沙砾
HardcoreEnderExpansion:endium_block,1023,true,HardcoreEnderExpansion,net.minecraft.block.BlockCompressed,终末块
HardcoreEnderExpansion:corrupted_energy_low,1024,true,HardcoreEnderExpansion,chylex.hee.block.BlockCorruptedEnergy,"未命名方块,请报告给作者."
HardcoreEnderExpansion:transport_beacon,1025,true,HardcoreEnderExpansion,chylex.hee.block.BlockTransportBeacon,传送信标
HardcoreEnderExpansion:energy_extraction_table,1026,true,HardcoreEnderExpansion,chylex.hee.block.BlockExtractionTable,释能台
HardcoreEnderExpansion:laboratory_glass,1027,true,HardcoreEnderExpansion,chylex.hee.block.BlockLaboratoryGlass,实验玻璃
HardcoreEnderExpansion:spooky_log,1028,true,HardcoreEnderExpansion,chylex.hee.block.BlockSpookyLog,幽灵树原木
HardcoreEnderExpansion:energy_cluster,1029,true,HardcoreEnderExpansion,chylex.hee.block.BlockEnergyCluster,能量星团
HardcoreEnderExpansion:enhanced_brewing_stand_block,1030,true,HardcoreEnderExpansion,chylex.hee.block.BlockEnhancedBrewingStand,强化酿造台
HardcoreEnderExpansion:ender_goo,1031,true,HardcoreEnderExpansion,chylex.hee.block.BlockEnderGoo,末影黏浆
HardcoreEnderExpansion:temple_end_portal,1032,true,HardcoreEnderExpansion,chylex.hee.block.BlockTempleEndPortal,末地传送门
HardcoreEnderExpansion:ravaged_brick_smooth,1033,true,HardcoreEnderExpansion,chylex.hee.block.BlockRavagedBrickSmooth,平滑毁灭砖块
HardcoreEnderExpansion:ravaged_brick_stairs,1034,true,HardcoreEnderExpansion,chylex.hee.block.vanilla.BlockBasicStairs,毁灭砖楼梯
HardcoreEnderExpansion:accumulation_table,1035,true,HardcoreEnderExpansion,chylex.hee.block.BlockAccumulationTable,聚能台
HardcoreEnderExpansion:laser_beam,1036,true,HardcoreEnderExpansion,chylex.hee.block.BlockLaserBeam,激光束
HardcoreEnderExpansion:instability_orb_ore,1037,true,HardcoreEnderExpansion,chylex.hee.block.BlockInstabilityOrbOre,震荡球矿石
Forestry:core,1038,true,Forestry,forestry.core.blocks.BlockCore,分析仪
Forestry:soil,1039,true,Forestry,forestry.core.blocks.BlockSoil,腐殖土
Forestry:resources,1040,true,Forestry,forestry.core.blocks.BlockResourceOre,磷灰石矿石
Forestry:resourceStorage,1041,true,Forestry,forestry.core.blocks.BlockResourceStorage,磷灰石块
Forestry:fluid.bioethanol,1042,true,Forestry,forestry.core.fluids.BlockForestryFluid,乙醇
Forestry:fluid.biomass,1043,true,Forestry,forestry.core.fluids.BlockForestryFluid,生物质
Forestry:fluid.glass,1044,true,Forestry,forestry.core.fluids.BlockForestryFluid,液态玻璃
Forestry:fluid.honey,1045,true,Forestry,forestry.core.fluids.BlockForestryFluid,蜂蜜
Forestry:fluid.ice,1046,true,Forestry,forestry.core.fluids.BlockForestryFluid,碎冰
Forestry:fluid.juice,1047,true,Forestry,forestry.core.fluids.BlockForestryFluid,果汁
Forestry:fluid.seedoil,1048,true,Forestry,forestry.core.fluids.BlockForestryFluid,种子油
Forestry:fluid.short.mead,1049,true,Forestry,forestry.core.fluids.BlockForestryFluid,蜂蜜酒
Forestry:fluid.mead,1050,true,Forestry,forestry.core.fluids.BlockForestryFluid,蜂蜜陈酿
Forestry:apiculture,1051,true,Forestry,forestry.apiculture.blocks.BlockApiculture,蜂箱
Forestry:apicultureChest,1052,true,Forestry,forestry.core.blocks.BlockBase,养蜂员箱子
Forestry:beehives,1053,true,Forestry,forestry.apiculture.blocks.BlockBeehives,tile.for.beehives.0.name
Forestry:candle,1054,true,Forestry,forestry.apiculture.blocks.BlockCandle,蜡烛(熄灭)
Forestry:stump,1055,true,Forestry,forestry.apiculture.blocks.BlockStump,蜡烛残根
Forestry:alveary,1056,true,Forestry,forestry.apiculture.blocks.BlockAlveary,蜂箱组
Forestry:logs,1057,true,Forestry,forestry.arboriculture.blocks.BlockLog,落叶树原木
Forestry:planks,1058,true,Forestry,forestry.arboriculture.blocks.BlockPlanks,落叶树木板
Forestry:slabs,1059,true,Forestry,forestry.arboriculture.blocks.BlockSlab,落叶树台阶
Forestry:slabsDouble,1060,true,Forestry,forestry.arboriculture.blocks.BlockSlab,落叶树台阶
Forestry:fences,1061,true,Forestry,forestry.arboriculture.blocks.BlockArbFence,落叶树栅栏
Forestry:stairs,1062,true,Forestry,forestry.arboriculture.blocks.BlockArbStairs,落叶树楼梯
Forestry:logsFireproof,1063,true,Forestry,forestry.arboriculture.blocks.BlockLog,抗燃落叶树原木
Forestry:planksFireproof,1064,true,Forestry,forestry.arboriculture.blocks.BlockPlanks,抗燃落叶树木板
Forestry:slabsFireproof,1065,true,Forestry,forestry.arboriculture.blocks.BlockSlab,抗燃落叶树台阶
Forestry:slabsDoubleFireproof,1066,true,Forestry,forestry.arboriculture.blocks.BlockSlab,抗燃落叶树台阶
Forestry:fencesFireproof,1067,true,Forestry,forestry.arboriculture.blocks.BlockArbFence,抗燃落叶树栅栏
Forestry:stairsFireproof,1068,true,Forestry,forestry.arboriculture.blocks.BlockArbStairs,抗燃落叶树楼梯
Forestry:saplingGE,1069,true,Forestry,forestry.arboriculture.blocks.BlockSapling,树苗
Forestry:leaves,1070,true,Forestry,forestry.arboriculture.blocks.BlockForestryLeaves,树叶
Forestry:pods,1071,true,Forestry,forestry.arboriculture.blocks.BlockFruitPod,豆荚
Forestry:arboriculture,1072,true,Forestry,forestry.arboriculture.blocks.BlockArboriculture,林业员箱子
Forestry:engine,1073,true,Forestry,forestry.energy.blocks.BlockEngine,电动引擎
Forestry:factory,1074,true,Forestry,forestry.factory.blocks.BlockFactoryTESR,装瓶机
Forestry:factory2,1075,true,Forestry,forestry.factory.blocks.BlockFactoryPlain,热电子加工台
Forestry:mushroom,1076,true,Forestry,forestry.farming.blocks.BlockMushroom,蘑菇
Forestry:ffarm,1077,true,Forestry,forestry.farming.blocks.BlockFarm,农场方块
Forestry:lepidopterology,1078,true,Forestry,forestry.lepidopterology.blocks.BlockLepidopterology,鳞翅目昆虫学家箱子
Forestry:mail,1079,true,Forestry,forestry.mail.blocks.BlockMail,信箱
BuildCraft|Builders:machineBlock,1080,true,BuildCraft|Builders,buildcraft.builders.BlockQuarryCompat,采石场
BuildCraft|Builders:fillerBlock,1081,true,BuildCraft|Builders,buildcraft.builders.BlockFiller,填充机
BuildCraft|Builders:frameBlock,1082,true,BuildCraft|Builders,buildcraft.builders.BlockFrame,框架
BuildCraft|Builders:builderBlock,1083,true,BuildCraft|Builders,buildcraft.builders.BlockBuilder,建筑机
BuildCraft|Builders:architectBlock,1084,true,BuildCraft|Builders,buildcraft.builders.BlockArchitect,建筑工作台
BuildCraft|Builders:libraryBlock,1085,true,BuildCraft|Builders,buildcraft.builders.BlockBlueprintLibrary,电子档案馆
BuildCraft|Builders:constructionMarkerBlock,1086,true,BuildCraft|Builders,buildcraft.builders.BlockConstructionMarker,建设标
BuildCraft|Factory:miningWellBlock,1087,true,BuildCraft|Factory,buildcraft.factory.BlockMiningWellCompat,矿井
BuildCraft|Factory:plainPipeBlock,1088,true,BuildCraft|Factory,buildcraft.factory.BlockPlainPipe,采矿管道
BuildCraft|Factory:autoWorkbenchBlock,1089,true,BuildCraft|Factory,buildcraft.factory.BlockAutoWorkbench,自动合成台
BuildCraft|Factory:tankBlock,1090,true,BuildCraft|Factory,buildcraft.factory.BlockTank,储罐
BuildCraft|Factory:pumpBlock,1091,true,BuildCraft|Factory,buildcraft.factory.BlockPump,液泵
BuildCraft|Factory:floodGateBlock,1092,true,BuildCraft|Factory,buildcraft.factory.BlockFloodGate,液闸
BuildCraft|Factory:refineryBlock,1093,true,BuildCraft|Factory,buildcraft.factory.BlockRefinery,精炼厂
BuildCraft|Factory:blockHopper,1094,true,BuildCraft|Factory,buildcraft.factory.BlockHopper,料斗
Railcraft:fluid.creosote,1095,true,Railcraft,mods.railcraft.common.fluids.BlockRailcraftFluid,杂酚油
Railcraft:fluid.steam,1096,true,Railcraft,mods.railcraft.common.fluids.BlockRailcraftFluidFinite,蒸汽
Railcraft:cube,1097,true,Railcraft,mods.railcraft.common.blocks.aesthetics.cube.BlockCube,焦煤块
Railcraft:anvil,1098,true,Railcraft,mods.railcraft.common.blocks.anvil.BlockRCAnvil,钢砧
Railcraft:machine.alpha,1099,true,Railcraft,mods.railcraft.common.blocks.machine.BlockMachine,世界锚
Railcraft:machine.beta,1100,true,Railcraft,mods.railcraft.common.blocks.machine.BlockMachine,铁质蓄水器壁板
Railcraft:track,1101,true,Railcraft,mods.railcraft.common.blocks.tracks.BlockTrack,轨道
Railcraft:track.elevator,1102,true,Railcraft,mods.railcraft.common.blocks.tracks.BlockTrackElevator,升降轨道
Railcraft:signal,1103,true,Railcraft,mods.railcraft.common.blocks.signals.BlockSignalRailcraft,信号互锁盒
Railcraft:stair,1104,true,Railcraft,mods.railcraft.common.blocks.aesthetics.stairs.BlockRailcraftStairs,沙岩砖楼梯
Railcraft:slab,1105,true,Railcraft,mods.railcraft.common.blocks.aesthetics.slab.BlockRailcraftSlab,沙岩砖台阶
Railcraft:lantern.stone,1106,true,Railcraft,mods.railcraft.common.blocks.aesthetics.lantern.BlockLantern,深渊灯笼
Railcraft:lantern.metal,1107,true,Railcraft,mods.railcraft.common.blocks.aesthetics.lantern.BlockLantern,铁灯笼
Railcraft:brick.abyssal,1108,true,Railcraft,mods.railcraft.common.blocks.aesthetics.brick.BlockBrick,深渊砖
Railcraft:brick.bleachedbone,1109,true,Railcraft,mods.railcraft.common.blocks.aesthetics.brick.BlockBrick,白骨砖
Railcraft:brick.bloodstained,1110,true,Railcraft,mods.railcraft.common.blocks.aesthetics.brick.BlockBrick,污血砖
Railcraft:brick.frostbound,1111,true,Railcraft,mods.railcraft.common.blocks.aesthetics.brick.BlockBrick,霜冻砖
Railcraft:brick.infernal,1112,true,Railcraft,mods.railcraft.common.blocks.aesthetics.brick.BlockBrick,地狱砖
Railcraft:brick.quarried,1113,true,Railcraft,mods.railcraft.common.blocks.aesthetics.brick.BlockBrick,采掘砖
Railcraft:brick.sandy,1114,true,Railcraft,mods.railcraft.common.blocks.aesthetics.brick.BlockBrick,沙岩砖
Railcraft:brick.nether,1115,true,Railcraft,mods.railcraft.common.blocks.aesthetics.brick.BlockBrick,tile.railcraft.brick.nether.brick.name
Railcraft:post,1116,true,Railcraft,mods.railcraft.common.blocks.aesthetics.post.BlockPost,木桩
Railcraft:post.metal,1117,true,Railcraft,mods.railcraft.common.blocks.aesthetics.post.BlockPostMetal,黑色金属桩
Railcraft:post.metal.platform,1118,true,Railcraft,mods.railcraft.common.blocks.aesthetics.post.BlockPostMetal,黑色金属平台
Railcraft:wall.alpha,1119,true,Railcraft,mods.railcraft.common.blocks.aesthetics.wall.BlockRailcraftWall,地狱砖墙
Railcraft:wall.beta,1120,true,Railcraft,mods.railcraft.common.blocks.aesthetics.wall.BlockRailcraftWall,石英墙
Railcraft:glass,1121,true,Railcraft,mods.railcraft.common.blocks.aesthetics.glass.BlockStrengthGlass,强化玻璃
Railcraft:detector,1122,true,Railcraft,mods.railcraft.common.blocks.detector.BlockDetector,传感器-物品
Railcraft:machine.gamma,1123,true,Railcraft,mods.railcraft.common.blocks.machine.BlockMachine,物品装载机
Railcraft:machine.epsilon,1124,true,Railcraft,mods.railcraft.common.blocks.machine.BlockMachine,电力供给单元
Railcraft:machine.zeta,1125,true,Railcraft,mods.railcraft.common.blocks.machine.BlockMachine,铝质蓄水器壁板
Railcraft:machine.eta,1126,true,Railcraft,mods.railcraft.common.blocks.machine.BlockMachine,铱质蓄水器壁板
Railcraft:ore,1127,true,Railcraft,mods.railcraft.common.blocks.ore.BlockOre,硫磺
Railcraft:worldlogic,1128,true,Railcraft,mods.railcraft.common.blocks.ore.BlockWorldLogic,硝石刷新器
Railcraft:firestone.recharge,1129,true,Railcraft,mods.railcraft.common.items.firestone.BlockFirestoneRecharge,再充能火石
Railcraft:frame,1130,true,Railcraft,mods.railcraft.common.blocks.frame.BlockFrame,线缆支撑框架
Railcraft:machine.delta,1131,true,Railcraft,mods.railcraft.common.blocks.machine.BlockMachine,电力分路线缆
EnderIO:blockStirlingGenerator,1132,true,EnderIO,crazypants.enderio.machine.generator.stirling.BlockStirlingGenerator,斯特林发电机
EnderIO:blockCombustionGenerator,1133,true,EnderIO,crazypants.enderio.machine.generator.combustion.BlockCombustionGenerator,燃烧发电机
EnderIO:blockZombieGenerator,1134,true,EnderIO,crazypants.enderio.machine.generator.zombie.BlockZombieGenerator,僵尸发电机
EnderIO:blockFrankenzombieGenerator,1135,true,EnderIO,crazypants.enderio.machine.generator.zombie.BlockZombieGenerator.BlockFrankenZombieGenerator,人造僵尸发电机
EnderIO:blockEnderGenerator,1136,true,EnderIO,crazypants.enderio.machine.generator.zombie.BlockZombieGenerator.BlockEnderGenerator,末影人发电机
EnderIO:blockSolarPanel,1137,true,EnderIO,crazypants.enderio.machine.solar.BlockSolarPanel,光伏板
EnderIO:blockSagMill,1138,true,EnderIO,crazypants.enderio.machine.crusher.BlockCrusher,SAG磨粉机
EnderIO:blockAlloySmelter,1139,true,EnderIO,crazypants.enderio.machine.alloy.BlockAlloySmelter,合金炉
EnderIO:blockCapBank,1140,true,EnderIO,crazypants.enderio.machine.capbank.BlockCapBank,混沌电容库
EnderIO:blockPainter,1141,true,EnderIO,crazypants.enderio.machine.painter.BlockPainter,喷涂机
EnderIO:blockPaintedFence,1142,true,EnderIO,crazypants.enderio.machine.painter.BlockPaintedFence,喷涂栅栏
EnderIO:blockPaintedFenceGate,1143,true,EnderIO,crazypants.enderio.machine.painter.BlockPaintedFenceGate,喷涂门
EnderIO:blockPaintedWall,1144,true,EnderIO,crazypants.enderio.machine.painter.BlockPaintedWall,喷涂墙
EnderIO:blockPaintedStair,1145,true,EnderIO,crazypants.enderio.machine.painter.BlockPaintedStair,喷涂楼梯
EnderIO:blockPaintedSlab,1146,true,EnderIO,crazypants.enderio.machine.painter.BlockPaintedSlab,喷涂台阶
EnderIO:blockPaintedDoubleSlab,1147,true,EnderIO,crazypants.enderio.machine.painter.BlockPaintedSlab,喷涂台阶
EnderIO:blockCrafter,1148,true,EnderIO,crazypants.enderio.machine.crafter.BlockCrafter,装配器
EnderIO:blockPaintedGlowstone,1149,true,EnderIO,crazypants.enderio.machine.painter.BlockPaintedGlowstone,喷涂荧石
EnderIO:blockPaintedCarpet,1150,true,EnderIO,crazypants.enderio.machine.painter.BlockPaintedCarpet,喷涂地毯
EnderIO:blockVat,1151,true,EnderIO,crazypants.enderio.machine.vat.BlockVat,酿液桶
EnderIO:blockPowerMonitor,1152,true,EnderIO,crazypants.enderio.machine.monitor.BlockPowerMonitor,能量监控器
EnderIO:blockFarmStation,1153,true,EnderIO,crazypants.enderio.machine.farm.BlockFarmStation,种植站
EnderIO:blockWirelessCharger,1154,true,EnderIO,crazypants.enderio.machine.wireless.BlockWirelessCharger,无线充能器
EnderIO:blockHyperCube,1155,true,EnderIO,crazypants.enderio.machine.hypercube.BlockHyperCube,空间传送器(弃用)
EnderIO:blockTank,1156,true,EnderIO,crazypants.enderio.machine.tank.BlockTank,流体箱
EnderIO:blockReservoir,1157,true,EnderIO,crazypants.enderio.machine.reservoir.BlockReservoir,蓄水库
EnderIO:blockVacuumChest,1158,true,EnderIO,crazypants.enderio.machine.vacuum.BlockVacuumChest,虚空箱子
EnderIO:blockTransceiver,1159,true,EnderIO,crazypants.enderio.machine.transceiver.BlockTransceiver,空间传送器
EnderIO:blockBuffer,1160,true,EnderIO,crazypants.enderio.machine.buffer.BlockBuffer,物品缓存器
EnderIO:blockInventoryPanel,1161,true,EnderIO,crazypants.enderio.machine.invpanel.BlockInventoryPanel,存储控制面板
EnderIO:blockEnderIo,1162,true,EnderIO,crazypants.enderio.enderface.BlockEnderIO,末影接口
EnderIO:blockTravelAnchor,1163,true,EnderIO,crazypants.enderio.teleport.anchor.BlockTravelAnchor,旅行锚
EnderIO:blockTelePad,1164,true,EnderIO,crazypants.enderio.teleport.telepad.BlockTelePad,传送台
EnderIO:blockSliceAndSplice,1165,true,EnderIO,crazypants.enderio.machine.slicensplice.BlockSliceAndSplice,头颅装配机
EnderIO:blockSoulBinder,1166,true,EnderIO,crazypants.enderio.machine.soul.BlockSoulBinder,灵魂绑定器
EnderIO:blockPoweredSpawner,1167,true,EnderIO,crazypants.enderio.machine.spawner.BlockPoweredSpawner,电动刷怪笼
EnderIO:blockKillerJoe,1168,true,EnderIO,crazypants.enderio.machine.killera.BlockKillerJoe,杀手乔
EnderIO:blockAttractor,1169,true,EnderIO,crazypants.enderio.machine.obelisk.attractor.BlockAttractor,生物诱引方尖碑
EnderIO:blockSpawnGuard,1170,true,EnderIO,crazypants.enderio.machine.obelisk.aversion.BlockAversionObelisk,生物排除方尖碑
EnderIO:blockExperienceObelisk,1171,true,EnderIO,crazypants.enderio.machine.obelisk.xp.BlockExperienceObelisk,经验交换方尖碑
EnderIO:blockWeatherObelisk,1172,true,EnderIO,crazypants.enderio.machine.obelisk.weather.BlockWeatherObelisk,气象方尖碑
EnderIO:blockInhibitorObelisk,1173,true,EnderIO,crazypants.enderio.machine.obelisk.inhibitor.BlockInhibitorObelisk,传送抑制方尖碑
EnderIO:blockEnchanter,1174,true,EnderIO,crazypants.enderio.machine.enchanter.BlockEnchanter,附魔器
EnderIO:blockDarkSteelPressurePlate,1175,true,EnderIO,crazypants.enderio.block.BlockDarkSteelPressurePlate,玄钢压力板
EnderIO:blockDarkSteelAnvil,1176,true,EnderIO,crazypants.enderio.block.BlockDarkSteelAnvil,玄钢砧
EnderIO:blockDarkSteelLadder,1177,true,EnderIO,crazypants.enderio.block.BlockDarkSteelLadder,玄钢梯子
EnderIO:blockElectricLight,1178,true,EnderIO,crazypants.enderio.machine.light.BlockElectricLight,电灯
EnderIO:blockLightNode,1179,true,EnderIO,crazypants.enderio.machine.light.BlockLightNode,明亮节点
EnderIO:blockReinforcedObsidian,1180,true,EnderIO,crazypants.enderio.block.BlockReinforcedObsidian,强化黑曜石
EnderIO:blockFusedQuartz,1181,true,EnderIO,crazypants.enderio.material.BlockFusedQuartz,石英玻璃
EnderIO:blockEnderRail,1182,true,EnderIO,crazypants.enderio.rail.BlockEnderRail,末影轨道
EnderIO:blockConduitBundle,1183,true,EnderIO,crazypants.enderio.conduit.BlockConduitBundle,导管接口
EnderIO:blockConduitFacade,1184,true,EnderIO,crazypants.enderio.conduit.facade.BlockConduitFacade,导管框架
EnderIO:blockEndermanSkull,1185,true,EnderIO,crazypants.enderio.item.skull.BlockEndermanSkull,末影人头
EnderIO:blockNutrient_distillation,1186,true,EnderIO,crazypants.enderio.fluid.BlockFluidEio,营养精华液
EnderIO:blockHootch,1187,true,EnderIO,crazypants.enderio.fluid.BlockFluidEio,烈酒
EnderIO:blockRocket_fuel,1188,true,EnderIO,crazypants.enderio.fluid.BlockFluidEio,火箭燃料
EnderIO:blockFire_water,1189,true,EnderIO,crazypants.enderio.fluid.BlockFluidEio,火焰水
EnderIO:blockLiquid_sunshine,1190,true,EnderIO,crazypants.enderio.fluid.BlockFluidEio,液态阳光
EnderIO:blockCloud_seed,1191,true,EnderIO,crazypants.enderio.fluid.BlockFluidEio,云之精华
EnderIO:blockCloud_seed_concentrated,1192,true,EnderIO,crazypants.enderio.fluid.BlockFluidEio,浓缩云之精华
EnderIO:blockEnder_distillation,1193,true,EnderIO,crazypants.enderio.fluid.BlockFluidEio,深渊露水
EnderIO:blockVapor_of_levity,1194,true,EnderIO,crazypants.enderio.fluid.BlockFluidEio,轻盈之气
EnderIO:blockIngotStorage,1195,true,EnderIO,crazypants.enderio.material.BlockIngotStorage,磁钢块
EnderIO:blockIngotStorageEndergy,1196,true,EnderIO,crazypants.enderio.material.endergy.BlockIngotStorageEndergy,复合黏土块
EnderIO:blockDarkIronBars,1197,true,EnderIO,crazypants.enderio.material.BlockDarkSteelBars,玄钢栅栏
EnderIO:blockSoulariumBars,1198,true,EnderIO,crazypants.enderio.material.BlockDarkSteelBars.BlockSoulariumBars,魂金栅栏
EnderIO:blockEndSteelBars,1199,true,EnderIO,crazypants.enderio.material.BlockDarkSteelBars.BlockEndSteelBars,末影钢栅栏
supersolarpanel:SingularSolarPanel,1200,true,supersolarpanel,com.supsolpans.blocks.BlockSuperSP,非凡太阳能发电机(LuV)
supersolarpanel:SpectralSolarPanel,1201,true,supersolarpanel,com.supsolpans.blocks.BlockSpectralSP,光谱太阳能发电机(IV)
supersolarpanel:AdminSolarPanel,1202,true,supersolarpanel,com.supsolpans.blocks.BlockAdminSP,吸光太阳能发电机(ZPM)
supersolarpanel:PhotonicSolarPanel,1203,true,supersolarpanel,com.supsolpans.blocks.BlockPhotonSP,光子太阳能发电机(UV)
dreamcraft:SandClayMix,1204,true,dreamcraft,net.minecraft.block.Block,沙黏土混合
dreamcraft:PistonBlock,1205,true,dreamcraft,net.minecraft.block.Block,活塞块
dreamcraft:DiamondFrameBox,1206,true,dreamcraft,com.dreammaster.block.DiamondFrameBox,钻石框架
dreamcraft:CompressedGraphite,1207,true,dreamcraft,net.minecraft.block.Block,压缩石墨
dreamcraft:ZincGravelOre,1208,true,dreamcraft,com.dreammaster.block.ZincGravelOre,锌矿沙砾
dreamcraft:AluminiumBars,1209,true,dreamcraft,com.dreammaster.block.MetalBars,铝栏杆
dreamcraft:ChromeBars,1210,true,dreamcraft,com.dreammaster.block.MetalBars,铬栏杆
dreamcraft:IridiumBars,1211,true,dreamcraft,com.dreammaster.block.MetalBars,铱栏杆
dreamcraft:NeutroniumBars,1212,true,dreamcraft,com.dreammaster.block.MetalBars,中子栏杆
dreamcraft:OsmiumBars,1213,true,dreamcraft,com.dreammaster.block.MetalBars,锇栏杆
dreamcraft:StainlessSteelBars,1214,true,dreamcraft,com.dreammaster.block.MetalBars,不锈钢栏杆
dreamcraft:SteelBars,1215,true,dreamcraft,com.dreammaster.block.MetalBars,钢栏杆
dreamcraft:TitaniumBars,1216,true,dreamcraft,com.dreammaster.block.MetalBars,钛栏杆
dreamcraft:TungstenSteelBars,1217,true,dreamcraft,com.dreammaster.block.MetalBars,钨钢栏杆
dreamcraft:CallistoColdIce,1218,true,dreamcraft,net.minecraft.block.Block,木卫四玄冰块
dreamcraft:Ledox,1219,true,dreamcraft,net.minecraft.block.Block,深铅块
dreamcraft:MysteriousCrystalBlock,1220,true,dreamcraft,net.minecraft.block.Block,神秘水晶块
dreamcraft:Mytryl,1221,true,dreamcraft,net.minecraft.block.Block,深空秘银块
dreamcraft:Quantinum,1222,true,dreamcraft,net.minecraft.block.Block,量子块
dreamcraft:BlackPlutonium,1223,true,dreamcraft,net.minecraft.block.Block,黑钚块
dreamcraft:Sulfur,1224,true,dreamcraft,net.minecraft.block.Block,硫块
dreamcraft:BronzePlatedReinforcedStone,1225,true,dreamcraft,net.minecraft.block.Block,青铜镀层防爆石
dreamcraft:SteelPlatedReinforcedStone,1226,true,dreamcraft,net.minecraft.block.Block,钢镀层防爆石
dreamcraft:TitaniumPlatedReinforcedStone,1227,true,dreamcraft,net.minecraft.block.Block,钛镀层防爆石
dreamcraft:TungstensteelPlatedReinforcedStone,1228,true,dreamcraft,net.minecraft.block.Block,钨钢镀层防爆石
dreamcraft:NaquadahPlatedReinforcedStone,1229,true,dreamcraft,net.minecraft.block.Block,硅岩镀层防爆石
dreamcraft:NeutroniumPlatedReinforcedStone,1230,true,dreamcraft,net.minecraft.block.Block,中子镀层防爆石
dreamcraft:Charcoal,1231,true,dreamcraft,net.minecraft.block.Block,木炭块
dreamcraft:CompressedCharcoal,1232,true,dreamcraft,net.minecraft.block.Block,压缩木炭块
dreamcraft:CompressedCoal,1233,true,dreamcraft,net.minecraft.block.Block,压缩煤炭块
dreamcraft:CompressedCoalCoke,1234,true,dreamcraft,net.minecraft.block.Block,压缩焦煤块
dreamcraft:DoubleCompressedCharcoal,1235,true,dreamcraft,net.minecraft.block.Block,双重压缩木炭块
dreamcraft:DoubleCompressedCoal,1236,true,dreamcraft,net.minecraft.block.Block,双重压缩煤炭块
dreamcraft:DoubleCompressedCoalCoke,1237,true,dreamcraft,net.minecraft.block.Block,双重压缩焦煤块
dreamcraft:TripleCompressedCharcoal,1238,true,dreamcraft,net.minecraft.block.Block,三重压缩木炭块
dreamcraft:TripleCompressedCoal,1239,true,dreamcraft,net.minecraft.block.Block,三重压缩煤炭块
dreamcraft:TripleCompressedCoalCoke,1240,true,dreamcraft,net.minecraft.block.Block,三重压缩焦煤块
dreamcraft:QuadrupleCompressedCharcoal,1241,true,dreamcraft,net.minecraft.block.Block,四重压缩木炭块
dreamcraft:QuadrupleCompressedCoal,1242,true,dreamcraft,net.minecraft.block.Block,四重压缩煤炭块
dreamcraft:QuadrupleCompressedCoalCoke,1243,true,dreamcraft,net.minecraft.block.Block,四重压缩焦煤块
dreamcraft:QuintupleCompressedCharcoal,1244,true,dreamcraft,net.minecraft.block.Block,五重压缩木炭块
dreamcraft:QuintupleCompressedCoal,1245,true,dreamcraft,net.minecraft.block.Block,五重压缩煤炭块
dreamcraft:QuintupleCompressedCoalCoke,1246,true,dreamcraft,net.minecraft.block.Block,五重压缩焦煤块
dreamcraft:BloodyThaumium,1247,true,dreamcraft,net.minecraft.block.Block,血腥神秘块
dreamcraft:BloodyVoid,1248,true,dreamcraft,net.minecraft.block.Block,血腥虚空块
dreamcraft:BloodyIchorium,1249,true,dreamcraft,net.minecraft.block.Block,血腥灵宝块
dreamcraft:Gaia,1250,true,dreamcraft,net.minecraft.block.Block,盖亚之魂块
dreamcraft:ManaPowder,1251,true,dreamcraft,net.minecraft.block.Block,魔力尘块
dreamcraft:ManaPearl,1252,true,dreamcraft,net.minecraft.block.Block,魔力珍珠块
dreamcraft:PixieDust,1253,true,dreamcraft,net.minecraft.block.Block,妖精之尘块
dreamcraft:dreamcraft_Concrete,1254,true,dreamcraft,eu.usrv.yamcore.fluids.ModSimpleBaseFluid,混凝土
IronChest:BlockIronChest,1255,true,IronChest,cpw.mods.ironchest.BlockIronChest,铁箱子
GalacticraftAmunRa:tile.basaltMultiOre,1256,true,GalacticraftAmunRa,de.katzenpapst.amunra.block.ore.BlockOreMulti,金矿石
GalacticraftAmunRa:tile.obsidianMultiOre,1257,true,GalacticraftAmunRa,de.katzenpapst.amunra.block.ore.BlockOreMulti,钻石矿石
GalacticraftAmunRa:tile.hardClayMultiOre,1258,true,GalacticraftAmunRa,de.katzenpapst.amunra.block.ore.BlockOreMulti,煤矿石
GalacticraftAmunRa:tile.oldConcreteOre,1259,true,GalacticraftAmunRa,de.katzenpapst.amunra.block.ore.BlockOreMulti,含钢褐铁矿
GalacticraftAmunRa:tile.asteroidMultiOre1,1260,true,GalacticraftAmunRa,de.katzenpapst.amunra.block.ore.BlockOreMulti,红宝石矿石
GalacticraftAmunRa:tile.bossSpawner,1261,true,GalacticraftAmunRa,de.katzenpapst.amunra.block.BlockMetaNonOpaqueInternal,tile.bossSpawner.name
GalacticraftAmunRa:tile.baseBlockRock,1262,true,GalacticraftAmunRa,de.katzenpapst.amunra.block.BlockBasicMeta,玄武岩圆石
GalacticraftAmunRa:tile.baseBlockCrystal,1263,true,GalacticraftAmunRa,de.katzenpapst.amunra.block.BlockBasicMeta,发光珊瑚
GalacticraftAmunRa:tile.baseBlockGround,1264,true,GalacticraftAmunRa,de.katzenpapst.amunra.block.BlockBasicMeta,泥土
GalacticraftAmunRa:tile.baseGrass,1265,true,GalacticraftAmunRa,de.katzenpapst.amunra.block.BlockGrassMeta,红草方块
GalacticraftAmunRa:tile.baseFalling,1266,true,GalacticraftAmunRa,de.katzenpapst.amunra.block.BlockFallingMeta,黑曜石沙子
GalacticraftAmunRa:tile.basePlant,1267,true,GalacticraftAmunRa,de.katzenpapst.amunra.block.bush.BlockBushMulti,高红草
GalacticraftAmunRa:tile.log1,1268,true,GalacticraftAmunRa,de.katzenpapst.amunra.block.BlockLogMeta,维里格原木
GalacticraftAmunRa:tile.wood1,1269,true,GalacticraftAmunRa,de.katzenpapst.amunra.block.BlockBasicMeta,卢米坡德树皮
GalacticraftAmunRa:tile.null,1270,true,GalacticraftAmunRa,de.katzenpapst.amunra.block.BlockLeafMeta,维里格树叶
GalacticraftAmunRa:tile.saplings,1271,true,GalacticraftAmunRa,de.katzenpapst.amunra.block.bush.BlockBushMulti,维里格树苗
GalacticraftAmunRa:tile.machines1,1272,true,GalacticraftAmunRa,de.katzenpapst.amunra.block.BlockMachineMeta,放射性同位素发电机
GalacticraftAmunRa:tile.machines2,1273,true,GalacticraftAmunRa,de.katzenpapst.amunra.block.machine.mothershipEngine.BlockMothershipJetMeta,火箭引擎喷口
GalacticraftAmunRa:tile.machines3,1274,true,GalacticraftAmunRa,de.katzenpapst.amunra.block.BlockMachineMeta,方块质量
GalacticraftAmunRa:tile.machines4,1275,true,GalacticraftAmunRa,de.katzenpapst.amunra.block.BlockMachineMetaDummyRender,穿梭机接驳舱
GalacticraftAmunRa:tile.blockFake,1276,true,GalacticraftAmunRa,de.katzenpapst.amunra.block.BlockMetaFake,tile.fakeBlockSealable.name
GalacticraftAmunRa:tile.aluChest,1277,true,GalacticraftAmunRa,de.katzenpapst.amunra.block.BlockARChest,铝制箱子
GalacticraftAmunRa:tile.steelChest,1278,true,GalacticraftAmunRa,de.katzenpapst.amunra.block.BlockARChestLarge,钢制箱子
GalacticraftAmunRa:tile.msBoosters1,1279,true,GalacticraftAmunRa,de.katzenpapst.amunra.block.machine.mothershipEngine.BlockMothershipBoosterMeta,火箭引擎基座
GalacticraftAmunRa:tile.obsidianbrick.stairs,1280,true,GalacticraftAmunRa,de.katzenpapst.amunra.block.BlockStairsAR,黑曜石砖块楼梯
GalacticraftAmunRa:tile.smoothbasalt.stairs,1281,true,GalacticraftAmunRa,de.katzenpapst.amunra.block.BlockStairsAR,平滑玄武岩楼梯
GalacticraftAmunRa:tile.basaltbrick.stairs,1282,true,GalacticraftAmunRa,de.katzenpapst.amunra.block.BlockStairsAR,玄武岩砖楼梯
GalacticraftAmunRa:tile.basalt.stairs,1283,true,GalacticraftAmunRa,de.katzenpapst.amunra.block.BlockStairsAR,玄武岩楼梯
GalacticraftAmunRa:tile.alucrate.stairs,1284,true,GalacticraftAmunRa,de.katzenpapst.amunra.block.BlockStairsAR,铝制楼梯
GalacticraftAmunRa:tile.methanePlanks.stairs,1285,true,GalacticraftAmunRa,de.katzenpapst.amunra.block.BlockStairsAR,维里格楼梯
GalacticraftAmunRa:tile.podPlanks.stairs,1286,true,GalacticraftAmunRa,de.katzenpapst.amunra.block.BlockStairsAR,卢米坡德楼梯
GalacticraftAmunRa:tile.rockDoubleslab,1287,true,GalacticraftAmunRa,de.katzenpapst.amunra.block.BlockDoubleslabMeta,玄武岩台阶
GalacticraftAmunRa:tile.rockSlab,1288,true,GalacticraftAmunRa,de.katzenpapst.amunra.block.BlockSlabMeta,玄武岩台阶
GalacticraftAmunRa:tile.woodDoubleslab,1289,true,GalacticraftAmunRa,de.katzenpapst.amunra.block.BlockDoubleslabMeta,卢米坡德台阶
GalacticraftAmunRa:tile.woodSlab,1290,true,GalacticraftAmunRa,de.katzenpapst.amunra.block.BlockSlabMeta,卢米坡德台阶
ArchitectureCraft:sawbench,1291,true,ArchitectureCraft,gcewing.architecture.common.block.BlockSawbench,建筑师锯台
ArchitectureCraft:shape,1292,true,ArchitectureCraft,gcewing.architecture.common.block.BlockShape,构件
ArchitectureCraft:shapeSE,1293,true,ArchitectureCraft,gcewing.architecture.common.block.BlockShape,构件（发光）
Automagy:blockRedcrystal,1294,true,Automagy,tuhljin.automagy.blocks.BlockRedcrystal,红晶
Automagy:blockRedcrystalAmp,1295,true,Automagy,tuhljin.automagy.blocks.BlockRedcrystalAmp,增幅红晶
Automagy:blockRedcrystalDim,1296,true,Automagy,tuhljin.automagy.blocks.BlockRedcrystalDim,弱化红晶
Automagy:blockRedcrystalDense,1297,true,Automagy,tuhljin.automagy.blocks.BlockRedcrystalDense,钝化红晶
Automagy:blockRedcrystalRes,1298,true,Automagy,tuhljin.automagy.blocks.BlockRedcrystalRes,共鸣红晶
Automagy:blockRedcrystalMerc,1299,true,Automagy,tuhljin.automagy.blocks.BlockRedcrystalMerc,镜像红晶
Automagy:blockTorchInversion,1300,true,Automagy,tuhljin.automagy.blocks.BlockTorchInversion,红石转换火把
Automagy:blockTorchInversion_off,1301,true,Automagy,tuhljin.automagy.blocks.BlockTorchInversion,红石转换火把
Automagy:blockRemoteComparator,1302,true,Automagy,tuhljin.automagy.blocks.BlockRemoteComparator,远程比较器
Automagy:blockVisReader,1303,true,Automagy,tuhljin.automagy.blocks.BlockVisReader,Vis读取器
Automagy:blockTally,1304,true,Automagy,tuhljin.automagy.blocks.BlockTally,计数盒
Automagy:blockHourglass,1305,true,Automagy,tuhljin.automagy.blocks.BlockHourglass,沙漏
Automagy:blockHourglassMagic,1306,true,Automagy,tuhljin.automagy.blocks.BlockHourglassMagic,魔法沙漏
Automagy:blockGreedyChest,1307,true,Automagy,tuhljin.automagy.blocks.BlockGreedyChest,贪婪箱子
Automagy:blockEagerChest,1308,true,Automagy,tuhljin.automagy.blocks.BlockEagerChest,易物箱子
Automagy:blockTenaciousChest,1309,true,Automagy,tuhljin.automagy.blocks.BlockTenaciousChest,吝物箱子
Automagy:blockHungryMaw,1310,true,Automagy,tuhljin.automagy.blocks.BlockMawHungry,饕餮之洞
Automagy:blockFinicalMaw,1311,true,Automagy,tuhljin.automagy.blocks.BlockMawFinical,深究之洞
Automagy:blockGolemInhibitor,1312,true,Automagy,tuhljin.automagy.blocks.BlockGolemInhibitor,傀儡抑制器
Automagy:blockEntitySignal,1313,true,Automagy,tuhljin.automagy.blocks.BlockEntitySignal,生物感应器
Automagy:blockEssentiaLocus,1314,true,Automagy,tuhljin.automagy.blocks.BlockEssentiaLocus,源质聚核
Automagy:blockEssentiaLocusAggregator,1315,true,Automagy,tuhljin.automagy.blocks.BlockEssentiaLocusAggregator,源质聚合器
Automagy:blockInventarium,1316,true,Automagy,tuhljin.automagy.blocks.BlockInventarium,库存核心
Automagy:blockUnseenScribe,1317,true,Automagy,tuhljin.automagy.blocks.BlockUnseenScribe,容器记录桌
Automagy:blockScribePointer,1318,true,Automagy,tuhljin.automagy.blocks.BlockScribePointer,记录之眼
Automagy:blockGolemTaskmaster,1319,true,Automagy,tuhljin.automagy.blocks.BlockGolemTaskmaster,傀儡指示器
Automagy:blockReqTome,1320,true,Automagy,tuhljin.automagy.blocks.BlockRequisitionTome,申请台
Automagy:blockBookshelfEnchanted,1321,true,Automagy,tuhljin.automagy.blocks.BlockBookshelfEnchanted,附魔书架
Automagy:blockTranslucent,1322,true,Automagy,tuhljin.automagy.blocks.BlockTranslucent,闪耀琥珀方块
Automagy:blockMetalGlow,1323,true,Automagy,tuhljin.automagy.blocks.BlockMetalGlow,记忆方块
Automagy:blockNethermind,1324,true,Automagy,tuhljin.automagy.blocks.BlockNethermind,下界之核
Automagy:blockRunedObsidian,1325,true,Automagy,tuhljin.automagy.blocks.BlockRunedObsidian,符文黑曜石
Automagy:blockNetherRune,1326,true,Automagy,tuhljin.automagy.blocks.BlockNetherRune,符文黑曜石(岩石)
Automagy:blockNetherRuneMob,1327,true,Automagy,tuhljin.automagy.blocks.BlockNetherRuneCreature,符文黑曜石(僵尸)
Automagy:blockMobLure,1328,true,Automagy,tuhljin.automagy.blocks.BlockMobLure,塞壬之饵
Automagy:blockDimensionLure,1329,true,Automagy,tuhljin.automagy.blocks.BlockDimensionLure,异界之饵
Automagy:blockGolemWorkbench,1330,true,Automagy,tuhljin.automagy.blocks.BlockGolemWorkbench,傀儡工作台
Automagy:blockThirstyTank,1331,true,Automagy,tuhljin.automagy.blocks.BlockThirstyTank,渴饮储罐
Automagy:blockBoiler,1332,true,Automagy,tuhljin.automagy.blocks.BlockBoiler,炼金锅炉
Automagy:blockCreativeJar,1333,true,Automagy,tuhljin.automagy.blocks.BlockJarCreative,tile.blockCreativeJar.0.name
Automagy:blockAmnesiac,1334,true,Automagy,tuhljin.automagy.blocks.BlockAmnesiac,遗忘之石
Automagy:blockXPStone,1335,true,Automagy,tuhljin.automagy.blocks.BlockXPStone,灵魂之石
Automagy:blockXPJar,1336,true,Automagy,tuhljin.automagy.blocks.BlockJarXP,罐装附魔精华液
Automagy:blockThaumostaticPylon,1337,true,Automagy,tuhljin.automagy.blocks.BlockThaumostaticPylon,奥法能量柱
Automagy:blockMirrorAlt,1338,true,Automagy,tuhljin.automagy.blocks.BlockMirrorAlt,聚合魔镜
Automagy:blockMirrorMultiDest,1339,true,Automagy,tuhljin.automagy.blocks.BlockMirrorMultiDest,分发魔镜
Automagy:blockFluidMilk,1340,true,Automagy,tuhljin.automagy.blocks.fluid.BlockFluidMilk,牛奶
Automagy:blockFluidMushroom,1341,true,Automagy,tuhljin.automagy.blocks.fluid.BlockFluidMushroom,蘑菇汤
Automagy:blockFluidVishroom,1342,true,Automagy,tuhljin.automagy.blocks.fluid.BlockFluidVishroom,毒菇汤
Automagy:blockPhenomenon,1343,true,Automagy,tuhljin.automagy.blocks.BlockSpecialProcess,奇迹
Automagy:blockThaumostaticSpire,1344,true,Automagy,tuhljin.automagy.blocks.BlockThaumostaticRefuelerSpire,奥法尖塔
Automagy:blockTallyLensWorld,1345,true,Automagy,tuhljin.automagy.blocks.BlockTallyWorld,计数盒(透镜:零散)
Automagy:blockTallyLensDrops,1346,true,Automagy,tuhljin.automagy.blocks.BlockTallyDrops,计数盒(透镜:产物)
AWWayofTime:Altar,1347,true,AWWayofTime,WayofTime.alchemicalWizardry.common.block.BlockAltar,血之祭坛
AWWayofTime:AlchemicalWizardrybloodRune,1348,true,AWWayofTime,WayofTime.alchemicalWizardry.common.block.BloodRune,气血符文
AWWayofTime:speedRune,1349,true,AWWayofTime,WayofTime.alchemicalWizardry.common.block.SpeedRune,速度符文
AWWayofTime:efficiencyRune,1350,true,AWWayofTime,WayofTime.alchemicalWizardry.common.block.EfficiencyRune,效率符文
AWWayofTime:runeOfSacrifice,1351,true,AWWayofTime,WayofTime.alchemicalWizardry.common.block.RuneOfSacrifice,献祭符文
AWWayofTime:runeOfSelfSacrifice,1352,true,AWWayofTime,WayofTime.alchemicalWizardry.common.block.RuneOfSelfSacrifice,牺牲符文
AWWayofTime:blockCrucible,1353,true,AWWayofTime,WayofTime.alchemicalWizardry.common.block.BlockCrucible,香炉
AWWayofTime:largeBloodStoneBrick,1354,true,AWWayofTime,WayofTime.alchemicalWizardry.common.block.LargeBloodStoneBrick,大血石砖
AWWayofTime:bloodStoneBrick,1355,true,AWWayofTime,WayofTime.alchemicalWizardry.common.block.BloodStoneBrick,血石砖
AWWayofTime:blockCrystal,1356,true,AWWayofTime,WayofTime.alchemicalWizardry.common.block.BlockCrystal,碎片集晶
AWWayofTime:imperfectRitualStone,1357,true,AWWayofTime,WayofTime.alchemicalWizardry.common.block.ImperfectRitualStone,不完善的仪式石
AWWayofTime:ritualStone,1358,true,AWWayofTime,WayofTime.alchemicalWizardry.common.block.RitualStone,仪式石
AWWayofTime:masterStone,1359,true,AWWayofTime,WayofTime.alchemicalWizardry.common.block.BlockMasterStone,主仪式石
AWWayofTime:blockPedestal,1360,true,AWWayofTime,WayofTime.alchemicalWizardry.common.block.BlockPedestal,奥术基座
AWWayofTime:blockPlinth,1361,true,AWWayofTime,WayofTime.alchemicalWizardry.common.block.BlockPlinth,奥术基柱
AWWayofTime:blockStabilityGlyph,1362,true,AWWayofTime,WayofTime.alchemicalWizardry.common.block.BlockStabilityGlyph,图符: 刚硬稳定
AWWayofTime:blockEnchantmentGlyph,1363,true,AWWayofTime,WayofTime.alchemicalWizardry.common.block.BlockEnchantmentGlyph,图符: 魔咒专家
AWWayofTime:blockWritingTable,1364,true,AWWayofTime,WayofTime.alchemicalWizardry.common.block.BlockWritingTable,炼金术台
AWWayofTime:blockAlchemicCalcinator,1365,true,AWWayofTime,WayofTime.alchemicalWizardry.common.block.BlockAlchemicCalcinator,炼金煅烧炉
AWWayofTime:blockReagentConduit,1366,true,AWWayofTime,WayofTime.alchemicalWizardry.common.block.BlockReagentConduit,炼金中续器
AWWayofTime:blockCrystalBelljar,1367,true,AWWayofTime,WayofTime.alchemicalWizardry.common.block.BlockBelljar,玻璃钟罩
AWWayofTime:emptySocket,1368,true,AWWayofTime,WayofTime.alchemicalWizardry.common.block.EmptySocket,空的血插槽
AWWayofTime:bloodSocket,1369,true,AWWayofTime,WayofTime.alchemicalWizardry.common.block.BlockSocket,满的血插槽
AWWayofTime:armourForge,1370,true,AWWayofTime,WayofTime.alchemicalWizardry.common.block.ArmourForge,灵魂装甲锻造石
AWWayofTime:blockHomHeart,1371,true,AWWayofTime,WayofTime.alchemicalWizardry.common.block.BlockHomHeart,符咒桌
AWWayofTime:blockConduit,1372,true,AWWayofTime,WayofTime.alchemicalWizardry.common.block.BlockConduit,法术管道
AWWayofTime:AlchemicalWizardrytile.blockSpellParadigm,1373,true,AWWayofTime,WayofTime.alchemicalWizardry.common.block.BlockSpellParadigm,抛射法术基架
AWWayofTime:AlchemicalWizardrytile.blockSpellEnhancement,1374,true,AWWayofTime,WayofTime.alchemicalWizardry.common.block.BlockSpellEnhancement,[不稳定]法术附属：力量
AWWayofTime:AlchemicalWizardrytile.blockSpellModifier,1375,true,AWWayofTime,WayofTime.alchemicalWizardry.common.block.BlockSpellModifier,法术修饰符：默认
AWWayofTime:AlchemicalWizardrytile.blockSpellEffect,1376,true,AWWayofTime,WayofTime.alchemicalWizardry.common.block.BlockSpellEffect,火焰效应器
AWWayofTime:blockTeleposer,1377,true,AWWayofTime,WayofTime.alchemicalWizardry.common.block.BlockTeleposer,传送器
AWWayofTime:spectralBlock,1378,true,AWWayofTime,WayofTime.alchemicalWizardry.common.block.SpectralBlock,影桥方块
AWWayofTime:bloodLight,1379,true,AWWayofTime,WayofTime.alchemicalWizardry.common.block.BlockBloodLightSource,血之光源
AWWayofTime:spectralContainer,1380,true,AWWayofTime,WayofTime.alchemicalWizardry.common.block.BlockSpectralContainer,光谱容器
AWWayofTime:lifeEssence,1381,true,AWWayofTime,WayofTime.alchemicalWizardry.common.block.LifeEssenceBlock,生命本质
AWWayofTime:demonPortalMain,1382,true,AWWayofTime,WayofTime.alchemicalWizardry.common.block.BlockDemonPortal,恶魔传送站
AWWayofTime:blockDemonChest,1383,true,AWWayofTime,WayofTime.alchemicalWizardry.common.demonVillage.tileEntity.BlockDemonChest,恶魔的箱子
AWWayofTime:blockSchemSaver,1384,true,AWWayofTime,WayofTime.alchemicalWizardry.common.block.BlockSchematicSaver,图纸存储器
AWWayofTime:blockMimic,1385,true,AWWayofTime,WayofTime.alchemicalWizardry.common.block.MimicBlock,模拟方块
Botania:flower,1386,true,Botania,vazkii.botania.common.block.BlockModFlower,白色神秘花
Botania:altar,1387,true,Botania,vazkii.botania.common.block.BlockAltar,花药台
Botania:livingrock,1388,true,Botania,vazkii.botania.common.block.BlockLivingrock,活石
Botania:livingwood,1389,true,Botania,vazkii.botania.common.block.BlockLivingwood,活木
Botania:specialFlower,1390,true,Botania,vazkii.botania.common.block.BlockSpecialFlower,植物魔法花
Botania:spreader,1391,true,Botania,vazkii.botania.common.block.mana.BlockSpreader,魔力发射器
Botania:pool,1392,true,Botania,vazkii.botania.common.block.mana.BlockPool,魔力池
Botania:runeAltar,1393,true,Botania,vazkii.botania.common.block.mana.BlockRuneAltar,符文祭坛
Botania:unstableBlock,1394,true,Botania,vazkii.botania.common.block.decor.BlockUnstable,白色不稳定立方
Botania:pylon,1395,true,Botania,vazkii.botania.common.block.BlockPylon,魔法水晶
Botania:pistonRelay,1396,true,Botania,vazkii.botania.common.block.BlockPistonRelay,力量传递器
Botania:distributor,1397,true,Botania,vazkii.botania.common.block.mana.BlockDistributor,魔力分配器
Botania:manaBeacon,1398,true,Botania,vazkii.botania.common.block.decor.BlockManaBeacon,白色不稳定信标
Botania:manaVoid,1399,true,Botania,vazkii.botania.common.block.mana.BlockManaVoid,魔力销毁器
Botania:manaDetector,1400,true,Botania,vazkii.botania.common.block.mana.BlockManaDetector,魔力检测器
Botania:enchanter,1401,true,Botania,vazkii.botania.common.block.mana.BlockEnchanter,魔力附魔台
Botania:turntable,1402,true,Botania,vazkii.botania.common.block.mana.BlockTurntable,发射器旋转台
Botania:tinyPlanetBlock,1403,true,Botania,vazkii.botania.common.block.BlockTinyPlanet,魔力环绕器
Botania:alchemyCatalyst,1404,true,Botania,vazkii.botania.common.block.mana.BlockAlchemyCatalyst,炼金催化器
Botania:openCrate,1405,true,Botania,vazkii.botania.common.block.BlockOpenCrate,花格箱
Botania:forestEye,1406,true,Botania,vazkii.botania.common.block.BlockForestEye,远古之眼
Botania:storage,1407,true,Botania,vazkii.botania.common.block.BlockStorage,魔力钢块
Botania:forestDrum,1408,true,Botania,vazkii.botania.common.block.mana.BlockForestDrum,狂野之鼓
Botania:shinyFlower,1409,true,Botania,vazkii.botania.common.block.decor.BlockShinyFlower,白色荧光花
Botania:platform,1410,true,Botania,vazkii.botania.common.block.BlockPlatform,奥秘平台
Botania:alfheimPortal,1411,true,Botania,vazkii.botania.common.block.BlockAlfPortal,精灵门核心
Botania:dreamwood,1412,true,Botania,vazkii.botania.common.block.BlockDreamwood,梦之木
Botania:conjurationCatalyst,1413,true,Botania,vazkii.botania.common.block.mana.BlockConjurationCatalyst,炼造催化器
Botania:bifrost,1414,true,Botania,vazkii.botania.common.block.BlockBifrost,临时彩虹桥方块
Botania:solidVine,1415,true,Botania,vazkii.botania.common.block.BlockSolidVines,tile.botania:solidVine.name
Botania:buriedPetals,1416,true,Botania,vazkii.botania.common.block.decor.BlockBuriedPetals,埋藏白色花瓣
Botania:prismarine,1417,true,Botania,vazkii.botania.common.block.decor.BlockPrismarine,海晶石
Botania:seaLamp,1418,true,Botania,vazkii.botania.common.block.decor.BlockSeaLamp,海晶灯
Botania:miniIsland,1419,true,Botania,vazkii.botania.common.block.decor.BlockFloatingFlower,白色浮空花
Botania:tinyPotato,1420,true,Botania,vazkii.botania.common.block.decor.BlockTinyPotato,小土豆
Botania:spawnerClaw,1421,true,Botania,vazkii.botania.common.block.mana.BlockSpawnerClaw,生命灌注器
Botania:reedBlock,1422,true,Botania,vazkii.botania.common.block.decor.BlockReeds,甘蔗块
Botania:thatch,1423,true,Botania,vazkii.botania.common.block.decor.BlockThatch,茅草块
Botania:customBrick,1424,true,Botania,vazkii.botania.common.block.decor.BlockCustomBrick,炼狱砖块
Botania:enderEyeBlock,1425,true,Botania,vazkii.botania.common.block.BlockEnderEye,末影监视者
Botania:starfield,1426,true,Botania,vazkii.botania.common.block.decor.BlockStarfield,星空制造器
Botania:rfGenerator,1427,true,Botania,vazkii.botania.common.block.mana.BlockRFGenerator,魔力转换器
Botania:elfGlass,1428,true,Botania,vazkii.botania.common.block.decor.BlockElfGlass,精灵玻璃
Botania:brewery,1429,true,Botania,vazkii.botania.common.block.mana.BlockBrewery,植物酿造台
Botania:manaGlass,1430,true,Botania,vazkii.botania.common.block.decor.BlockManaGlass,魔力玻璃
Botania:terraPlate,1431,true,Botania,vazkii.botania.common.block.mana.BlockTerraPlate,泰拉凝聚板
Botania:redStringContainer,1432,true,Botania,vazkii.botania.common.block.string.BlockRedStringContainer,红线容器
Botania:redStringDispenser,1433,true,Botania,vazkii.botania.common.block.string.BlockRedStringDispenser,红线发射器
Botania:redStringFertilizer,1434,true,Botania,vazkii.botania.common.block.string.BlockRedStringFertilizer,红线施肥器
Botania:redStringComparator,1435,true,Botania,vazkii.botania.common.block.string.BlockRedStringComparator,红线比较器
Botania:redStringRelay,1436,true,Botania,vazkii.botania.common.block.string.BlockRedStringRelay,红线继电器
Botania:floatingSpecialFlower,1437,true,Botania,vazkii.botania.common.block.BlockFloatingSpecialFlower,浮空植物魔法花
Botania:manaFlame,1438,true,Botania,vazkii.botania.common.block.decor.BlockManaFlame,魔力闪光
Botania:prism,1439,true,Botania,vazkii.botania.common.block.mana.BlockPrism,魔力棱镜
Botania:dirtPath,1440,true,Botania,vazkii.botania.common.block.decor.BlockDirtPath,沙土
Botania:enchantedSoil,1441,true,Botania,vazkii.botania.common.block.BlockEnchantedSoil,蕴魔土
Botania:petalBlock,1442,true,Botania,vazkii.botania.common.block.decor.BlockPetalBlock,白色花瓣块
Botania:corporeaIndex,1443,true,Botania,vazkii.botania.common.block.corporea.BlockCorporeaIndex,多媒体索引
Botania:corporeaFunnel,1444,true,Botania,vazkii.botania.common.block.corporea.BlockCorporeaFunnel,多媒体漏斗
Botania:endStoneBrick,1445,true,Botania,vazkii.botania.common.block.decor.BlockEndStoneBrick,末地石砖
Botania:mushroom,1446,true,Botania,vazkii.botania.common.block.decor.BlockModMushroom,白色微光蘑菇
Botania:pump,1447,true,Botania,vazkii.botania.common.block.mana.BlockPump,魔力泵
Botania:doubleFlower1,1448,true,Botania,vazkii.botania.common.block.BlockModDoubleFlower,白色高神秘花
Botania:doubleFlower2,1449,true,Botania,vazkii.botania.common.block.BlockModDoubleFlower,淡灰色高神秘花
Botania:fakeAir,1450,true,Botania,vazkii.botania.common.block.BlockFakeAir,tile.botania:fakeAir.name
Botania:blazeBlock,1451,true,Botania,vazkii.botania.common.block.decor.BlockBlaze,烈焰灯
Botania:corporeaInterceptor,1452,true,Botania,vazkii.botania.common.block.corporea.BlockCorporeaInterceptor,多媒体拦截器
Botania:corporeaCrystalCube,1453,true,Botania,vazkii.botania.common.block.corporea.BlockCorporeaCrystalCube,多媒体水晶魔方
Botania:incensePlate,1454,true,Botania,vazkii.botania.common.block.BlockIncensePlate,香盘
Botania:hourglass,1455,true,Botania,vazkii.botania.common.block.BlockHourglass,悬浮沙漏
Botania:ghostRail,1456,true,Botania,vazkii.botania.common.block.BlockGhostRail,幻影轨道
Botania:sparkChanger,1457,true,Botania,vazkii.botania.common.block.BlockSparkChanger,火花工匠台
Botania:root,1458,true,Botania,vazkii.botania.common.block.BlockRoot,活根
Botania:felPumpkin,1459,true,Botania,vazkii.botania.common.block.BlockFelPumpkin,恶魔头南瓜
Botania:cocoon,1460,true,Botania,vazkii.botania.common.block.BlockCocoon,随想之茧
Botania:lightRelay,1461,true,Botania,vazkii.botania.common.block.BlockLightRelay,微光
Botania:lightLauncher,1462,true,Botania,vazkii.botania.common.block.BlockLightLauncher,微光发射器
Botania:manaBomb,1463,true,Botania,vazkii.botania.common.block.BlockManaBomb,魔力风暴
Botania:cacophoniumBlock,1464,true,Botania,vazkii.botania.common.block.BlockCacophonium,不和谐之音方块
Botania:bellows,1465,true,Botania,vazkii.botania.common.block.mana.BlockBellows,魔源风箱
Botania:bifrostPerm,1466,true,Botania,vazkii.botania.common.block.BlockBifrostPerm,彩虹桥方块
Botania:cellBlock,1467,true,Botania,vazkii.botania.common.block.BlockCell,细胞方块
Botania:redStringInterceptor,1468,true,Botania,vazkii.botania.common.block.string.BlockRedStringInterceptor,红线拦截器
Botania:gaiaHeadBlock,1469,true,Botania,vazkii.botania.common.block.BlockGaiaHead,盖亚守护者的头
Botania:corporeaRetainer,1470,true,Botania,vazkii.botania.common.block.corporea.BlockCorporeaRetainer,多媒体固定器
Botania:teruTeruBozu,1471,true,Botania,vazkii.botania.common.block.BlockTeruTeruBozu,晴天娃娃
Botania:shimmerrock,1472,true,Botania,vazkii.botania.common.block.decor.BlockShimmerrock,微光石
Botania:shimmerwoodPlanks,1473,true,Botania,vazkii.botania.common.block.decor.BlockShimmerwoodPlanks,微光木板
Botania:avatar,1474,true,Botania,vazkii.botania.common.block.BlockAvatar,活木枝化身
Botania:altGrass,1475,true,Botania,vazkii.botania.common.block.BlockAltGrass,干草地
Botania:livingwood0Stairs,1476,true,Botania,vazkii.botania.common.block.decor.stairs.living.BlockLivingwoodStairs,活木楼梯
Botania:livingwood0Wall,1477,true,Botania,vazkii.botania.common.block.decor.walls.living.BlockLivingwoodWall,活木墙
Botania:livingwood1Stairs,1478,true,Botania,vazkii.botania.common.block.decor.stairs.living.BlockLivingwoodPlankStairs,活木板楼梯
Botania:livingrock0Stairs,1479,true,Botania,vazkii.botania.common.block.decor.stairs.living.BlockLivingrockStairs,活石楼梯
Botania:livingrock0Wall,1480,true,Botania,vazkii.botania.common.block.decor.walls.living.BlockLivingrockWall,活石墙
Botania:livingrock1Stairs,1481,true,Botania,vazkii.botania.common.block.decor.stairs.living.BlockLivingrockBrickStairs,活石砖楼梯
Botania:dreamwood0Stairs,1482,true,Botania,vazkii.botania.common.block.decor.stairs.living.BlockDreamwoodStairs,梦之木楼梯
Botania:dreamwood0Wall,1483,true,Botania,vazkii.botania.common.block.decor.walls.living.BlockDreamwoodWall,梦之木墙
Botania:dreamwood1Stairs,1484,true,Botania,vazkii.botania.common.block.decor.stairs.living.BlockDreamwoodPlankStairs,梦之木楼梯
Botania:prismarine0Stairs,1485,true,Botania,vazkii.botania.common.block.decor.stairs.prismarine.BlockPrismarineStairs,海晶石楼梯
Botania:prismarine0Wall,1486,true,Botania,vazkii.botania.common.block.decor.walls.BlockPrismarineWall,海晶石墙
Botania:prismarine1Stairs,1487,true,Botania,vazkii.botania.common.block.decor.stairs.prismarine.BlockPrismarineBrickStairs,海晶石砖楼梯
Botania:prismarine2Stairs,1488,true,Botania,vazkii.botania.common.block.decor.stairs.prismarine.BlockDarkPrismarineStairs,深色海晶石楼梯
Botania:reedBlock0Stairs,1489,true,Botania,vazkii.botania.common.block.decor.stairs.BlockReedStairs,甘蔗楼梯
Botania:reedBlock0Wall,1490,true,Botania,vazkii.botania.common.block.decor.walls.BlockReedWall,甘蔗围墙
Botania:thatch0Stairs,1491,true,Botania,vazkii.botania.common.block.decor.stairs.BlockThatchStairs,茅草楼梯
Botania:customBrick0Stairs,1492,true,Botania,vazkii.botania.common.block.decor.stairs.bricks.BlockCustomBrickStairs,炼狱砖楼梯
Botania:customBrick1Stairs,1493,true,Botania,vazkii.botania.common.block.decor.stairs.bricks.BlockSoulBrickStairs,灵魂砖楼梯
Botania:customBrick2Stairs,1494,true,Botania,vazkii.botania.common.block.decor.stairs.bricks.BlockSnowBrickStairs,霜冻砖楼梯
Botania:customBrick3Stairs,1495,true,Botania,vazkii.botania.common.block.decor.stairs.bricks.BlockTileStairs,瓦块楼梯
Botania:biomeStoneA,1496,true,Botania,vazkii.botania.common.block.decor.biomestone.BlockBiomeStoneA,变质森林石头
Botania:biomeStoneB,1497,true,Botania,vazkii.botania.common.block.decor.biomestone.BlockBiomeStoneB,变质森林石砖
Botania:stone,1498,true,Botania,vazkii.botania.common.block.decor.Block18Stone,安山岩
Botania:pavement,1499,true,Botania,vazkii.botania.common.block.decor.BlockPavement,白色葡萄牙路面
Botania:quartzTypeDark,1500,true,Botania,vazkii.botania.common.block.decor.quartz.BlockSpecialQuartz,烟熏石英块
Botania:quartzStairsDark,1501,true,Botania,vazkii.botania.common.block.decor.quartz.BlockSpecialQuartzStairs,烟熏石英楼梯
Botania:quartzTypeMana,1502,true,Botania,vazkii.botania.common.block.decor.quartz.BlockSpecialQuartz,魔力石英块
Botania:quartzStairsMana,1503,true,Botania,vazkii.botania.common.block.decor.quartz.BlockSpecialQuartzStairs,魔力石英楼梯
Botania:quartzTypeBlaze,1504,true,Botania,vazkii.botania.common.block.decor.quartz.BlockSpecialQuartz,烈焰石英块
Botania:quartzStairsBlaze,1505,true,Botania,vazkii.botania.common.block.decor.quartz.BlockSpecialQuartzStairs,烈焰石英楼梯
Botania:quartzTypeLavender,1506,true,Botania,vazkii.botania.common.block.decor.quartz.BlockSpecialQuartz,熏香石英块
Botania:quartzStairsLavender,1507,true,Botania,vazkii.botania.common.block.decor.quartz.BlockSpecialQuartzStairs,熏香石英楼梯
Botania:quartzTypeRed,1508,true,Botania,vazkii.botania.common.block.decor.quartz.BlockSpecialQuartz,红色石英块
Botania:quartzStairsRed,1509,true,Botania,vazkii.botania.common.block.decor.quartz.BlockSpecialQuartzStairs,红色石英楼梯
Botania:quartzTypeElf,1510,true,Botania,vazkii.botania.common.block.decor.quartz.BlockSpecialQuartz,精灵石英块
Botania:quartzStairsElf,1511,true,Botania,vazkii.botania.common.block.decor.quartz.BlockSpecialQuartzStairs,精灵石英楼梯
Botania:quartzTypeSunny,1512,true,Botania,vazkii.botania.common.block.decor.quartz.BlockSpecialQuartz,金黄石英块
Botania:quartzStairsSunny,1513,true,Botania,vazkii.botania.common.block.decor.quartz.BlockSpecialQuartzStairs,金黄石英楼梯
Botania:biomeStoneA0Stairs,1514,true,Botania,vazkii.botania.common.block.decor.stairs.BlockBiomeStoneStairs,变质森林石头楼梯
Botania:biomeStoneA1Stairs,1515,true,Botania,vazkii.botania.common.block.decor.stairs.BlockBiomeStoneStairs,变质平原石头楼梯
Botania:biomeStoneA2Stairs,1516,true,Botania,vazkii.botania.common.block.decor.stairs.BlockBiomeStoneStairs,变质高山石头楼梯
Botania:biomeStoneA3Stairs,1517,true,Botania,vazkii.botania.common.block.decor.stairs.BlockBiomeStoneStairs,变质菌丝石头楼梯
Botania:biomeStoneA4Stairs,1518,true,Botania,vazkii.botania.common.block.decor.stairs.BlockBiomeStoneStairs,变质沼泽石头楼梯
Botania:biomeStoneA5Stairs,1519,true,Botania,vazkii.botania.common.block.decor.stairs.BlockBiomeStoneStairs,变质沙漠石头楼梯
Botania:biomeStoneA6Stairs,1520,true,Botania,vazkii.botania.common.block.decor.stairs.BlockBiomeStoneStairs,变质雪原石头楼梯
Botania:biomeStoneA7Stairs,1521,true,Botania,vazkii.botania.common.block.decor.stairs.BlockBiomeStoneStairs,变质高原石头楼梯
Botania:biomeStoneA8Stairs,1522,true,Botania,vazkii.botania.common.block.decor.stairs.BlockBiomeStoneStairs,变质森林圆石楼梯
Botania:biomeStoneA9Stairs,1523,true,Botania,vazkii.botania.common.block.decor.stairs.BlockBiomeStoneStairs,变质平原圆石楼梯
Botania:biomeStoneA10Stairs,1524,true,Botania,vazkii.botania.common.block.decor.stairs.BlockBiomeStoneStairs,变质高山圆石楼梯
Botania:biomeStoneA11Stairs,1525,true,Botania,vazkii.botania.common.block.decor.stairs.BlockBiomeStoneStairs,变质菌丝圆石楼梯
Botania:biomeStoneA12Stairs,1526,true,Botania,vazkii.botania.common.block.decor.stairs.BlockBiomeStoneStairs,变质沼泽圆石楼梯
Botania:biomeStoneA13Stairs,1527,true,Botania,vazkii.botania.common.block.decor.stairs.BlockBiomeStoneStairs,变质沙漠圆石楼梯
Botania:biomeStoneA14Stairs,1528,true,Botania,vazkii.botania.common.block.decor.stairs.BlockBiomeStoneStairs,变质雪原圆石楼梯
Botania:biomeStoneA15Stairs,1529,true,Botania,vazkii.botania.common.block.decor.stairs.BlockBiomeStoneStairs,变质高原圆石楼梯
Botania:biomeStoneB0Stairs,1530,true,Botania,vazkii.botania.common.block.decor.stairs.BlockBiomeStoneStairs,变质森林石砖楼梯
Botania:biomeStoneB1Stairs,1531,true,Botania,vazkii.botania.common.block.decor.stairs.BlockBiomeStoneStairs,变质平原石砖楼梯
Botania:biomeStoneB2Stairs,1532,true,Botania,vazkii.botania.common.block.decor.stairs.BlockBiomeStoneStairs,变质高山石砖楼梯
Botania:biomeStoneB3Stairs,1533,true,Botania,vazkii.botania.common.block.decor.stairs.BlockBiomeStoneStairs,变质菌丝石砖楼梯
Botania:biomeStoneB4Stairs,1534,true,Botania,vazkii.botania.common.block.decor.stairs.BlockBiomeStoneStairs,变质沼泽石砖楼梯
Botania:biomeStoneB5Stairs,1535,true,Botania,vazkii.botania.common.block.decor.stairs.BlockBiomeStoneStairs,变质沙漠石砖楼梯
Botania:biomeStoneB6Stairs,1536,true,Botania,vazkii.botania.common.block.decor.stairs.BlockBiomeStoneStairs,变质雪原石砖楼梯
Botania:biomeStoneB7Stairs,1537,true,Botania,vazkii.botania.common.block.decor.stairs.BlockBiomeStoneStairs,变质高原石砖楼梯
Botania:biomeStoneA0Wall,1538,true,Botania,vazkii.botania.common.block.decor.walls.BlockBiomeStoneWall,变质森林石墙
Botania:stone0Stairs,1539,true,Botania,vazkii.botania.common.block.decor.stairs.Block18StoneStairs,安山岩楼梯
Botania:stone1Stairs,1540,true,Botania,vazkii.botania.common.block.decor.stairs.Block18StoneStairs,玄武岩楼梯
Botania:stone2Stairs,1541,true,Botania,vazkii.botania.common.block.decor.stairs.Block18StoneStairs,闪长岩楼梯
Botania:stone3Stairs,1542,true,Botania,vazkii.botania.common.block.decor.stairs.Block18StoneStairs,花岗岩楼梯
Botania:stone8Stairs,1543,true,Botania,vazkii.botania.common.block.decor.stairs.Block18StoneStairs,安山岩砖楼梯
Botania:stone9Stairs,1544,true,Botania,vazkii.botania.common.block.decor.stairs.Block18StoneStairs,玄武岩砖楼梯
Botania:stone10Stairs,1545,true,Botania,vazkii.botania.common.block.decor.stairs.Block18StoneStairs,闪长岩砖楼梯
Botania:stone11Stairs,1546,true,Botania,vazkii.botania.common.block.decor.stairs.Block18StoneStairs,花岗岩砖楼梯
Botania:stone0Wall,1547,true,Botania,vazkii.botania.common.block.decor.walls.Block18StoneWall,安山岩石墙
Botania:pavement0Stairs,1548,true,Botania,vazkii.botania.common.block.decor.stairs.BlockPavementStairs,白色葡萄牙楼梯
Botania:pavement1Stairs,1549,true,Botania,vazkii.botania.common.block.decor.stairs.BlockPavementStairs,黑色葡萄牙楼梯
Botania:pavement2Stairs,1550,true,Botania,vazkii.botania.common.block.decor.stairs.BlockPavementStairs,蓝色葡萄牙楼梯
Botania:pavement3Stairs,1551,true,Botania,vazkii.botania.common.block.decor.stairs.BlockPavementStairs,红色葡萄牙楼梯
Botania:pavement4Stairs,1552,true,Botania,vazkii.botania.common.block.decor.stairs.BlockPavementStairs,黄色葡萄牙楼梯
Botania:pavement5Stairs,1553,true,Botania,vazkii.botania.common.block.decor.stairs.BlockPavementStairs,绿色葡萄牙楼梯
Botania:endStoneBrick0Stairs,1554,true,Botania,vazkii.botania.common.block.decor.stairs.BlockEndStoneStairs,末地石砖楼梯
Botania:endStoneBrick2Stairs,1555,true,Botania,vazkii.botania.common.block.decor.stairs.BlockEnderBrickStairs,末影石砖楼梯
Botania:shimmerrock0Stairs,1556,true,Botania,vazkii.botania.common.block.decor.stairs.living.BlockShimmerrockStairs,微光石楼梯
Botania:shimmerwoodPlanks0Stairs,1557,true,Botania,vazkii.botania.common.block.decor.stairs.living.BlockShimmerwoodPlankStairs,微光木板楼梯
Botania:manaGlassPane,1558,true,Botania,vazkii.botania.common.block.decor.panes.BlockManaglassPane,魔力玻璃板
Botania:elfGlassPane,1559,true,Botania,vazkii.botania.common.block.decor.panes.BlockAlfglassPane,精灵玻璃板
Botania:bifrostPermPane,1560,true,Botania,vazkii.botania.common.block.decor.panes.BlockBifrostPane,彩虹玻璃板
Botania:quartzSlabDarkHalf,1561,true,Botania,vazkii.botania.common.block.decor.quartz.BlockSpecialQuartzSlab,烟熏石英台阶
Botania:quartzSlabDarkFull,1562,true,Botania,vazkii.botania.common.block.decor.quartz.BlockSpecialQuartzSlab,烟熏石英台阶
Botania:quartzSlabManaHalf,1563,true,Botania,vazkii.botania.common.block.decor.quartz.BlockSpecialQuartzSlab,魔力石英台阶
Botania:quartzSlabManaFull,1564,true,Botania,vazkii.botania.common.block.decor.quartz.BlockSpecialQuartzSlab,魔力石英台阶
Botania:quartzSlabBlazeHalf,1565,true,Botania,vazkii.botania.common.block.decor.quartz.BlockSpecialQuartzSlab,烈焰石英台阶
Botania:quartzSlabBlazeFull,1566,true,Botania,vazkii.botania.common.block.decor.quartz.BlockSpecialQuartzSlab,烈焰石英台阶
Botania:quartzSlabLavenderHalf,1567,true,Botania,vazkii.botania.common.block.decor.quartz.BlockSpecialQuartzSlab,熏香石英台阶
Botania:quartzSlabLavenderFull,1568,true,Botania,vazkii.botania.common.block.decor.quartz.BlockSpecialQuartzSlab,熏香石英台阶
Botania:quartzSlabRedHalf,1569,true,Botania,vazkii.botania.common.block.decor.quartz.BlockSpecialQuartzSlab,红色石英台阶
Botania:quartzSlabRedFull,1570,true,Botania,vazkii.botania.common.block.decor.quartz.BlockSpecialQuartzSlab,红色石英台阶
Botania:quartzSlabElfHalf,1571,true,Botania,vazkii.botania.common.block.decor.quartz.BlockSpecialQuartzSlab,精灵石英台阶
Botania:quartzSlabElfFull,1572,true,Botania,vazkii.botania.common.block.decor.quartz.BlockSpecialQuartzSlab,精灵石英台阶
Botania:quartzSlabSunnyHalf,1573,true,Botania,vazkii.botania.common.block.decor.quartz.BlockSpecialQuartzSlab,金黄石英台阶
Botania:quartzSlabSunnyFull,1574,true,Botania,vazkii.botania.common.block.decor.quartz.BlockSpecialQuartzSlab,金黄石英台阶
Botania:livingwood0Slab,1575,true,Botania,vazkii.botania.common.block.decor.slabs.living.BlockLivingwoodSlab,活木台阶
Botania:livingwood0SlabFull,1576,true,Botania,vazkii.botania.common.block.decor.slabs.living.BlockLivingwoodSlab,活木台阶
Botania:livingwood1Slab,1577,true,Botania,vazkii.botania.common.block.decor.slabs.living.BlockLivingwoodPlankSlab,活木板台阶
Botania:livingwood1SlabFull,1578,true,Botania,vazkii.botania.common.block.decor.slabs.living.BlockLivingwoodPlankSlab,活木板台阶
Botania:livingrock0Slab,1579,true,Botania,vazkii.botania.common.block.decor.slabs.living.BlockLivingrockSlab,活石台阶
Botania:livingrock0SlabFull,1580,true,Botania,vazkii.botania.common.block.decor.slabs.living.BlockLivingrockSlab,活石台阶
Botania:livingrock1Slab,1581,true,Botania,vazkii.botania.common.block.decor.slabs.living.BlockLivingrockBrickSlab,活石砖台阶
Botania:livingrock1SlabFull,1582,true,Botania,vazkii.botania.common.block.decor.slabs.living.BlockLivingrockBrickSlab,活石砖台阶
Botania:dreamwood0Slab,1583,true,Botania,vazkii.botania.common.block.decor.slabs.living.BlockDreamwoodSlab,梦之木台阶
Botania:dreamwood0SlabFull,1584,true,Botania,vazkii.botania.common.block.decor.slabs.living.BlockDreamwoodSlab,梦之木台阶
Botania:dreamwood1Slab,1585,true,Botania,vazkii.botania.common.block.decor.slabs.living.BlockDreamwoodPlankSlab,梦之木台阶
Botania:dreamwood1SlabFull,1586,true,Botania,vazkii.botania.common.block.decor.slabs.living.BlockDreamwoodPlankSlab,梦之木台阶
Botania:reedBlock0Slab,1587,true,Botania,vazkii.botania.common.block.decor.slabs.BlockReedSlab,甘蔗台阶
Botania:reedBlock0SlabFull,1588,true,Botania,vazkii.botania.common.block.decor.slabs.BlockReedSlab,甘蔗台阶
Botania:thatch0Slab,1589,true,Botania,vazkii.botania.common.block.decor.slabs.BlockThatchSlab,茅草台阶
Botania:thatch0SlabFull,1590,true,Botania,vazkii.botania.common.block.decor.slabs.BlockThatchSlab,茅草台阶
Botania:prismarine0Slab,1591,true,Botania,vazkii.botania.common.block.decor.slabs.prismarine.BlockPrismarineSlab,海晶石台阶
Botania:prismarine0SlabFull,1592,true,Botania,vazkii.botania.common.block.decor.slabs.prismarine.BlockPrismarineSlab,海晶石台阶
Botania:prismarine1Slab,1593,true,Botania,vazkii.botania.common.block.decor.slabs.prismarine.BlockPrismarineBrickSlab,海晶石砖台阶
Botania:prismarine1SlabFull,1594,true,Botania,vazkii.botania.common.block.decor.slabs.prismarine.BlockPrismarineBrickSlab,海晶石砖台阶
Botania:prismarine2Slab,1595,true,Botania,vazkii.botania.common.block.decor.slabs.prismarine.BlockDarkPrismarineSlab,深色海晶石台阶
Botania:prismarine2SlabFull,1596,true,Botania,vazkii.botania.common.block.decor.slabs.prismarine.BlockDarkPrismarineSlab,深色海晶石台阶
Botania:customBrick0Slab,1597,true,Botania,vazkii.botania.common.block.decor.slabs.bricks.BlockCustomBrickSlab,炼狱砖台阶
Botania:customBrick0SlabFull,1598,true,Botania,vazkii.botania.common.block.decor.slabs.bricks.BlockCustomBrickSlab,炼狱砖台阶
Botania:customBrick1Slab,1599,true,Botania,vazkii.botania.common.block.decor.slabs.bricks.BlockSoulBrickSlab,灵魂砖台阶
Botania:customBrick1SlabFull,1600,true,Botania,vazkii.botania.common.block.decor.slabs.bricks.BlockSoulBrickSlab,灵魂砖台阶
Botania:customBrick2Slab,1601,true,Botania,vazkii.botania.common.block.decor.slabs.bricks.BlockSnowBrickSlab,霜冻砖台阶
Botania:customBrick2SlabFull,1602,true,Botania,vazkii.botania.common.block.decor.slabs.bricks.BlockSnowBrickSlab,霜冻砖台阶
Botania:customBrick3Slab,1603,true,Botania,vazkii.botania.common.block.decor.slabs.bricks.BlockTileSlab,瓦块台阶
Botania:customBrick3SlabFull,1604,true,Botania,vazkii.botania.common.block.decor.slabs.bricks.BlockTileSlab,瓦块台阶
Botania:dirtPath0Slab,1605,true,Botania,vazkii.botania.common.block.decor.slabs.BlockDirtPathSlab,沙土台阶
Botania:dirtPath0SlabFull,1606,true,Botania,vazkii.botania.common.block.decor.slabs.BlockDirtPathSlab,沙土台阶
Botania:endStoneBrick0Slab,1607,true,Botania,vazkii.botania.common.block.decor.slabs.BlockEndStoneSlab,末地石砖台阶
Botania:endStoneBrick0SlabFull,1608,true,Botania,vazkii.botania.common.block.decor.slabs.BlockEndStoneSlab,末地石砖台阶
Botania:endStoneBrick2Slab,1609,true,Botania,vazkii.botania.common.block.decor.slabs.BlockEnderBrickSlab,末影石砖台阶
Botania:endStoneBrick2SlabFull,1610,true,Botania,vazkii.botania.common.block.decor.slabs.BlockEnderBrickSlab,末影石砖台阶
Botania:shimmerrock0Slab,1611,true,Botania,vazkii.botania.common.block.decor.slabs.living.BlockShimmerrockSlab,微光石台阶
Botania:shimmerrock0SlabFull,1612,true,Botania,vazkii.botania.common.block.decor.slabs.living.BlockShimmerrockSlab,微光石台阶
Botania:shimmerwoodPlanks0Slab,1613,true,Botania,vazkii.botania.common.block.decor.slabs.living.BlockShimmerwoodPlankSlab,微光木板台阶
Botania:shimmerwoodPlanks0SlabFull,1614,true,Botania,vazkii.botania.common.block.decor.slabs.living.BlockShimmerwoodPlankSlab,微光木板台阶
Botania:biomeStoneA0Slab,1615,true,Botania,vazkii.botania.common.block.decor.slabs.BlockBiomeStoneSlab,变质森林石头台阶
Botania:biomeStoneA0SlabFull,1616,true,Botania,vazkii.botania.common.block.decor.slabs.BlockBiomeStoneSlab,变质森林石头台阶
Botania:biomeStoneA1Slab,1617,true,Botania,vazkii.botania.common.block.decor.slabs.BlockBiomeStoneSlab,变质平原石头台阶
Botania:biomeStoneA1SlabFull,1618,true,Botania,vazkii.botania.common.block.decor.slabs.BlockBiomeStoneSlab,变质平原石头台阶
Botania:biomeStoneA2Slab,1619,true,Botania,vazkii.botania.common.block.decor.slabs.BlockBiomeStoneSlab,变质高山石头台阶
Botania:biomeStoneA2SlabFull,1620,true,Botania,vazkii.botania.common.block.decor.slabs.BlockBiomeStoneSlab,变质高山石头台阶
Botania:biomeStoneA3Slab,1621,true,Botania,vazkii.botania.common.block.decor.slabs.BlockBiomeStoneSlab,变质菌丝石头台阶
Botania:biomeStoneA3SlabFull,1622,true,Botania,vazkii.botania.common.block.decor.slabs.BlockBiomeStoneSlab,变质菌丝石头台阶
Botania:biomeStoneA4Slab,1623,true,Botania,vazkii.botania.common.block.decor.slabs.BlockBiomeStoneSlab,变质沼泽石头台阶
Botania:biomeStoneA4SlabFull,1624,true,Botania,vazkii.botania.common.block.decor.slabs.BlockBiomeStoneSlab,变质沼泽石头台阶
Botania:biomeStoneA5Slab,1625,true,Botania,vazkii.botania.common.block.decor.slabs.BlockBiomeStoneSlab,变质沙漠石头台阶
Botania:biomeStoneA5SlabFull,1626,true,Botania,vazkii.botania.common.block.decor.slabs.BlockBiomeStoneSlab,变质沙漠石头台阶
Botania:biomeStoneA6Slab,1627,true,Botania,vazkii.botania.common.block.decor.slabs.BlockBiomeStoneSlab,变质雪原石头台阶
Botania:biomeStoneA6SlabFull,1628,true,Botania,vazkii.botania.common.block.decor.slabs.BlockBiomeStoneSlab,变质高原石头台阶
Botania:biomeStoneA7Slab,1629,true,Botania,vazkii.botania.common.block.decor.slabs.BlockBiomeStoneSlab,变质高原石头台阶
Botania:biomeStoneA7SlabFull,1630,true,Botania,vazkii.botania.common.block.decor.slabs.BlockBiomeStoneSlab,变质高原石头台阶
Botania:biomeStoneA8Slab,1631,true,Botania,vazkii.botania.common.block.decor.slabs.BlockBiomeStoneSlab,变质森林圆石台阶
Botania:biomeStoneA8SlabFull,1632,true,Botania,vazkii.botania.common.block.decor.slabs.BlockBiomeStoneSlab,变质森林圆石台阶
Botania:biomeStoneA9Slab,1633,true,Botania,vazkii.botania.common.block.decor.slabs.BlockBiomeStoneSlab,变质平原圆石台阶
Botania:biomeStoneA9SlabFull,1634,true,Botania,vazkii.botania.common.block.decor.slabs.BlockBiomeStoneSlab,变质平原圆石台阶
Botania:biomeStoneA10Slab,1635,true,Botania,vazkii.botania.common.block.decor.slabs.BlockBiomeStoneSlab,变质高山圆石台阶
Botania:biomeStoneA10SlabFull,1636,true,Botania,vazkii.botania.common.block.decor.slabs.BlockBiomeStoneSlab,变质高山圆石台阶
Botania:biomeStoneA11Slab,1637,true,Botania,vazkii.botania.common.block.decor.slabs.BlockBiomeStoneSlab,变质菌丝圆石台阶
Botania:biomeStoneA11SlabFull,1638,true,Botania,vazkii.botania.common.block.decor.slabs.BlockBiomeStoneSlab,变质菌丝圆石台阶
Botania:biomeStoneA12Slab,1639,true,Botania,vazkii.botania.common.block.decor.slabs.BlockBiomeStoneSlab,变质沼泽圆石台阶
Botania:biomeStoneA12SlabFull,1640,true,Botania,vazkii.botania.common.block.decor.slabs.BlockBiomeStoneSlab,变质沼泽圆石台阶
Botania:biomeStoneA13Slab,1641,true,Botania,vazkii.botania.common.block.decor.slabs.BlockBiomeStoneSlab,变质沙漠圆石台阶
Botania:biomeStoneA13SlabFull,1642,true,Botania,vazkii.botania.common.block.decor.slabs.BlockBiomeStoneSlab,变质沙漠圆石台阶
Botania:biomeStoneA14Slab,1643,true,Botania,vazkii.botania.common.block.decor.slabs.BlockBiomeStoneSlab,变质雪原圆石台阶
Botania:biomeStoneA14SlabFull,1644,true,Botania,vazkii.botania.common.block.decor.slabs.BlockBiomeStoneSlab,变质雪原圆石台阶
Botania:biomeStoneA15Slab,1645,true,Botania,vazkii.botania.common.block.decor.slabs.BlockBiomeStoneSlab,变质高原圆石台阶
Botania:biomeStoneA15SlabFull,1646,true,Botania,vazkii.botania.common.block.decor.slabs.BlockBiomeStoneSlab,变质高原圆石台阶
Botania:biomeStoneB0Slab,1647,true,Botania,vazkii.botania.common.block.decor.slabs.BlockBiomeStoneSlab,变质森林石砖台阶
Botania:biomeStoneB0SlabFull,1648,true,Botania,vazkii.botania.common.block.decor.slabs.BlockBiomeStoneSlab,变质森林石砖台阶
Botania:biomeStoneB1Slab,1649,true,Botania,vazkii.botania.common.block.decor.slabs.BlockBiomeStoneSlab,变质平原石砖台阶
Botania:biomeStoneB1SlabFull,1650,true,Botania,vazkii.botania.common.block.decor.slabs.BlockBiomeStoneSlab,变质平原石砖台阶
Botania:biomeStoneB2Slab,1651,true,Botania,vazkii.botania.common.block.decor.slabs.BlockBiomeStoneSlab,变质高山石砖台阶
Botania:biomeStoneB2SlabFull,1652,true,Botania,vazkii.botania.common.block.decor.slabs.BlockBiomeStoneSlab,变质高山石砖台阶
Botania:biomeStoneB3Slab,1653,true,Botania,vazkii.botania.common.block.decor.slabs.BlockBiomeStoneSlab,变质菌丝石砖台阶
Botania:biomeStoneB3SlabFull,1654,true,Botania,vazkii.botania.common.block.decor.slabs.BlockBiomeStoneSlab,变质菌丝石砖台阶
Botania:biomeStoneB4Slab,1655,true,Botania,vazkii.botania.common.block.decor.slabs.BlockBiomeStoneSlab,变质沼泽石砖台阶
Botania:biomeStoneB4SlabFull,1656,true,Botania,vazkii.botania.common.block.decor.slabs.BlockBiomeStoneSlab,变质沼泽石砖台阶
Botania:biomeStoneB5Slab,1657,true,Botania,vazkii.botania.common.block.decor.slabs.BlockBiomeStoneSlab,变质沙漠石砖台阶
Botania:biomeStoneB5SlabFull,1658,true,Botania,vazkii.botania.common.block.decor.slabs.BlockBiomeStoneSlab,变质沙漠石砖台阶
Botania:biomeStoneB6Slab,1659,true,Botania,vazkii.botania.common.block.decor.slabs.BlockBiomeStoneSlab,变质雪原石砖台阶
Botania:biomeStoneB6SlabFull,1660,true,Botania,vazkii.botania.common.block.decor.slabs.BlockBiomeStoneSlab,变质雪原石砖台阶
Botania:biomeStoneB7Slab,1661,true,Botania,vazkii.botania.common.block.decor.slabs.BlockBiomeStoneSlab,变质高原石砖台阶
Botania:biomeStoneB7SlabFull,1662,true,Botania,vazkii.botania.common.block.decor.slabs.BlockBiomeStoneSlab,变质高原石砖台阶
Botania:stone0Slab,1663,true,Botania,vazkii.botania.common.block.decor.slabs.Block18StoneSlab,安山岩台阶
Botania:stone0SlabFull,1664,true,Botania,vazkii.botania.common.block.decor.slabs.Block18StoneSlab,安山岩台阶
Botania:stone1Slab,1665,true,Botania,vazkii.botania.common.block.decor.slabs.Block18StoneSlab,玄武岩台阶
Botania:stone1SlabFull,1666,true,Botania,vazkii.botania.common.block.decor.slabs.Block18StoneSlab,玄武岩台阶
Botania:stone2Slab,1667,true,Botania,vazkii.botania.common.block.decor.slabs.Block18StoneSlab,闪长岩台阶
Botania:stone2SlabFull,1668,true,Botania,vazkii.botania.common.block.decor.slabs.Block18StoneSlab,闪长岩台阶
Botania:stone3Slab,1669,true,Botania,vazkii.botania.common.block.decor.slabs.Block18StoneSlab,花岗岩台阶
Botania:stone3SlabFull,1670,true,Botania,vazkii.botania.common.block.decor.slabs.Block18StoneSlab,花岗岩台阶
Botania:stone8Slab,1671,true,Botania,vazkii.botania.common.block.decor.slabs.Block18StoneSlab,安山岩砖台阶
Botania:stone8SlabFull,1672,true,Botania,vazkii.botania.common.block.decor.slabs.Block18StoneSlab,安山岩砖台阶
Botania:stone9Slab,1673,true,Botania,vazkii.botania.common.block.decor.slabs.Block18StoneSlab,玄武岩砖台阶
Botania:stone9SlabFull,1674,true,Botania,vazkii.botania.common.block.decor.slabs.Block18StoneSlab,玄武岩砖台阶
Botania:stone10Slab,1675,true,Botania,vazkii.botania.common.block.decor.slabs.Block18StoneSlab,闪长岩砖台阶
Botania:stone10SlabFull,1676,true,Botania,vazkii.botania.common.block.decor.slabs.Block18StoneSlab,闪长岩砖台阶
Botania:stone11Slab,1677,true,Botania,vazkii.botania.common.block.decor.slabs.Block18StoneSlab,花岗岩砖台阶
Botania:stone11SlabFull,1678,true,Botania,vazkii.botania.common.block.decor.slabs.Block18StoneSlab,花岗岩砖台阶
Botania:pavement0Slab,1679,true,Botania,vazkii.botania.common.block.decor.slabs.BlockPavementSlab,白色葡萄牙台阶
Botania:pavement0SlabFull,1680,true,Botania,vazkii.botania.common.block.decor.slabs.BlockPavementSlab,白色葡萄牙台阶
Botania:pavement1Slab,1681,true,Botania,vazkii.botania.common.block.decor.slabs.BlockPavementSlab,黑色葡萄牙台阶
Botania:pavement1SlabFull,1682,true,Botania,vazkii.botania.common.block.decor.slabs.BlockPavementSlab,黑色葡萄牙台阶
Botania:pavement2Slab,1683,true,Botania,vazkii.botania.common.block.decor.slabs.BlockPavementSlab,蓝色葡萄牙台阶
Botania:pavement2SlabFull,1684,true,Botania,vazkii.botania.common.block.decor.slabs.BlockPavementSlab,蓝色葡萄牙台阶
Botania:pavement3Slab,1685,true,Botania,vazkii.botania.common.block.decor.slabs.BlockPavementSlab,红色葡萄牙台阶
Botania:pavement3SlabFull,1686,true,Botania,vazkii.botania.common.block.decor.slabs.BlockPavementSlab,红色葡萄牙台阶
Botania:pavement4Slab,1687,true,Botania,vazkii.botania.common.block.decor.slabs.BlockPavementSlab,黄色葡萄牙台阶
Botania:pavement4SlabFull,1688,true,Botania,vazkii.botania.common.block.decor.slabs.BlockPavementSlab,黄色葡萄牙台阶
Botania:pavement5Slab,1689,true,Botania,vazkii.botania.common.block.decor.slabs.BlockPavementSlab,绿色葡萄牙台阶
Botania:pavement5SlabFull,1690,true,Botania,vazkii.botania.common.block.decor.slabs.BlockPavementSlab,绿色葡萄牙台阶
Botania:flower_structurelib,1691,true,Botania,vazkii.botania.common.block.tile.TileEnchanter.StructureLibFlower,任意植物魔法的花
Avaritia:Double_Craft,1692,true,Avaritia,fox.spiteful.avaritia.blocks.BlockDoubleCraft,压缩工作台
Avaritia:Triple_Craft,1693,true,Avaritia,fox.spiteful.avaritia.blocks.BlockTripleCraft,二重压缩工作台
Avaritia:Dire_Crafting,1694,true,Avaritia,fox.spiteful.avaritia.blocks.BlockDireCrafting,终极工作台
Avaritia:Crystal_Matrix,1695,true,Avaritia,fox.spiteful.avaritia.blocks.BlockCrystalMatrix,水晶矩阵
Avaritia:Resource_Block,1696,true,Avaritia,fox.spiteful.avaritia.blocks.BlockResource,宇宙中子态素块
Avaritia:Neutron_Collector,1697,true,Avaritia,fox.spiteful.avaritia.blocks.BlockNeutronCollector,中子态素收集器
Avaritia:Neutronium_Compressor,1698,true,Avaritia,fox.spiteful.avaritia.blocks.BlockCompressor,中子态素压缩机
Avaritia:cluster_opener,1699,true,Avaritia,fox.spiteful.avaritia.blocks.BlockMatterClusterOpener,物质团解压器
avaritiaddons:CompressedChest,1700,true,avaritiaddons,wanion.avaritiaddons.block.chest.compressed.BlockCompressedChest,压缩箱子
avaritiaddons:InfinityChest,1701,true,avaritiaddons,wanion.avaritiaddons.block.chest.infinity.BlockInfinityChest,无尽箱子
avaritiaddons:ExtremeAutoCrafter,1702,true,avaritiaddons,wanion.avaritiaddons.block.extremeautocrafter.BlockExtremeAutoCrafter,梦魇工作台
BiblioCraft:tile.BiblioFramedChest,1703,true,BiblioCraft,jds.bibliocraft.blocks.BlockFramedChest,镶框箱子
BiblioCraft:BiblioPaneler,1704,true,BiblioCraft,jds.bibliocraft.blocks.BlockFurniturePaneler,橡木家具板材机
BiblioCraft:BiblioClipboard,1705,true,BiblioCraft,jds.bibliocraft.blocks.BlockClipboard,写字板
BiblioCraft:BiblioTypewriter,1706,true,BiblioCraft,jds.bibliocraft.blocks.BlockTypewriter,白色打字机
BiblioCraft:BiblioClock,1707,true,BiblioCraft,jds.bibliocraft.blocks.BlockClock,橡木时钟
BiblioCraft:BiblioFlatPainting,1708,true,BiblioCraft,jds.bibliocraft.blocks.BlockPaintingFrameFlat,橡木画框
BiblioCraft:BiblioSimplePainting,1709,true,BiblioCraft,jds.bibliocraft.blocks.BlockPaintingFrameSimple,橡木画框
BiblioCraft:BiblioMiddlePainting,1710,true,BiblioCraft,jds.bibliocraft.blocks.BlockPaintingFrameMiddle,橡木画框
BiblioCraft:BiblioFancyPainting,1711,true,BiblioCraft,jds.bibliocraft.blocks.BlockPaintingFrameFancy,橡木画框
BiblioCraft:BiblioBorderlessPainting,1712,true,BiblioCraft,jds.bibliocraft.blocks.BlockPaintingFrameBorderless,橡木画框
BiblioCraft:BiblioPaintPress,1713,true,BiblioCraft,jds.bibliocraft.blocks.BlockPaintPress,压印机
BiblioCraft:BiblioSwordPedestal,1714,true,BiblioCraft,jds.bibliocraft.blocks.BlockSwordPedestal,剑座
BiblioCraft:BiblioFancySign,1715,true,BiblioCraft,jds.bibliocraft.blocks.BlockFancySign,橡木精致木牌
BiblioCraft:BiblioWorkbench,1716,true,BiblioCraft,jds.bibliocraft.blocks.BlockFancyWorkbench,橡木精致工作台
BiblioCraft:BiblioBell,1717,true,BiblioCraft,jds.bibliocraft.blocks.BlockBell,按铃
BiblioCraft:Bibliotheca,1718,true,BiblioCraft,jds.bibliocraft.blocks.BlockBookcase,橡木书架
BiblioCraft:BookcaseFilled,1719,true,BiblioCraft,jds.bibliocraft.blocks.BlockBookcaseCreative,橡木书架
BiblioCraft:BiblioPotionShelf,1720,true,BiblioCraft,jds.bibliocraft.blocks.BlockPotionShelf,橡木药水架
BiblioCraft:BiblioShelf,1721,true,BiblioCraft,jds.bibliocraft.blocks.BlockGenericShelf,橡木架子
BiblioCraft:BiblioRack,1722,true,BiblioCraft,jds.bibliocraft.blocks.BlockWeaponRack,橡木工具架
BiblioCraft:BiblioCase,1723,true,BiblioCraft,jds.bibliocraft.blocks.BlockWeaponCase,橡木展示盒
BiblioCraft:BiblioLabel,1724,true,BiblioCraft,jds.bibliocraft.blocks.BlockLabel,橡木标签
BiblioCraft:BiblioDesk,1725,true,BiblioCraft,jds.bibliocraft.blocks.BlockWritingDesk,橡木台桌
BiblioCraft:BiblioTable,1726,true,BiblioCraft,jds.bibliocraft.blocks.BlockTable,橡木桌子
BiblioCraft:Armor Stand,1727,true,BiblioCraft,jds.bibliocraft.blocks.BlockArmorStand,衣架
BiblioCraft:Typesetting Machine,1728,true,BiblioCraft,jds.bibliocraft.blocks.BlockTypeMachine,排版台
BiblioCraft:Printing Press,1729,true,BiblioCraft,jds.bibliocraft.blocks.BlockPrintPress,拓印机
BiblioCraft:BiblioLantern,1730,true,BiblioCraft,jds.bibliocraft.blocks.BlockLantern,精致灯笼
BiblioCraft:BiblioIronLantern,1731,true,BiblioCraft,jds.bibliocraft.blocks.BlockIronLantern,精致灯笼
BiblioCraft:BiblioLamp,1732,true,BiblioCraft,jds.bibliocraft.blocks.BlockLamp,精致灯具
BiblioCraft:BiblioIronLamp,1733,true,BiblioCraft,jds.bibliocraft.blocks.BlockIronLamp,精致灯具
BiblioCraft:BiblioStuffs,1734,true,BiblioCraft,jds.bibliocraft.blocks.BlockStuff,曲奇罐
BiblioCraft:BiblioMapFrames,1735,true,BiblioCraft,jds.bibliocraft.blocks.BlockMapFrame,橡木地图框架
BiblioCraft:BiblioSeats,1736,true,BiblioCraft,jds.bibliocraft.blocks.BlockSeat,橡木椅子
BiblioWoodsBoP:BiblioWoodBookcase,1737,true,BiblioWoodsBoP,jds.bibliowood.bopwood.blocks.BlockCustomBookcase,天域树橡树书架
BiblioWoodsBoP:BiblioWoodpotshelf,1738,true,BiblioWoodsBoP,jds.bibliowood.bopwood.blocks.BlockCustomPotionShelf,天域树橡树药水架
BiblioWoodsBoP:BiblioWoodshelf,1739,true,BiblioWoodsBoP,jds.bibliowood.bopwood.blocks.BlockCustomShelf,天域树橡树架子
BiblioWoodsBoP:BiblioWoodrack,1740,true,BiblioWoodsBoP,jds.bibliowood.bopwood.blocks.BlockCustomToolrack,天域树橡树工具架
BiblioWoodsBoP:BiblioWoodcase,1741,true,BiblioWoodsBoP,jds.bibliowood.bopwood.blocks.BlockCustomCase,天域树橡树展示盒
BiblioWoodsBoP:BiblioWoodlabel,1742,true,BiblioWoodsBoP,jds.bibliowood.bopwood.blocks.BlockCustomLabel,天域树橡树标签
BiblioWoodsBoP:BiblioWooddesk,1743,true,BiblioWoodsBoP,jds.bibliowood.bopwood.blocks.BlockCustomDesk,天域树橡树台桌
BiblioWoodsBoP:BiblioWoodtable,1744,true,BiblioWoodsBoP,jds.bibliowood.bopwood.blocks.BlockCustomTable,天域树橡树桌子
BiblioWoodsBoP:BiblioWoodSeat,1745,true,BiblioWoodsBoP,jds.bibliowood.bopwood.blocks.BlockCustomSeat,天域树橡树座椅
BiblioWoodsBoP:BiblioWoodMapFrame,1746,true,BiblioWoodsBoP,jds.bibliowood.bopwood.blocks.BlockCustomMapFrame,天域树橡树地图框架
BiblioWoodsBoP:BiblioWoodFancySign,1747,true,BiblioWoodsBoP,jds.bibliowood.bopwood.blocks.BlockCustomFancySign,天域树橡树精致木牌
BiblioWoodsBoP:BiblioWoodFancyWorkbench,1748,true,BiblioWoodsBoP,jds.bibliowood.bopwood.blocks.BlockCustomFancyWorkbench,天域树橡树精致工作台
BiblioWoodsBoP:BiblioWoodClock,1749,true,BiblioWoodsBoP,jds.bibliowood.bopwood.blocks.BlockCustomClock,天域树橡树时钟
BiblioWoodsBoP:BiblioWoodPaintingT0,1750,true,BiblioWoodsBoP,jds.bibliowood.bopwood.blocks.BlockCustomPaintingFrameT0,天域树橡树画框
BiblioWoodsBoP:BiblioWoodPaintingT1,1751,true,BiblioWoodsBoP,jds.bibliowood.bopwood.blocks.BlockCustomPaintingFrameT1,天域树橡树画框
BiblioWoodsBoP:BiblioWoodPaintingT2,1752,true,BiblioWoodsBoP,jds.bibliowood.bopwood.blocks.BlockCustomPaintingFrameT2,天域树橡树画框
BiblioWoodsBoP:BiblioWoodPaintingT3,1753,true,BiblioWoodsBoP,jds.bibliowood.bopwood.blocks.BlockCustomPaintingFrameT3,天域树橡树画框
BiblioWoodsBoP:BiblioWoodPaintingT4,1754,true,BiblioWoodsBoP,jds.bibliowood.bopwood.blocks.BlockCustomPaintingFrameT4,天域树橡树画框
BiblioWoodsForestry:BiblioWoodFstBookcase,1755,true,BiblioWoodsForestry,jds.bibliowood.forestrywood.blocks.BlockCustomBookcase,金合欢书架
BiblioWoodsForestry:BiblioWoodFstBookcase2,1756,true,BiblioWoodsForestry,jds.bibliowood.forestrywood.blocks.BlockCustomBookcase2,松树书架
BiblioWoodsForestry:BiblioWoodFstpotshelf,1757,true,BiblioWoodsForestry,jds.bibliowood.forestrywood.blocks.BlockCustomPotionShelf,金合欢药水架
BiblioWoodsForestry:BiblioWoodFstpotshelf2,1758,true,BiblioWoodsForestry,jds.bibliowood.forestrywood.blocks.BlockCustomPotionShelf2,松树药水架
BiblioWoodsForestry:BiblioWoodFstshelf,1759,true,BiblioWoodsForestry,jds.bibliowood.forestrywood.blocks.BlockCustomShelf,金合欢架子
BiblioWoodsForestry:BiblioWoodFstshelf2,1760,true,BiblioWoodsForestry,jds.bibliowood.forestrywood.blocks.BlockCustomShelf2,松树架子
BiblioWoodsForestry:BiblioWoodFstrack,1761,true,BiblioWoodsForestry,jds.bibliowood.forestrywood.blocks.BlockCustomToolrack,金合欢工具架
BiblioWoodsForestry:BiblioWoodFstrack2,1762,true,BiblioWoodsForestry,jds.bibliowood.forestrywood.blocks.BlockCustomToolrack2,松树工具架
BiblioWoodsForestry:BiblioWoodFstcase0,1763,true,BiblioWoodsForestry,jds.bibliowood.forestrywood.blocks.BlockCustomCase0,金合欢展示盒
BiblioWoodsForestry:BiblioWoodFstcase1,1764,true,BiblioWoodsForestry,jds.bibliowood.forestrywood.blocks.BlockCustomCase1,松树展示盒
BiblioWoodsForestry:BiblioWoodFstlabel,1765,true,BiblioWoodsForestry,jds.bibliowood.forestrywood.blocks.BlockCustomLabel,金合欢标签
BiblioWoodsForestry:BiblioWoodFstlabel2,1766,true,BiblioWoodsForestry,jds.bibliowood.forestrywood.blocks.BlockCustomLabel2,松树标签
BiblioWoodsForestry:BiblioWoodFstdesk,1767,true,BiblioWoodsForestry,jds.bibliowood.forestrywood.blocks.BlockCustomDesk,金合欢台桌
BiblioWoodsForestry:BiblioWoodFstdesk2,1768,true,BiblioWoodsForestry,jds.bibliowood.forestrywood.blocks.BlockCustomDesk2,松树台桌
BiblioWoodsForestry:BiblioWoodFsttable,1769,true,BiblioWoodsForestry,jds.bibliowood.forestrywood.blocks.BlockCustomTable,金合欢桌子
BiblioWoodsForestry:BiblioWoodFsttable2,1770,true,BiblioWoodsForestry,jds.bibliowood.forestrywood.blocks.BlockCustomTable2,松树桌子
BiblioWoodsForestry:BiblioWoodSeat,1771,true,BiblioWoodsForestry,jds.bibliowood.forestrywood.blocks.BlockCustomSeat,金合欢座椅
BiblioWoodsForestry:BiblioWoodSeat2,1772,true,BiblioWoodsForestry,jds.bibliowood.forestrywood.blocks.BlockCustomSeat2,松树座椅
BiblioWoodsForestry:BiblioWoodMapFrame,1773,true,BiblioWoodsForestry,jds.bibliowood.forestrywood.blocks.BlockCustomMapFrame,金合欢地图框架
BiblioWoodsForestry:BiblioWoodMapFrame2,1774,true,BiblioWoodsForestry,jds.bibliowood.forestrywood.blocks.BlockCustomMapFrame2,松树地图框架
BiblioWoodsForestry:BiblioWoodFancySign,1775,true,BiblioWoodsForestry,jds.bibliowood.forestrywood.blocks.BlockCustomFancySign,金合欢精致木牌
BiblioWoodsForestry:BiblioWoodFancySign2,1776,true,BiblioWoodsForestry,jds.bibliowood.forestrywood.blocks.BlockCustomFancySign2,松树精致木牌
BiblioWoodsForestry:BiblioWoodFancyWorkbench,1777,true,BiblioWoodsForestry,jds.bibliowood.forestrywood.blocks.BlockCustomFancyWorkbench,金合欢精致工作台
BiblioWoodsForestry:BiblioWoodFancyWorkbench2,1778,true,BiblioWoodsForestry,jds.bibliowood.forestrywood.blocks.BlockCustomFancyWorkbench2,松树精致工作台
BiblioWoodsForestry:BiblioWoodClock,1779,true,BiblioWoodsForestry,jds.bibliowood.forestrywood.blocks.BlockCustomClock,金合欢时钟
BiblioWoodsForestry:BiblioWoodClock2,1780,true,BiblioWoodsForestry,jds.bibliowood.forestrywood.blocks.BlockCustomClock2,松树时钟
BiblioWoodsForestry:BiblioWoodPaintingT0,1781,true,BiblioWoodsForestry,jds.bibliowood.forestrywood.blocks.BlockCustomPaintingFrameT0,金合欢画框
BiblioWoodsForestry:BiblioWoodPaintingT1,1782,true,BiblioWoodsForestry,jds.bibliowood.forestrywood.blocks.BlockCustomPaintingFrameT1,金合欢画框
BiblioWoodsForestry:BiblioWoodPaintingT2,1783,true,BiblioWoodsForestry,jds.bibliowood.forestrywood.blocks.BlockCustomPaintingFrameT2,金合欢画框
BiblioWoodsForestry:BiblioWoodPaintingT3,1784,true,BiblioWoodsForestry,jds.bibliowood.forestrywood.blocks.BlockCustomPaintingFrameT3,金合欢画框
BiblioWoodsForestry:BiblioWoodPaintingT4,1785,true,BiblioWoodsForestry,jds.bibliowood.forestrywood.blocks.BlockCustomPaintingFrameT4,金合欢画框
BiblioWoodsForestry:BiblioWoodPaintingT0b,1786,true,BiblioWoodsForestry,jds.bibliowood.forestrywood.blocks.BlockCustomPaintingFrameT02,松树画框
BiblioWoodsForestry:BiblioWoodPaintingT1b,1787,true,BiblioWoodsForestry,jds.bibliowood.forestrywood.blocks.BlockCustomPaintingFrameT12,松树画框
BiblioWoodsForestry:BiblioWoodPaintingT2b,1788,true,BiblioWoodsForestry,jds.bibliowood.forestrywood.blocks.BlockCustomPaintingFrameT22,松树画框
BiblioWoodsForestry:BiblioWoodPaintingT3b,1789,true,BiblioWoodsForestry,jds.bibliowood.forestrywood.blocks.BlockCustomPaintingFrameT32,松树画框
BiblioWoodsForestry:BiblioWoodPaintingT4b,1790,true,BiblioWoodsForestry,jds.bibliowood.forestrywood.blocks.BlockCustomPaintingFrameT42,松树画框
BiblioWoodsNatura:BiblioWoodBookcase,1791,true,BiblioWoodsNatura,jds.bibliowood.naturawood.blocks.BlockCustomBookcase,血树书架
BiblioWoodsNatura:BiblioWoodpotshelf,1792,true,BiblioWoodsNatura,jds.bibliowood.naturawood.blocks.BlockCustomPotionShelf,血树药水架
BiblioWoodsNatura:BiblioWoodshelf,1793,true,BiblioWoodsNatura,jds.bibliowood.naturawood.blocks.BlockCustomShelf,血树架子
BiblioWoodsNatura:BiblioWoodrack,1794,true,BiblioWoodsNatura,jds.bibliowood.naturawood.blocks.BlockCustomToolrack,血树工具架
BiblioWoodsNatura:BiblioWoodcase0,1795,true,BiblioWoodsNatura,jds.bibliowood.naturawood.blocks.BlockCustomCase0,血树展示盒
BiblioWoodsNatura:BiblioWoodlabel,1796,true,BiblioWoodsNatura,jds.bibliowood.naturawood.blocks.BlockCustomLabel,血树标签
BiblioWoodsNatura:BiblioWooddesk,1797,true,BiblioWoodsNatura,jds.bibliowood.naturawood.blocks.BlockCustomDesk,血树台桌
BiblioWoodsNatura:BiblioWoodtable,1798,true,BiblioWoodsNatura,jds.bibliowood.naturawood.blocks.BlockCustomTable,血树桌子
BiblioWoodsNatura:BiblioWoodSeat,1799,true,BiblioWoodsNatura,jds.bibliowood.naturawood.blocks.BlockCustomSeat,血树座椅
BiblioWoodsNatura:BiblioWoodMapFrame,1800,true,BiblioWoodsNatura,jds.bibliowood.naturawood.blocks.BlockCustomMapFrame,血树地图框架
BiblioWoodsNatura:BiblioWoodFancySign,1801,true,BiblioWoodsNatura,jds.bibliowood.naturawood.blocks.BlockCustomFancySign,血树精致木牌
BiblioWoodsNatura:BiblioWoodFancyWorkbench,1802,true,BiblioWoodsNatura,jds.bibliowood.naturawood.blocks.BlockCustomFancyWorkbench,血树精致工作台
BiblioWoodsNatura:BiblioWoodClock,1803,true,BiblioWoodsNatura,jds.bibliowood.naturawood.blocks.BlockCustomClock,血树时钟
BiblioWoodsNatura:BiblioWoodPaintingT0,1804,true,BiblioWoodsNatura,jds.bibliowood.naturawood.blocks.BlockCustomPaintingFrameT0,血树画框
BiblioWoodsNatura:BiblioWoodPaintingT1,1805,true,BiblioWoodsNatura,jds.bibliowood.naturawood.blocks.BlockCustomPaintingFrameT1,血树画框
BiblioWoodsNatura:BiblioWoodPaintingT2,1806,true,BiblioWoodsNatura,jds.bibliowood.naturawood.blocks.BlockCustomPaintingFrameT2,血树画框
BiblioWoodsNatura:BiblioWoodPaintingT3,1807,true,BiblioWoodsNatura,jds.bibliowood.naturawood.blocks.BlockCustomPaintingFrameT3,血树画框
BiblioWoodsNatura:BiblioWoodPaintingT4,1808,true,BiblioWoodsNatura,jds.bibliowood.naturawood.blocks.BlockCustomPaintingFrameT4,血树画框
BinnieCore:storage,1809,true,BinnieCore,binnie.core.machines.BlockMachine,组合箱
Botany:flower,1810,true,Botany,binnie.botany.flower.BlockFlower,花
Botany:plant,1811,true,Botany,binnie.botany.gardening.BlockPlant,杂草
Botany:soil,1812,true,Botany,binnie.botany.gardening.BlockSoil,普通花土
Botany:loam,1813,true,Botany,binnie.botany.gardening.BlockSoil,肥沃花土
Botany:flowerbed,1814,true,Botany,binnie.botany.gardening.BlockSoil,花床
Botany:soilNoWeed,1815,true,Botany,binnie.botany.gardening.BlockSoil,普通花土
Botany:loamNoWeed,1816,true,Botany,binnie.botany.gardening.BlockSoil,肥沃花土
Botany:flowerbedNoWeed,1817,true,Botany,binnie.botany.gardening.BlockSoil,花床
Botany:ceramic,1818,true,Botany,binnie.botany.ceramic.BlockCeramic,陶瓷块
Botany:stained,1819,true,Botany,binnie.botany.ceramic.BlockStained,染色玻璃
Botany:ceramicPattern,1820,true,Botany,binnie.botany.ceramic.BlockCeramicPatterned,陶瓷块
Botany:ceramicBrick,1821,true,Botany,binnie.botany.ceramic.BlockCeramicBrick,瓷砖
ExtraBees:ectoplasm,1822,true,ExtraBees,binnie.extrabees.genetics.effect.BlockEctoplasm,胶质网
ExtraBees:hive,1823,true,ExtraBees,binnie.extrabees.worldgen.BlockExtraBeeHive,水生蜂巢
ExtraBees:alveary,1824,true,ExtraBees,binnie.core.machines.BlockMachine,基因突变器
ExtraTrees:planks,1825,true,ExtraTrees,binnie.extratrees.block.BlockETPlanks,冷杉木板
ExtraTrees:fence,1826,true,ExtraTrees,binnie.extratrees.block.decor.BlockFence,橡树栅栏
ExtraTrees:multifence,1827,true,ExtraTrees,binnie.extratrees.block.decor.BlockMultiFence,台阶
ExtraTrees:log,1828,true,ExtraTrees,binnie.extratrees.block.BlockETLog,苹果树原木
ExtraTrees:gate,1829,true,ExtraTrees,binnie.extratrees.block.decor.BlockGate,橡树栅栏门
ExtraTrees:slab,1830,true,ExtraTrees,binnie.extratrees.block.BlockETSlab,冷杉台阶
ExtraTrees:doubleSlab,1831,true,ExtraTrees,binnie.extratrees.block.BlockETSlab,冷杉台阶
ExtraTrees:door,1832,true,ExtraTrees,binnie.extratrees.block.BlockETDoor,橡树木门
ExtraTrees:stairs,1833,true,ExtraTrees,binnie.extratrees.block.BlockETStairs,冷杉楼梯
ExtraTrees:carpentry,1834,true,ExtraTrees,binnie.extratrees.carpentry.BlockCarpentry,空白木砖
ExtraTrees:panel,1835,true,ExtraTrees,binnie.extratrees.carpentry.BlockCarpentryPanel,空白镶板
ExtraTrees:stainedglass,1836,true,ExtraTrees,binnie.extratrees.carpentry.BlockStainedDesign,空白染色玻璃
ExtraTrees:machine,1837,true,ExtraTrees,binnie.core.machines.BlockMachine,锯木机
Genetics:machine,1838,true,Genetics,binnie.core.machines.BlockMachine,基因分离器
Genetics:labMachine,1839,true,Genetics,binnie.core.machines.BlockMachine,实验台
Genetics:advMachine,1840,true,Genetics,binnie.core.machines.BlockMachine,基因拼接器
structurelib:blockhint,1841,true,structurelib,com.gtnewhorizon.structurelib.block.BlockHint,提示方块：1号
ThaumicTinkerer:animationTablet,1842,true,ThaumicTinkerer,thaumic.tinkerer.common.block.BlockAnimationTablet,活化工具台
ThaumicTinkerer:enchanter,1843,true,ThaumicTinkerer,thaumic.tinkerer.common.block.BlockEnchanter,渗透附魔台
ThaumicTinkerer:forcefield,1844,true,ThaumicTinkerer,thaumic.tinkerer.common.block.BlockForcefield,力场
ThaumicTinkerer:funnel,1845,true,ThaumicTinkerer,thaumic.tinkerer.common.block.BlockFunnel,源质漏斗
ThaumicTinkerer:gaseousLight,1846,true,ThaumicTinkerer,thaumic.tinkerer.common.block.BlockGaseousLight,光明气
ThaumicTinkerer:gaseousShadow,1847,true,ThaumicTinkerer,thaumic.tinkerer.common.block.BlockGaseousShadow,暗影气
ThaumicTinkerer:infusedFarmland,1848,true,ThaumicTinkerer,thaumic.tinkerer.common.block.BlockInfusedFarmland,蕴魔耕地
ThaumicTinkerer:infusedGrainBlock,1849,true,ThaumicTinkerer,thaumic.tinkerer.common.block.BlockInfusedGrain,蕴魔谷物
ThaumicTinkerer:magnet,1850,true,ThaumicTinkerer,thaumic.tinkerer.common.block.BlockMagnet,奥术念力磁铁
ThaumicTinkerer:nitorGas,1851,true,ThaumicTinkerer,thaumic.tinkerer.common.block.BlockNitorGas,闪耀之光气体
ThaumicTinkerer:platform,1852,true,ThaumicTinkerer,thaumic.tinkerer.common.block.BlockPlatform,仙域平台
ThaumicTinkerer:repairer,1853,true,ThaumicTinkerer,thaumic.tinkerer.common.block.BlockRepairer,奥法修复台
ThaumicTinkerer:spawner,1854,true,ThaumicTinkerer,thaumic.tinkerer.common.block.BlockSummon,死灵祭坛
ThaumicTinkerer:travelSlab,1855,true,ThaumicTinkerer,thaumic.tinkerer.common.block.BlockTravelSlab,旅行者台阶
ThaumicTinkerer:travelSlabFull,1856,true,ThaumicTinkerer,thaumic.tinkerer.common.block.BlockTravelSlab,旅行者台阶
ThaumicTinkerer:travelStairs,1857,true,ThaumicTinkerer,thaumic.tinkerer.common.block.BlockTravelStairs,旅行者楼梯
ThaumicTinkerer:wardSlab,1858,true,ThaumicTinkerer,thaumic.tinkerer.common.block.BlockWardSlab,守卫者台阶
ThaumicTinkerer:wardSlabFull,1859,true,ThaumicTinkerer,thaumic.tinkerer.common.block.BlockWardSlab,守卫者台阶
ThaumicTinkerer:fireAir,1860,true,ThaumicTinkerer,thaumic.tinkerer.common.block.fire.BlockFireAir,巽风之焰
ThaumicTinkerer:fireChaos,1861,true,ThaumicTinkerer,thaumic.tinkerer.common.block.fire.BlockFireChaos,混沌之焰
ThaumicTinkerer:fireEarth,1862,true,ThaumicTinkerer,thaumic.tinkerer.common.block.fire.BlockFireEarth,坤地之焰
ThaumicTinkerer:fireFire,1863,true,ThaumicTinkerer,thaumic.tinkerer.common.block.fire.BlockFireIgnis,离火之焰
ThaumicTinkerer:fireOrder,1864,true,ThaumicTinkerer,thaumic.tinkerer.common.block.fire.BlockFireOrder,秩序之焰
ThaumicTinkerer:fireWater,1865,true,ThaumicTinkerer,thaumic.tinkerer.common.block.fire.BlockFireWater,坎水之焰
ThaumicTinkerer:bedrockPortal,1866,true,ThaumicTinkerer,thaumic.tinkerer.common.block.kami.BlockBedrockPortal,基岩传送门
ThaumicTinkerer:warpGate,1867,true,ThaumicTinkerer,thaumic.tinkerer.common.block.kami.BlockWarpGate,仙域之门
ThaumicTinkerer:Levitational Locomotive,1868,true,ThaumicTinkerer,thaumic.tinkerer.common.block.mobilizer.BlockMobilizer,悬浮平台
ThaumicTinkerer:Levitational Locomotive Relay,1869,true,ThaumicTinkerer,thaumic.tinkerer.common.block.mobilizer.BlockMobilizerRelay,悬浮平台中继
ThaumicTinkerer:darkQuartz,1870,true,ThaumicTinkerer,thaumic.tinkerer.common.block.quartz.BlockDarkQuartz,烟黑石英块
ThaumicTinkerer:darkQuartzSlab,1871,true,ThaumicTinkerer,thaumic.tinkerer.common.block.quartz.BlockDarkQuartzSlab,烟黑石英台阶
ThaumicTinkerer:darkQuartzSlabFull,1872,true,ThaumicTinkerer,thaumic.tinkerer.common.block.quartz.BlockDarkQuartzSlab,烟黑石英台阶
ThaumicTinkerer:darkQuartzStairs,1873,true,ThaumicTinkerer,thaumic.tinkerer.common.block.quartz.BlockDarkQuartzStairs,烟黑石英楼梯
ThaumicTinkerer:dislocator,1874,true,ThaumicTinkerer,thaumic.tinkerer.common.block.transvector.BlockTransvectorDislocator,矢量转位仪
ThaumicTinkerer:interface,1875,true,ThaumicTinkerer,thaumic.tinkerer.common.block.transvector.BlockTransvectorInterface,矢量变换接口
ForbiddenMagic:ArcaneCake,1876,true,ForbiddenMagic,fox.spiteful.forbidden.blocks.BlockArcaneCake,奥法蛋糕
ForbiddenMagic:WrathCage,1877,true,ForbiddenMagic,fox.spiteful.forbidden.blocks.BlockWrathCage,暴怒之笼
ForbiddenMagic:InkFlower,1878,true,ForbiddenMagic,fox.spiteful.forbidden.blocks.BlockBlackFlower,暗影玫瑰
ForbiddenMagic:StarBlock,1879,true,ForbiddenMagic,fox.spiteful.forbidden.blocks.BlockResource,下界之星方块
ForbiddenMagic:UmbralBush,1880,true,ForbiddenMagic,fox.spiteful.forbidden.blocks.BlockRoseBush,暗影玫瑰丛
ForbiddenMagic:TaintLog,1881,true,ForbiddenMagic,fox.spiteful.forbidden.blocks.BlockLogTainted,腐化木头
ForbiddenMagic:TaintPlank,1882,true,ForbiddenMagic,fox.spiteful.forbidden.blocks.BlockPlanksTainted,腐化木板
ForbiddenMagic:TaintLeaves,1883,true,ForbiddenMagic,fox.spiteful.forbidden.blocks.BlockLeavesTainted,腐化树叶
ForbiddenMagic:TaintSapling,1884,true,ForbiddenMagic,fox.spiteful.forbidden.blocks.BlockSaplingTainted,腐化树苗
ForbiddenMagic:TaintBlock,1885,true,ForbiddenMagic,fox.spiteful.forbidden.blocks.BlockStoneTainted,腐化石头
BloodArsenal:blood_stone,1886,true,BloodArsenal,com.arc.bloodarsenal.common.block.BlockBloodStone,空白血石块
BloodArsenal:blood_tnt,1887,true,BloodArsenal,com.arc.bloodarsenal.common.block.BlockBloodTNT,血之TNT
BloodArsenal:blood_stained_glass,1888,true,BloodArsenal,com.arc.bloodarsenal.common.block.BlockBloodStainedGlass,染血玻璃
BloodArsenal:blood_infused_wood,1889,true,BloodArsenal,com.arc.bloodarsenal.common.block.BlockBloodInfusedWood,注血原木
BloodArsenal:blood_infused_planks,1890,true,BloodArsenal,com.arc.bloodarsenal.common.block.BlockBloodInfusedPlanks,注血木板
BloodArsenal:blood_stained_ice,1891,true,BloodArsenal,com.arc.bloodarsenal.common.block.BlockBloodStainedIce,染血冰块
BloodArsenal:blood_stained_ice_packed,1892,true,BloodArsenal,com.arc.bloodarsenal.common.block.BlockBloodStainedPackedIce,染血浮冰
BloodArsenal:blood_infused_iron_block,1893,true,BloodArsenal,com.arc.bloodarsenal.common.block.BlockInfusedIron,注血铁块
BloodArsenal:blood_cake,1894,true,BloodArsenal,com.arc.bloodarsenal.common.block.BlockBloodCake,血之蛋糕
BloodArsenal:blood_torch,1895,true,BloodArsenal,com.arc.bloodarsenal.common.block.BlockBloodTorch,血之火把
BloodArsenal:blood_infused_glowstone,1896,true,BloodArsenal,com.arc.bloodarsenal.common.block.BlockBloodInfusedGlowstone,注血荧石
BloodArsenal:blood_lamp,1897,true,BloodArsenal,com.arc.bloodarsenal.common.block.BlockBloodLamp,注血灯
BloodArsenal:blood_infused_diamond_block,1898,true,BloodArsenal,com.arc.bloodarsenal.common.block.BlockBloodInfusedDiamond,注血钻石块
BloodArsenal:portable_altar,1899,true,BloodArsenal,com.arc.bloodarsenal.common.block.BlockPortableAltar,可携式祭坛
BloodArsenal:life_infuser,1900,true,BloodArsenal,com.arc.bloodarsenal.common.block.BlockLifeInfuser,生命注入器
BloodArsenal:compacter,1901,true,BloodArsenal,com.arc.bloodarsenal.common.block.BlockCompacter,灵魂压缩器
BloodArsenal:lp_materializer,1902,true,BloodArsenal,com.arc.bloodarsenal.common.block.BlockLPMaterializer,生命能量具现器
BloodArsenal:compacted_mrs,1903,true,BloodArsenal,com.arc.bloodarsenal.common.block.BlockCompactedMRS,压缩的主仪式石
BloodArsenal:block_burned_string,1904,true,BloodArsenal,com.arc.bloodarsenal.common.block.BlockBurnedString,血灼之线
TwilightForest:tile.TFLog,1905,true,TwilightForest,twilightforest.block.BlockTFLog,暮色橡树原木
TwilightForest:tile.TFPlank,1906,true,TwilightForest,twilightforest.block.BlockTFWood,暮色橡树木板
TwilightForest:tile.TFWoodSlab,1907,true,TwilightForest,twilightforest.block.BlockTFWoodSlab,暮色橡树台阶
TwilightForest:tile.TFWoodSlabDouble,1908,true,TwilightForest,twilightforest.block.BlockTFWoodSlab,暮色橡树台阶
TwilightForest:tile.TFWoodStairsTwilight,1909,true,TwilightForest,twilightforest.block.BlockTFWoodStairs,暮色橡树楼梯
TwilightForest:tile.TFWoodStairsCanopy,1910,true,TwilightForest,twilightforest.block.BlockTFWoodStairs,苍穹树楼梯
TwilightForest:tile.TFWoodStairsMangrove,1911,true,TwilightForest,twilightforest.block.BlockTFWoodStairs,红树木楼梯
TwilightForest:tile.TFWoodStairsDarkwood,1912,true,TwilightForest,twilightforest.block.BlockTFWoodStairs,黑树楼梯
TwilightForest:tile.TFWoodStairsTime,1913,true,TwilightForest,twilightforest.block.BlockTFWoodStairs,时光树楼梯
TwilightForest:tile.TFWoodStairsTrans,1914,true,TwilightForest,twilightforest.block.BlockTFWoodStairs,变化树楼梯
TwilightForest:tile.TFWoodStairsMine,1915,true,TwilightForest,twilightforest.block.BlockTFWoodStairs,矿工树楼梯
TwilightForest:tile.TFWoodStairsSort,1916,true,TwilightForest,twilightforest.block.BlockTFWoodStairs,分类树楼梯
TwilightForest:tile.TFDoorTwilight,1917,true,TwilightForest,twilightforest.block.BlockTFDoor,tile.TFDoorTwilight.0.name
TwilightForest:tile.TFDoorCanopy,1918,true,TwilightForest,twilightforest.block.BlockTFDoor,tile.TFDoorCanopy.0.name
TwilightForest:tile.TFDoorMangrove,1919,true,TwilightForest,twilightforest.block.BlockTFDoor,tile.TFDoorMangrove.0.name
TwilightForest:tile.TFDoorDarkwood,1920,true,TwilightForest,twilightforest.block.BlockTFDoor,tile.TFDoorDarkwood.0.name
TwilightForest:tile.TFDoorTime,1921,true,TwilightForest,twilightforest.block.BlockTFDoor,tile.TFDoorTime.0.name
TwilightForest:tile.TFDoorTrans,1922,true,TwilightForest,twilightforest.block.BlockTFDoor,tile.TFDoorTrans.0.name
TwilightForest:tile.TFDoorMine,1923,true,TwilightForest,twilightforest.block.BlockTFDoor,tile.TFDoorMine.0.name
TwilightForest:tile.TFDoorSort,1924,true,TwilightForest,twilightforest.block.BlockTFDoor,tile.TFDoorSort.0.name
TwilightForest:tile.TFTrapDoorTwilight,1925,true,TwilightForest,twilightforest.block.BlockTFTrapDoor,暮色橡树活板门
TwilightForest:tile.TFTrapDoorCanopy,1926,true,TwilightForest,twilightforest.block.BlockTFTrapDoor,苍穹树活板门
TwilightForest:tile.TFTrapDoorMangrove,1927,true,TwilightForest,twilightforest.block.BlockTFTrapDoor,红树木活板门
TwilightForest:tile.TFTrapDoorDarkwood,1928,true,TwilightForest,twilightforest.block.BlockTFTrapDoor,黑树活板门
TwilightForest:tile.TFTrapDoorTime,1929,true,TwilightForest,twilightforest.block.BlockTFTrapDoor,时光树活板门
TwilightForest:tile.TFTrapDoorTrans,1930,true,TwilightForest,twilightforest.block.BlockTFTrapDoor,变化树活板门
TwilightForest:tile.TFTrapDoorMine,1931,true,TwilightForest,twilightforest.block.BlockTFTrapDoor,矿工树活板门
TwilightForest:tile.TFTrapDoorSort,1932,true,TwilightForest,twilightforest.block.BlockTFTrapDoor,分类树活板门
TwilightForest:tile.TFChestTwilight,1933,true,TwilightForest,twilightforest.block.BlockTFChest,暮色橡树箱子
TwilightForest:tile.TFChestCanopy,1934,true,TwilightForest,twilightforest.block.BlockTFChest,苍穹树箱子
TwilightForest:tile.TFChestMangrove,1935,true,TwilightForest,twilightforest.block.BlockTFChest,红树木箱子
TwilightForest:tile.TFChestDarkwood,1936,true,TwilightForest,twilightforest.block.BlockTFChest,黑树箱子
TwilightForest:tile.TFChestTime,1937,true,TwilightForest,twilightforest.block.BlockTFChest,时光树箱子
TwilightForest:tile.TFChestTrans,1938,true,TwilightForest,twilightforest.block.BlockTFChest,变化树箱子
TwilightForest:tile.TFChestMine,1939,true,TwilightForest,twilightforest.block.BlockTFChest,矿工树箱子
TwilightForest:tile.TFChestSort,1940,true,TwilightForest,twilightforest.block.BlockTFChest,分类树箱子
TwilightForest:tile.TFChestTrapTwilight,1941,true,TwilightForest,twilightforest.block.BlockTFChest,暮色橡树陷阱箱
TwilightForest:tile.TFChestTrapCanopy,1942,true,TwilightForest,twilightforest.block.BlockTFChest,苍穹树陷阱箱
TwilightForest:tile.TFChestTrapMangrove,1943,true,TwilightForest,twilightforest.block.BlockTFChest,红树木陷阱箱
TwilightForest:tile.TFChestTrapDarkwood,1944,true,TwilightForest,twilightforest.block.BlockTFChest,黑树陷阱箱
TwilightForest:tile.TFChestTrapTime,1945,true,TwilightForest,twilightforest.block.BlockTFChest,时光树陷阱箱
TwilightForest:tile.TFChestTrapTrans,1946,true,TwilightForest,twilightforest.block.BlockTFChest,变化树陷阱箱
TwilightForest:tile.TFChestTrapMine,1947,true,TwilightForest,twilightforest.block.BlockTFChest,矿工树陷阱箱
TwilightForest:tile.TFChestTrapSort,1948,true,TwilightForest,twilightforest.block.BlockTFChest,分类树陷阱箱
TwilightForest:tile.TFRoots,1949,true,TwilightForest,twilightforest.block.BlockTFRoots,根茎
TwilightForest:tile.TFLeaves,1950,true,TwilightForest,twilightforest.block.BlockTFLeaves,暮色橡树树叶
TwilightForest:tile.TFFirefly,1951,true,TwilightForest,twilightforest.block.BlockTFFirefly,萤火虫
TwilightForest:tile.TFCicada,1952,true,TwilightForest,twilightforest.block.BlockTFCicada,蝉
TwilightForest:tile.TFPortal,1953,true,TwilightForest,twilightforest.block.BlockTFPortal,暮色森林入口
TwilightForest:tile.TFMazestone,1954,true,TwilightForest,twilightforest.block.BlockTFMazestone,迷宫石头
TwilightForest:tile.TFHedge,1955,true,TwilightForest,twilightforest.block.BlockTFHedge,树篱
TwilightForest:tile.TFBossSpawner,1956,true,TwilightForest,twilightforest.block.BlockTFBossSpawner,生成 娜迦
TwilightForest:tile.TFFireflyJar,1957,true,TwilightForest,twilightforest.block.BlockTFFireflyJar,萤火虫罐
TwilightForest:tile.TFPlant,1958,true,TwilightForest,twilightforest.block.BlockTFPlant,tile.TFPlant.0.name
TwilightForest:tile.TFUncraftingTable,1959,true,TwilightForest,twilightforest.block.BlockTFUncraftingTable,多功能工作台
TwilightForest:tile.TFFireJet,1960,true,TwilightForest,twilightforest.block.BlockTFFireJet,烟雾方块
TwilightForest:tile.TFNagastone,1961,true,TwilightForest,twilightforest.block.BlockTFNagastone,娜迦头方块
TwilightForest:tile.TFNagastoneBody,1962,true,TwilightForest,twilightforest.block.BlockTFNagastone2,娜迦石方块
TwilightForest:tile.TFNagastoneHead,1963,true,TwilightForest,twilightforest.block.BlockTFNagastone2,娜迦头方块
TwilightForest:tile.TFNagastoneEtched,1964,true,TwilightForest,twilightforest.block.BlockTFNagastoneEtched,腐蚀的娜迦石方块
TwilightForest:tile.TFNagastoneEtchedMossy,1965,true,TwilightForest,twilightforest.block.BlockTFNagastoneEtched,苔蚀娜迦石方块
TwilightForest:tile.TFNagastoneEtchedWeathered,1966,true,TwilightForest,twilightforest.block.BlockTFNagastoneEtched,风化娜迦石方块
TwilightForest:tile.TFNagastoneStairsLeft,1967,true,TwilightForest,twilightforest.block.BlockTFNagastoneStairs,娜迦石楼梯(左)
TwilightForest:tile.TFNagastoneStairsRight,1968,true,TwilightForest,twilightforest.block.BlockTFNagastoneStairs,娜迦石楼梯(右)
TwilightForest:tile.TFNagastoneStairsMossyLeft,1969,true,TwilightForest,twilightforest.block.BlockTFNagastoneStairs,苔藓娜迦石楼梯(左)
TwilightForest:tile.TFNagastoneStairsMossyRight,1970,true,TwilightForest,twilightforest.block.BlockTFNagastoneStairs,苔藓娜迦石楼梯(右)
TwilightForest:tile.TFNagastoneStairsWeatheredLeft,1971,true,TwilightForest,twilightforest.block.BlockTFNagastoneStairs,风化的娜迦石楼梯(左)
TwilightForest:tile.TFNagastoneStairsWeatheredRight,1972,true,TwilightForest,twilightforest.block.BlockTFNagastoneStairs,风化的娜迦石楼梯(右)
TwilightForest:tile.TFNagastonePillar,1973,true,TwilightForest,twilightforest.block.BlockTFNagastonePillar,竖纹娜迦石
TwilightForest:tile.TFNagastonePillarMossy,1974,true,TwilightForest,twilightforest.block.BlockTFNagastonePillar,苔藓腐蚀的竖纹娜迦石
TwilightForest:tile.TFNagastonePillarWeathered,1975,true,TwilightForest,twilightforest.block.BlockTFNagastonePillar,损坏的竖纹娜迦石
TwilightForest:tile.TFSpiralBricks,1976,true,TwilightForest,twilightforest.block.BlockTFSpiralBricks,螺旋纹石砖
TwilightForest:tile.TFSapling,1977,true,TwilightForest,twilightforest.block.BlockTFSapling,暮色橡树树苗
TwilightForest:tile.TFMoonworm,1978,true,TwilightForest,twilightforest.block.BlockTFMoonworm,月光蠕虫
TwilightForest:tile.TFMagicLog,1979,true,TwilightForest,twilightforest.block.BlockTFMagicLog,时光树原木
TwilightForest:tile.TFMagicLeaves,1980,true,TwilightForest,twilightforest.block.BlockTFMagicLeaves,时光树树叶
TwilightForest:tile.TFMagicLogSpecial,1981,true,TwilightForest,twilightforest.block.BlockTFMagicLogSpecial,时光树的时钟
TwilightForest:tile.TFTowerStone,1982,true,TwilightForest,twilightforest.block.BlockTFTowerWood,塔的木板
TwilightForest:tile.TFTowerDevice,1983,true,TwilightForest,twilightforest.block.BlockTFTowerDevice,重现方块
TwilightForest:tile.TFTowerTranslucent,1984,true,TwilightForest,twilightforest.block.BlockTFTowerTranslucent,消失的重现方块
TwilightForest:tile.TFExperiment115,1985,true,TwilightForest,twilightforest.block.BlockTFExperiment115,tile.TFExperiment115.0.name
TwilightForest:tile.TFTrophy,1986,true,TwilightForest,twilightforest.block.BlockTFTrophy,tile.TFTrophy.0.name
TwilightForest:tile.TFShield,1987,true,TwilightForest,twilightforest.block.BlockTFShield,要塞屏障
TwilightForest:tile.TFTrophyPedestal,1988,true,TwilightForest,twilightforest.block.BlockTFTrophyPedestal,战利品宝座
TwilightForest:tile.TFAuroraBrick,1989,true,TwilightForest,twilightforest.block.BlockTFAuroraBrick,极光方块
TwilightForest:tile.TFUnderBrick,1990,true,TwilightForest,twilightforest.block.BlockTFUnderBrick,地下砖
TwilightForest:tile.TFThorns,1991,true,TwilightForest,twilightforest.block.BlockTFThorns,荆棘
TwilightForest:tile.TFBurntThorns,1992,true,TwilightForest,twilightforest.block.BlockTFBurntThorns,荆棘灰烬
TwilightForest:tile.TFThornRose,1993,true,TwilightForest,twilightforest.block.BlockTFThornRose,荆棘玫瑰
TwilightForest:tile.TFLeaves3,1994,true,TwilightForest,twilightforest.block.BlockTFLeaves3,荆棘叶
TwilightForest:tile.TFDeadrock,1995,true,TwilightForest,twilightforest.block.BlockTFDeadrock,风化废石
TwilightForest:tile.DarkLeaves,1996,true,TwilightForest,twilightforest.block.BlockTFDarkLeaves,黑树树叶
TwilightForest:tile.AuroraPillar,1997,true,TwilightForest,twilightforest.block.BlockTFAuroraPillar,极光柱
TwilightForest:tile.AuroraSlab,1998,true,TwilightForest,twilightforest.block.BlockTFAuroraSlab,极光半砖
TwilightForest:tile.AuroraDoubleSlab,1999,true,TwilightForest,twilightforest.block.BlockTFAuroraSlab,极光半砖
TwilightForest:tile.TrollSteinn,2000,true,TwilightForest,twilightforest.block.BlockTFTrollSteinn,巨魔石
TwilightForest:tile.WispyCloud,2001,true,TwilightForest,twilightforest.block.BlockTFWispyCloud,飘渺的云
TwilightForest:tile.FluffyCloud,2002,true,TwilightForest,twilightforest.block.BlockTFFluffyCloud,蓬松的云
TwilightForest:tile.GiantCobble,2003,true,TwilightForest,twilightforest.block.BlockTFGiantCobble,巨型圆石
TwilightForest:tile.GiantLog,2004,true,TwilightForest,twilightforest.block.BlockTFGiantLog,巨型原木
TwilightForest:tile.GiantLeaves,2005,true,TwilightForest,twilightforest.block.BlockTFGiantLeaves,巨型树叶
TwilightForest:tile.GiantObsidian,2006,true,TwilightForest,twilightforest.block.BlockTFGiantObsidian,巨型黑曜石
TwilightForest:tile.UberousSoil,2007,true,TwilightForest,twilightforest.block.BlockTFUberousSoil,培养土
TwilightForest:tile.HugeStalk,2008,true,TwilightForest,twilightforest.block.BlockTFHugeStalk,巨大的茎
TwilightForest:tile.HugeGloomBlock,2009,true,TwilightForest,twilightforest.block.BlockTFHugeGloomBlock,巨型暮色森林蘑菇
TwilightForest:tile.TrollVidr,2010,true,TwilightForest,twilightforest.block.BlockTFTrollRoot,巨魔藤蔓
TwilightForest:tile.UnripeTrollBer,2011,true,TwilightForest,twilightforest.block.BlockTFUnripeTorchCluster,未成熟的巨魔浆果
TwilightForest:tile.TrollBer,2012,true,TwilightForest,twilightforest.block.BlockTFRipeTorchCluster,巨魔浆果
TwilightForest:tile.KnightmetalBlock,2013,true,TwilightForest,twilightforest.block.BlockTFKnightmetalBlock,骑士金属块
TwilightForest:tile.ArcticFurBlock,2014,true,TwilightForest,twilightforest.block.BlockTFCompressed,极地毛皮块
TwilightForest:tile.CarminiteBlock,2015,true,TwilightForest,twilightforest.block.BlockTFCompressed,砷铅铁块
TwilightForest:tile.FieryBlock,2016,true,TwilightForest,twilightforest.block.BlockTFCompressed,炽热的金属块
TwilightForest:tile.IronwoodBlock,2017,true,TwilightForest,twilightforest.block.BlockTFCompressed,铁木块
TwilightForest:tile.SteeleafBlock,2018,true,TwilightForest,twilightforest.block.BlockTFCompressed,钢叶块
TwilightForest:tile.HugeLilyPad,2019,true,TwilightForest,twilightforest.block.BlockTFHugeLilyPad,巨型荷叶
TwilightForest:tile.HugeWaterLily,2020,true,TwilightForest,twilightforest.block.BlockTFHugeWaterLily,巨型荷花
TwilightForest:tile.Slider,2021,true,TwilightForest,twilightforest.block.BlockTFSlider,移动陷阱
TwilightForest:tile.CastleBrick,2022,true,TwilightForest,twilightforest.block.BlockTFCastleBlock,城堡砖
TwilightForest:tile.CastleMagic,2023,true,TwilightForest,twilightforest.block.BlockTFCastleMagic,蓝色符文砖
TwilightForest:tile.ForceField,2024,true,TwilightForest,twilightforest.block.BlockTFForceField,紫色力场
TwilightForest:tile.CinderFurnaceIdle,2025,true,TwilightForest,twilightforest.block.BlockTFCinderFurnace,余烬熔炉
TwilightForest:tile.CinderFurnaceLit,2026,true,TwilightForest,twilightforest.block.BlockTFCinderFurnace,余烬熔炉
TwilightForest:tile.CinderLog,2027,true,TwilightForest,twilightforest.block.BlockTFCinderLog,余烬原木
TwilightForest:tile.CastleDoor,2028,true,TwilightForest,twilightforest.block.BlockTFCastleDoor,蓝色城堡门
TwilightForest:tile.CastleDoorVanished,2029,true,TwilightForest,twilightforest.block.BlockTFCastleDoor,蓝色城堡门
chisel:aluminumblock,2030,true,chisel,team.chisel.block.BlockBeaconBase,铝块
chisel:aluminum_stairs.0,2031,true,chisel,team.chisel.block.BlockCarvableStairs,铝制楼梯
chisel:aluminum_stairs.1,2032,true,chisel,team.chisel.block.BlockCarvableStairs,铝制楼梯
chisel:aluminum_stairs.2,2033,true,chisel,team.chisel.block.BlockCarvableStairs,铝制楼梯
chisel:amber,2034,true,chisel,team.chisel.block.BlockCarvable,琥珀块
chisel:andesite,2035,true,chisel,team.chisel.block.BlockCarvable,安山岩
chisel:antiBlock,2036,true,chisel,team.chisel.block.BlockCarvableGlowie,纯色方块
chisel:arcane,2037,true,chisel,team.chisel.block.BlockCarvable,奥术石块
chisel:autoChisel,2038,true,chisel,team.chisel.block.BlockAutoChisel,自动雕刻机
chisel:beacon,2039,true,chisel,team.chisel.block.BlockCarvableBeacon,信标
chisel:bloodRune,2040,true,chisel,team.chisel.block.BlockCarvable,气血符文石
chisel:bloodBrick,2041,true,chisel,team.chisel.block.BlockCarvable,血石砖
chisel:bookshelf,2042,true,chisel,team.chisel.block.BlockCarvableBookshelf,书架
chisel:brickCustom2,2043,true,chisel,team.chisel.block.BlockCarvable,砖块
chisel:brickCustom,2044,true,chisel,team.chisel.block.BlockCarvable,砖块
chisel:bronzeblock,2045,true,chisel,team.chisel.block.BlockBeaconBase,青铜块
chisel:carpet_block,2046,true,chisel,team.chisel.block.BlockCarvable,地毯
chisel:carpet,2047,true,chisel,team.chisel.block.BlockCarvableCarpet,地毯
chisel:cloud,2048,true,chisel,team.chisel.block.BlockCloud,云朵
chisel:cobblestone,2049,true,chisel,team.chisel.block.BlockCarvable,圆石
chisel:mossy_cobblestone,2050,true,chisel,team.chisel.block.BlockCarvable,苔石
chisel:concrete,2051,true,chisel,team.chisel.block.BlockConcrete,混凝土
chisel:concrete_slab,2052,true,chisel,team.chisel.block.BlockCarvableConcreteSlab,混凝土台阶
chisel:concrete_slab_top,2053,true,chisel,team.chisel.block.BlockCarvableConcreteSlab,混凝土台阶
chisel:concrete_stairs.0,2054,true,chisel,team.chisel.block.BlockCarvableConcreteStairs,混凝土楼梯
chisel:concrete_stairs.1,2055,true,chisel,team.chisel.block.BlockCarvableConcreteStairs,混凝土楼梯
chisel:concrete_stairs.2,2056,true,chisel,team.chisel.block.BlockCarvableConcreteStairs,混凝土楼梯
chisel:concrete_stairs.3,2057,true,chisel,team.chisel.block.BlockCarvableConcreteStairs,混凝土楼梯
chisel:concrete_stairs.4,2058,true,chisel,team.chisel.block.BlockCarvableConcreteStairs,混凝土楼梯
chisel:concrete_stairs.5,2059,true,chisel,team.chisel.block.BlockCarvableConcreteStairs,混凝土楼梯
chisel:copperblock,2060,true,chisel,team.chisel.block.BlockBeaconBase,铜块
chisel:cubit,2061,true,chisel,team.chisel.block.BlockCarvable,立方休
chisel:diamond_block,2062,true,chisel,team.chisel.block.BlockBeaconBase,钻石块
chisel:diorite,2063,true,chisel,team.chisel.block.BlockCarvable,闪长岩
chisel:dirt,2064,true,chisel,team.chisel.block.BlockCarvable,泥土
chisel:emerald_block,2065,true,chisel,team.chisel.block.BlockBeaconBase,绿宝石块
chisel:end_Stone,2066,true,chisel,team.chisel.block.BlockCarvable,末地石
chisel:factoryblock,2067,true,chisel,team.chisel.block.BlockCarvable,工厂方块
chisel:factoryblock2,2068,true,chisel,team.chisel.block.BlockCarvable,工厂方块
chisel:fantasyblock,2069,true,chisel,team.chisel.block.BlockCarvable,紫色幻想石
chisel:fantasyblock2,2070,true,chisel,team.chisel.block.BlockCarvable,幻想石
chisel:futura,2071,true,chisel,team.chisel.block.BlockCarvable,科幻方块
chisel:futuraCircuit,2072,true,chisel,team.chisel.block.BlockCarvableGlow,科幻电路
chisel:glass,2073,true,chisel,team.chisel.block.BlockCarvableGlass,玻璃
chisel:glass2,2074,true,chisel,team.chisel.block.BlockCarvableGlass,玻璃
chisel:glass_pane,2075,true,chisel,team.chisel.block.BlockCarvablePane,玻璃板
chisel:stained_glass_forestry,2076,true,chisel,team.chisel.block.BlockCarvableGlass,染色玻璃
chisel:stained_glass_white,2077,true,chisel,team.chisel.block.BlockCarvableGlass,染色玻璃
chisel:stained_glass_yellow,2078,true,chisel,team.chisel.block.BlockCarvableGlass,染色玻璃
chisel:stained_glass_lightgray,2079,true,chisel,team.chisel.block.BlockCarvableGlass,染色玻璃
chisel:stained_glass_brown,2080,true,chisel,team.chisel.block.BlockCarvableGlass,染色玻璃
chisel:stained_glass_pane_white,2081,true,chisel,team.chisel.block.BlockCarvablePane,染色玻璃板
chisel:stained_glass_pane_magenta,2082,true,chisel,team.chisel.block.BlockCarvablePane,染色玻璃板
chisel:stained_glass_pane_yellow,2083,true,chisel,team.chisel.block.BlockCarvablePane,染色玻璃板
chisel:stained_glass_pane_pink,2084,true,chisel,team.chisel.block.BlockCarvablePane,染色玻璃板
chisel:stained_glass_pane_lightgray,2085,true,chisel,team.chisel.block.BlockCarvablePane,染色玻璃板
chisel:stained_glass_pane_purple,2086,true,chisel,team.chisel.block.BlockCarvablePane,染色玻璃板
chisel:stained_glass_pane_brown,2087,true,chisel,team.chisel.block.BlockCarvablePane,染色玻璃板
chisel:stained_glass_pane_red,2088,true,chisel,team.chisel.block.BlockCarvablePane,染色玻璃板
chisel:glotek,2089,true,chisel,team.chisel.block.BlockCarvableGlowie,GloTek
chisel:glowstone,2090,true,chisel,team.chisel.block.BlockCarvableGlowstone,荧石
chisel:gold2,2091,true,chisel,team.chisel.block.BlockBeaconBase,金块
chisel:gold_block,2092,true,chisel,team.chisel.block.BlockBeaconBase,金块
chisel:granite,2093,true,chisel,team.chisel.block.BlockCarvable,花岗岩
chisel:grimstone,2094,true,chisel,team.chisel.block.BlockGrimstone,阴森石
chisel:hardened_clay,2095,true,chisel,team.chisel.block.BlockCarvable,陶瓦
chisel:hardened_clay2,2096,true,chisel,team.chisel.block.BlockCarvable,陶瓦
chisel:hardened_clay_white,2097,true,chisel,team.chisel.block.BlockCarvable,白色陶瓦
chisel:hardened_clay_white2,2098,true,chisel,team.chisel.block.BlockCarvable,白色陶瓦
chisel:hardened_clay_orange,2099,true,chisel,team.chisel.block.BlockCarvable,橙色陶瓦
chisel:hardened_clay_orange2,2100,true,chisel,team.chisel.block.BlockCarvable,橙色陶瓦
chisel:hardened_clay_magenta,2101,true,chisel,team.chisel.block.BlockCarvable,品红色陶瓦
chisel:hardened_clay_magenta2,2102,true,chisel,team.chisel.block.BlockCarvable,品红色陶瓦
chisel:hardened_clay_lightblue,2103,true,chisel,team.chisel.block.BlockCarvable,淡蓝色陶瓦
chisel:hardened_clay_lightblue2,2104,true,chisel,team.chisel.block.BlockCarvable,淡蓝色陶瓦
chisel:hardened_clay_yellow,2105,true,chisel,team.chisel.block.BlockCarvable,黄色陶瓦
chisel:hardened_clay_yellow2,2106,true,chisel,team.chisel.block.BlockCarvable,黄色陶瓦
chisel:hardened_clay_lime,2107,true,chisel,team.chisel.block.BlockCarvable,黄绿色陶瓦
chisel:hardened_clay_lime2,2108,true,chisel,team.chisel.block.BlockCarvable,黄绿色陶瓦
chisel:hardened_clay_pink,2109,true,chisel,team.chisel.block.BlockCarvable,粉红色陶瓦
chisel:hardened_clay_pink2,2110,true,chisel,team.chisel.block.BlockCarvable,粉红色陶瓦
chisel:hardened_clay_gray,2111,true,chisel,team.chisel.block.BlockCarvable,灰色陶瓦
chisel:hardened_clay_gray2,2112,true,chisel,team.chisel.block.BlockCarvable,灰色陶瓦
chisel:hardened_clay_lightgray,2113,true,chisel,team.chisel.block.BlockCarvable,淡灰色陶瓦
chisel:hardened_clay_lightgray2,2114,true,chisel,team.chisel.block.BlockCarvable,淡灰色陶瓦
chisel:hardened_clay_cyan,2115,true,chisel,team.chisel.block.BlockCarvable,青色陶瓦
chisel:hardened_clay_cyan2,2116,true,chisel,team.chisel.block.BlockCarvable,青色陶瓦
chisel:hardened_clay_purple,2117,true,chisel,team.chisel.block.BlockCarvable,紫色陶瓦
chisel:hardened_clay_purple2,2118,true,chisel,team.chisel.block.BlockCarvable,紫色陶瓦
chisel:hardened_clay_blue,2119,true,chisel,team.chisel.block.BlockCarvable,蓝色陶瓦
chisel:hardened_clay_blue2,2120,true,chisel,team.chisel.block.BlockCarvable,蓝色陶瓦
chisel:hardened_clay_brown,2121,true,chisel,team.chisel.block.BlockCarvable,棕色陶瓦
chisel:hardened_clay_brown2,2122,true,chisel,team.chisel.block.BlockCarvable,棕色陶瓦
chisel:hardened_clay_green,2123,true,chisel,team.chisel.block.BlockCarvable,绿色陶瓦
chisel:hardened_clay_green2,2124,true,chisel,team.chisel.block.BlockCarvable,绿色陶瓦
chisel:hardened_clay_red,2125,true,chisel,team.chisel.block.BlockCarvable,红色陶瓦
chisel:hardened_clay_red2,2126,true,chisel,team.chisel.block.BlockCarvable,红色陶瓦
chisel:hardened_clay_black,2127,true,chisel,team.chisel.block.BlockCarvable,黑色陶瓦
chisel:hardened_clay_black2,2128,true,chisel,team.chisel.block.BlockCarvable,黑色陶瓦
chisel:hexPlating,2129,true,chisel,team.chisel.block.BlockCarvableGlow,六角金属镀层块
chisel:hexLargePlating,2130,true,chisel,team.chisel.block.BlockCarvableGlow,大型六角金属镀层块
chisel:holystone,2131,true,chisel,team.chisel.block.BlockHolystone,神圣石
chisel:hempcrete,2132,true,chisel,team.chisel.block.BlockCarvable,汉麻混凝土
chisel:hempcretesand,2133,true,chisel,team.chisel.block.BlockCarvableSand,粉状汉麻混凝土
chisel:ice,2134,true,chisel,team.chisel.block.BlockCarvableIce,冰
chisel:ice_pillar,2135,true,chisel,team.chisel.block.BlockCarvableIce,冰柱
chisel:ice_stairs.0,2136,true,chisel,team.chisel.block.BlockCarvableIceStairs,冰楼梯
chisel:ice_stairs.1,2137,true,chisel,team.chisel.block.BlockCarvableIceStairs,冰楼梯
chisel:ice_stairs.2,2138,true,chisel,team.chisel.block.BlockCarvableIceStairs,冰楼梯
chisel:ice_stairs.3,2139,true,chisel,team.chisel.block.BlockCarvableIceStairs,冰楼梯
chisel:ice_stairs.4,2140,true,chisel,team.chisel.block.BlockCarvableIceStairs,冰楼梯
chisel:ice_stairs.5,2141,true,chisel,team.chisel.block.BlockCarvableIceStairs,冰楼梯
chisel:ice_stairs.6,2142,true,chisel,team.chisel.block.BlockCarvableIceStairs,冰楼梯
chisel:ice_stairs.7,2143,true,chisel,team.chisel.block.BlockCarvableIceStairs,冰楼梯
chisel:iron_bars,2144,true,chisel,team.chisel.block.BlockCarvablePane,铁栅栏
chisel:iron2,2145,true,chisel,team.chisel.block.BlockBeaconBase,铁块
chisel:iron_block,2146,true,chisel,team.chisel.block.BlockBeaconBase,铁块
chisel:jackolantern1,2147,true,chisel,team.chisel.block.BlockCarvablePumpkin,南瓜灯
chisel:jackolantern2,2148,true,chisel,team.chisel.block.BlockCarvablePumpkin,南瓜灯
chisel:jackolantern3,2149,true,chisel,team.chisel.block.BlockCarvablePumpkin,南瓜灯
chisel:jackolantern4,2150,true,chisel,team.chisel.block.BlockCarvablePumpkin,南瓜灯
chisel:jackolantern5,2151,true,chisel,team.chisel.block.BlockCarvablePumpkin,南瓜灯
chisel:jackolantern6,2152,true,chisel,team.chisel.block.BlockCarvablePumpkin,南瓜灯
chisel:jackolantern7,2153,true,chisel,team.chisel.block.BlockCarvablePumpkin,南瓜灯
chisel:jackolantern8,2154,true,chisel,team.chisel.block.BlockCarvablePumpkin,南瓜灯
chisel:jackolantern9,2155,true,chisel,team.chisel.block.BlockCarvablePumpkin,南瓜灯
chisel:jackolantern10,2156,true,chisel,team.chisel.block.BlockCarvablePumpkin,南瓜灯
chisel:jackolantern11,2157,true,chisel,team.chisel.block.BlockCarvablePumpkin,南瓜灯
chisel:jackolantern12,2158,true,chisel,team.chisel.block.BlockCarvablePumpkin,南瓜灯
chisel:jackolantern13,2159,true,chisel,team.chisel.block.BlockCarvablePumpkin,南瓜灯
chisel:jackolantern14,2160,true,chisel,team.chisel.block.BlockCarvablePumpkin,南瓜灯
chisel:jackolantern15,2161,true,chisel,team.chisel.block.BlockCarvablePumpkin,南瓜灯
chisel:jackolantern16,2162,true,chisel,team.chisel.block.BlockCarvablePumpkin,南瓜灯
chisel:laboratoryblock,2163,true,chisel,team.chisel.block.BlockCarvable,实验室方块
chisel:lapis_block,2164,true,chisel,team.chisel.block.BlockCarvable,青金石块
chisel:lavastone,2165,true,chisel,team.chisel.block.BlockLavastone,熔岩石
chisel:leadblock,2166,true,chisel,team.chisel.block.BlockBeaconBase,铅块
chisel:leaves,2167,true,chisel,team.chisel.block.BlockLeaf,树叶
chisel:limestone,2168,true,chisel,team.chisel.block.BlockCarvable,石灰岩
chisel:limestone_slab,2169,true,chisel,team.chisel.block.BlockCarvableSlab,石灰岩台阶
chisel:limestone_slab_top,2170,true,chisel,team.chisel.block.BlockCarvableSlab,石灰岩台阶
chisel:limestone_stairs.0,2171,true,chisel,team.chisel.block.BlockCarvableStairs,石灰岩楼梯
chisel:limestone_stairs.1,2172,true,chisel,team.chisel.block.BlockCarvableStairs,石灰岩楼梯
chisel:limestone_stairs.2,2173,true,chisel,team.chisel.block.BlockCarvableStairs,石灰岩楼梯
chisel:limestone_stairs.3,2174,true,chisel,team.chisel.block.BlockCarvableStairs,石灰岩楼梯
chisel:limestone_stairs.4,2175,true,chisel,team.chisel.block.BlockCarvableStairs,石灰岩楼梯
chisel:limestone_stairs.5,2176,true,chisel,team.chisel.block.BlockCarvableStairs,石灰岩楼梯
chisel:limestone_stairs.6,2177,true,chisel,team.chisel.block.BlockCarvableStairs,石灰岩楼梯
chisel:limestone_stairs.7,2178,true,chisel,team.chisel.block.BlockCarvableStairs,石灰岩楼梯
chisel:marble,2179,true,chisel,team.chisel.block.BlockCarvable,大理石
chisel:marble_slab,2180,true,chisel,team.chisel.block.BlockCarvableSlab,大理石台阶
chisel:marble_slab_top,2181,true,chisel,team.chisel.block.BlockCarvableSlab,大理石台阶
chisel:marble_stairs.0,2182,true,chisel,team.chisel.block.BlockCarvableStairs,大理石楼梯
chisel:marble_stairs.1,2183,true,chisel,team.chisel.block.BlockCarvableStairs,大理石楼梯
chisel:marble_stairs.2,2184,true,chisel,team.chisel.block.BlockCarvableStairs,大理石楼梯
chisel:marble_stairs.3,2185,true,chisel,team.chisel.block.BlockCarvableStairs,大理石楼梯
chisel:marble_stairs.4,2186,true,chisel,team.chisel.block.BlockCarvableStairs,大理石楼梯
chisel:marble_stairs.5,2187,true,chisel,team.chisel.block.BlockCarvableStairs,大理石楼梯
chisel:marble_stairs.6,2188,true,chisel,team.chisel.block.BlockCarvableStairs,大理石楼梯
chisel:marble_stairs.7,2189,true,chisel,team.chisel.block.BlockCarvableStairs,大理石楼梯
chisel:marble_pillar,2190,true,chisel,team.chisel.block.BlockCarvable,大理石柱
chisel:marble_pillar_slab,2191,true,chisel,team.chisel.block.BlockCarvableSlab,大理石柱板
chisel:marble_pillar_slab_top,2192,true,chisel,team.chisel.block.BlockCarvableSlab,大理石柱板
chisel:nation,2193,true,chisel,team.chisel.block.BlockCarvable,帝国方块
chisel:rebel,2194,true,chisel,team.chisel.block.BlockCarvable,叛军方块
chisel:neonite,2195,true,chisel,team.chisel.block.BlockCarvableGlowie,霓虹石
chisel:nether_brick,2196,true,chisel,team.chisel.block.BlockCarvable,地狱砖
chisel:netherrack,2197,true,chisel,null,地狱岩
chisel:nucrete,2198,true,chisel,team.chisel.block.BlockCarvable,结构混凝土
chisel:obsidian,2199,true,chisel,team.chisel.block.BlockCarvable,黑曜石
chisel:packedice,2200,true,chisel,team.chisel.block.BlockCarvablePackedIce,浮冰
chisel:packedice_pillar,2201,true,chisel,team.chisel.block.BlockCarvablePackedIce,浮冰柱
chisel:packedice_stairs.0,2202,true,chisel,team.chisel.block.BlockCarvablePackedIceStairs,浮冰楼梯
chisel:packedice_stairs.1,2203,true,chisel,team.chisel.block.BlockCarvablePackedIceStairs,浮冰楼梯
chisel:packedice_stairs.2,2204,true,chisel,team.chisel.block.BlockCarvablePackedIceStairs,浮冰楼梯
chisel:packedice_stairs.3,2205,true,chisel,team.chisel.block.BlockCarvablePackedIceStairs,浮冰楼梯
chisel:packedice_stairs.4,2206,true,chisel,team.chisel.block.BlockCarvablePackedIceStairs,浮冰楼梯
chisel:packedice_stairs.5,2207,true,chisel,team.chisel.block.BlockCarvablePackedIceStairs,浮冰楼梯
chisel:packedice_stairs.6,2208,true,chisel,team.chisel.block.BlockCarvablePackedIceStairs,浮冰楼梯
chisel:packedice_stairs.7,2209,true,chisel,team.chisel.block.BlockCarvablePackedIceStairs,浮冰楼梯
chisel:paperwall,2210,true,chisel,team.chisel.block.BlockCarvablePane,障子
chisel:paperwall_block,2211,true,chisel,team.chisel.block.BlockCarvable,障子方块
chisel:present,2212,true,chisel,team.chisel.block.BlockPresent,礼物
chisel:pumpkin1,2213,true,chisel,team.chisel.block.BlockCarvablePumpkin,南瓜
chisel:pumpkin2,2214,true,chisel,team.chisel.block.BlockCarvablePumpkin,南瓜
chisel:pumpkin3,2215,true,chisel,team.chisel.block.BlockCarvablePumpkin,南瓜
chisel:pumpkin4,2216,true,chisel,team.chisel.block.BlockCarvablePumpkin,南瓜
chisel:pumpkin5,2217,true,chisel,team.chisel.block.BlockCarvablePumpkin,南瓜
chisel:pumpkin6,2218,true,chisel,team.chisel.block.BlockCarvablePumpkin,南瓜
chisel:pumpkin7,2219,true,chisel,team.chisel.block.BlockCarvablePumpkin,南瓜
chisel:pumpkin8,2220,true,chisel,team.chisel.block.BlockCarvablePumpkin,南瓜
chisel:pumpkin9,2221,true,chisel,team.chisel.block.BlockCarvablePumpkin,南瓜
chisel:pumpkin10,2222,true,chisel,team.chisel.block.BlockCarvablePumpkin,南瓜
chisel:pumpkin11,2223,true,chisel,team.chisel.block.BlockCarvablePumpkin,南瓜
chisel:pumpkin12,2224,true,chisel,team.chisel.block.BlockCarvablePumpkin,南瓜
chisel:pumpkin13,2225,true,chisel,team.chisel.block.BlockCarvablePumpkin,南瓜
chisel:pumpkin14,2226,true,chisel,team.chisel.block.BlockCarvablePumpkin,南瓜
chisel:pumpkin15,2227,true,chisel,team.chisel.block.BlockCarvablePumpkin,南瓜
chisel:pumpkin16,2228,true,chisel,team.chisel.block.BlockCarvablePumpkin,南瓜
chisel:purpur,2229,true,chisel,team.chisel.block.BlockCarvable,紫珀块
chisel:redstone_block,2230,true,chisel,team.chisel.block.BlockCarvablePowered,红石块
chisel:road_line,2231,true,chisel,team.chisel.block.BlockRoadLine,道路标线
chisel:sandstone,2232,true,chisel,team.chisel.block.BlockCarvable,沙石
chisel:sandstone2,2233,true,chisel,team.chisel.block.BlockCarvable,沙石
chisel:sandstone_scribbles,2234,true,chisel,team.chisel.block.BlockCarvable,刻文沙石
chisel:silverblock,2235,true,chisel,team.chisel.block.BlockBeaconBase,银块
chisel:sand_snakestone,2236,true,chisel,team.chisel.block.BlockSnakestone,蛇纹沙石
chisel:stone_snakestone,2237,true,chisel,team.chisel.block.BlockSnakestone,蛇纹石头
chisel:obsidian_snakestone,2238,true,chisel,team.chisel.block.BlockSnakestoneObsidian,蛇纹黑曜石
chisel:steelblock,2239,true,chisel,team.chisel.block.BlockBeaconBase,钢块
chisel:stonebricksmooth,2240,true,chisel,team.chisel.block.BlockCarvable,石砖
chisel:sveltstone,2241,true,chisel,team.chisel.block.BlockCarvable,精致石头
chisel:tallow,2242,true,chisel,team.chisel.block.BlockCarvable,油脂方块
chisel:technical,2243,true,chisel,team.chisel.block.BlockCarvable,工艺方块
chisel:technical2,2244,true,chisel,team.chisel.block.BlockCarvableGlass,简易工艺方块
chisel:technical3,2245,true,chisel,team.chisel.block.BlockCarvable,工业工艺方块
chisel:technical4,2246,true,chisel,team.chisel.block.BlockCarvable,工艺方块
chisel:templeblock,2247,true,chisel,team.chisel.block.BlockEldritch,神庙石
chisel:mossy_templeblock,2248,true,chisel,team.chisel.block.BlockEldritch,神庙苔石
chisel:tinblock,2249,true,chisel,team.chisel.block.BlockBeaconBase,锡块
chisel:thaumium,2250,true,chisel,team.chisel.block.BlockCarvable,神秘方块
chisel:torch1,2251,true,chisel,team.chisel.block.BlockCarvableTorch,火把
chisel:torch2,2252,true,chisel,team.chisel.block.BlockCarvableTorch,火把
chisel:torch3,2253,true,chisel,team.chisel.block.BlockCarvableTorch,火把
chisel:torch4,2254,true,chisel,team.chisel.block.BlockCarvableTorch,火把
chisel:torch5,2255,true,chisel,team.chisel.block.BlockCarvableTorch,火把
chisel:torch6,2268,true,chisel,team.chisel.block.BlockCarvableTorch,火把
chisel:torch7,2269,true,chisel,team.chisel.block.BlockCarvableTorch,火把
chisel:torch8,2270,true,chisel,team.chisel.block.BlockCarvableTorch,火把
chisel:torch9,2271,true,chisel,team.chisel.block.BlockCarvableTorch,火把
chisel:torch10,2272,true,chisel,team.chisel.block.BlockCarvableTorch,火把
chisel:tyrian,2273,true,chisel,team.chisel.block.BlockCarvable,未来风格金属块
chisel:uraniumblock,2274,true,chisel,team.chisel.block.BlockBeaconBase,铀块
chisel:valentines,2275,true,chisel,team.chisel.block.BlockCarvable,爱之方块
chisel:voidstone,2276,true,chisel,team.chisel.block.BlockCarvable,虚空石
chisel:voidstone2,2277,true,chisel,team.chisel.block.BlockCarvable,充能虚空石
chisel:voidstoneRunic,2278,true,chisel,team.chisel.block.BlockCarvable,符文虚空石
chisel:voidstonePillar,2279,true,chisel,team.chisel.block.BlockCarvable,虚空石柱
chisel:voidstonePillar2,2280,true,chisel,team.chisel.block.BlockCarvable,充能虚空石柱
chisel:warningSign,2281,true,chisel,team.chisel.block.BlockCarvableLayered,警告标志
chisel:waterstone,2282,true,chisel,team.chisel.block.BlockWaterstone,水磨石
chisel:oak_planks,2283,true,chisel,team.chisel.block.BlockCarvable,橡木板
chisel:spruce_planks,2284,true,chisel,team.chisel.block.BlockCarvable,云杉木板
chisel:birch_planks,2285,true,chisel,team.chisel.block.BlockCarvable,白桦木板
chisel:jungle_planks,2286,true,chisel,team.chisel.block.BlockCarvable,丛林木板
chisel:acacia_planks,2287,true,chisel,team.chisel.block.BlockCarvable,金合欢木板
chisel:dark_oak_planks,2288,true,chisel,team.chisel.block.BlockCarvable,深色橡木板
chisel:sacredoak_planks,2289,true,chisel,team.chisel.block.BlockCarvable,神圣橡木木板
chisel:cherry_planks,2290,true,chisel,team.chisel.block.BlockCarvable,樱花木板
chisel:dark_planks,2291,true,chisel,team.chisel.block.BlockCarvable,黑暗木板
chisel:fir_planks,2292,true,chisel,team.chisel.block.BlockCarvable,杉木木板
chisel:ethereal_planks,2293,true,chisel,team.chisel.block.BlockCarvable,空灵木板
chisel:magic_planks,2294,true,chisel,team.chisel.block.BlockCarvable,魔法木板
chisel:mangrove_planks,2295,true,chisel,team.chisel.block.BlockCarvable,红树木板
chisel:palm_planks,2296,true,chisel,team.chisel.block.BlockCarvable,棕榈木板
chisel:redwood_planks,2297,true,chisel,team.chisel.block.BlockCarvable,红杉木板
chisel:willow_planks,2298,true,chisel,team.chisel.block.BlockCarvable,柳木木板
chisel:pine_planks,2299,true,chisel,team.chisel.block.BlockCarvable,松木木板
chisel:hellbark_planks,2300,true,chisel,team.chisel.block.BlockCarvable,地狱皮木板
chisel:jacaranda_planks,2301,true,chisel,team.chisel.block.BlockCarvable,蓝花楹木板
chisel:mahogany_planks,2302,true,chisel,team.chisel.block.BlockCarvable,桃花心木木板
chisel:greatwood_planks,2303,true,chisel,team.chisel.block.BlockCarvable,宏伟之木木板
chisel:silverwood_planks,2304,true,chisel,team.chisel.block.BlockCarvable,银树木板
chisel:woolen_clay,2305,true,chisel,team.chisel.block.BlockCarvable,羊毛黏土
chisel:froglight,2306,true,chisel,team.chisel.block.BlockCarvable,蛙明灯
chisel:lantern,2307,true,chisel,team.chisel.block.BlockCarvable,灯笼
chisel:sheetmetal,2308,true,chisel,team.chisel.block.BlockCarvable,板金属
chisel:moss,2309,true,chisel,team.chisel.block.BlockCarvable,苔藓
chisel:moss_carpet,2310,true,chisel,team.chisel.block.BlockCarvableCarpet,覆地苔藓
chisel:electrumblock,2311,true,chisel,team.chisel.block.BlockBeaconBase,琥珀金块
chisel:invarblock,2312,true,chisel,team.chisel.block.BlockBeaconBase,殷钢块
chisel:nickelblock,2313,true,chisel,team.chisel.block.BlockBeaconBase,镍块
chisel:platinumblock,2314,true,chisel,team.chisel.block.BlockBeaconBase,铂块
chisel:wroughtironblock,2315,true,chisel,team.chisel.block.BlockBeaconBase,锻铁块
chisel:titaniumblock,2316,true,chisel,team.chisel.block.BlockBeaconBase,钛块
chisel:stainlesssteelblock,2317,true,chisel,team.chisel.block.BlockBeaconBase,不锈钢块
chisel:tungstensteelblock,2318,true,chisel,team.chisel.block.BlockBeaconBase,钨钢块
chisel:rppblock,2319,true,chisel,team.chisel.block.BlockBeaconBase,镀铑钯块
chisel:iridiumblock,2320,true,chisel,team.chisel.block.BlockBeaconBase,铱块
chisel:osmiumblock,2321,true,chisel,team.chisel.block.BlockBeaconBase,锇块
chisel:cobaltblock,2322,true,chisel,team.chisel.block.BlockBeaconBase,钴块
chisel:coral,2323,true,chisel,team.chisel.block.BlockCarvable,珊瑚
chisel:mud,2324,true,chisel,team.chisel.block.BlockCarvable,泥
chisel:albumblock2,2325,true,chisel,team.chisel.block.BlockCarvable,音乐方块
chisel:albumblock,2326,true,chisel,team.chisel.block.BlockCarvable,音乐方块
chisel:brutalism,2327,true,chisel,team.chisel.block.BlockCarvable,粗野主义方块
chisel:porcelain,2328,true,chisel,team.chisel.block.BlockCarvable,瓷器方块
chisel:alabaster,2329,true,chisel,team.chisel.block.BlockCarvable,雪花石膏块
chisel:road2,2330,true,chisel,team.chisel.block.BlockCarvable,道路方块
chisel:road,2331,true,chisel,team.chisel.block.BlockCarvable,道路方块
witchery:belladonna,2332,true,witchery,com.emoniph.witchery.blocks.BlockWitchCrop,颠茄
witchery:mandrake,2333,true,witchery,com.emoniph.witchery.blocks.BlockWitchCrop,曼德拉草
witchery:artichoke,2334,true,witchery,com.emoniph.witchery.blocks.BlockWitchCrop,水洋藓
witchery:snowbell,2335,true,witchery,com.emoniph.witchery.blocks.BlockWitchCrop,雪铃花
witchery:wormwood,2336,true,witchery,com.emoniph.witchery.blocks.BlockWitchCrop,苦艾
witchery:mindrake,2337,true,witchery,com.emoniph.witchery.blocks.BlockWitchCrop,矿德拉草
witchery:wolfsbane,2338,true,witchery,com.emoniph.witchery.blocks.BlockWitchCrop,狼毒草
witchery:garlicplant,2339,true,witchery,com.emoniph.witchery.blocks.BlockWitchCrop,大蒜
witchery:witchsapling,2340,true,witchery,com.emoniph.witchery.blocks.BlockWitchSapling,山梨树树苗
witchery:witchlog,2341,true,witchery,com.emoniph.witchery.blocks.BlockWitchLog,山梨树原木
witchery:witchleaves,2342,true,witchery,com.emoniph.witchery.blocks.BlockWitchLeaves,山梨树树叶
witchery:voidbramble,2343,true,witchery,com.emoniph.witchery.blocks.BlockVoidBramble,虚空荆棘
witchery:bramble,2344,true,witchery,com.emoniph.witchery.blocks.BlockBramble,末影荆棘
witchery:glintweed,2345,true,witchery,com.emoniph.witchery.blocks.BlockGlintWeed,闪烁草
witchery:spanishmoss,2346,true,witchery,com.emoniph.witchery.blocks.BlockSpanishMoss,寄生藤
witchery:leapinglily,2347,true,witchery,com.emoniph.witchery.blocks.BlockLeapingLily,跃动莲叶
witchery:plantmine,2348,true,witchery,com.emoniph.witchery.blocks.BlockPlantMine,网玫瑰
witchery:embermoss,2349,true,witchery,com.emoniph.witchery.blocks.BlockEmberMoss,安博苔藓
witchery:crittersnare,2350,true,witchery,com.emoniph.witchery.blocks.BlockCritterSnare,生物陷阱
witchery:grassper,2351,true,witchery,com.emoniph.witchery.blocks.BlockGrassper,擒拿草
witchery:bloodrose,2352,true,witchery,com.emoniph.witchery.blocks.BlockBloodRose,血玫瑰
witchery:somniancotton,2353,true,witchery,com.emoniph.witchery.blocks.BlockCotton,纤细棉花
witchery:web,2354,true,witchery,com.emoniph.witchery.brewing.BlockWitchWeb,密网
witchery:vine,2355,true,witchery,com.emoniph.witchery.brewing.BlockWitchVine,荆棘
witchery:cactus,2356,true,witchery,com.emoniph.witchery.brewing.BlockWitchCactus,仙人掌
witchery:lilypad,2357,true,witchery,com.emoniph.witchery.brewing.BlockWitchLilyPad,睡莲
witchery:demonheart,2358,true,witchery,com.emoniph.witchery.blocks.BlockDemonHeart,恶魔之心
witchery:wolfhead,2359,true,witchery,com.emoniph.witchery.blocks.BlockWolfHead,狼头颅
witchery:witchwood,2360,true,witchery,com.emoniph.witchery.blocks.BlockWitchWood,山梨树木板
witchery:stairswoodrowan,2361,true,witchery,com.emoniph.witchery.blocks.BlockWitchWoodStairs,山梨树楼梯
witchery:stairswoodalder,2362,true,witchery,com.emoniph.witchery.blocks.BlockWitchWoodStairs,赤杨树楼梯
witchery:stairswoodhawthorn,2363,true,witchery,com.emoniph.witchery.blocks.BlockWitchWoodStairs,山楂树楼梯
witchery:witchwoodslab,2364,true,witchery,com.emoniph.witchery.blocks.BlockWitchWoodSlab,山梨树台阶
witchery:witchwooddoubleslab,2365,true,witchery,com.emoniph.witchery.blocks.BlockWitchWoodSlab,山梨树台阶
witchery:rowanwooddoor,2366,true,witchery,com.emoniph.witchery.blocks.BlockWitchDoor,山梨树木门
witchery:alderwooddoor,2367,true,witchery,com.emoniph.witchery.blocks.BlockWitchDoor,赤杨树木门
witchery:chalice,2368,true,witchery,com.emoniph.witchery.blocks.BlockChalice,圣餐杯
witchery:candelabra,2369,true,witchery,com.emoniph.witchery.blocks.BlockCandelabra,枝状大烛台
witchery:placeditem,2370,true,witchery,com.emoniph.witchery.blocks.BlockPlacedItem,已配置项目
witchery:alluringskull,2371,true,witchery,com.emoniph.witchery.blocks.BlockAlluringSkull,魅惑头骨
witchery:wickerbundle,2372,true,witchery,com.emoniph.witchery.blocks.BlockWickerBundle,柳条捆
witchery:glowglobe,2373,true,witchery,com.emoniph.witchery.blocks.BlockGlowGlobe,光之球
witchery:statuegoddess,2374,true,witchery,com.emoniph.witchery.blocks.BlockStatueGoddess,女神像
witchery:stockade,2375,true,witchery,com.emoniph.witchery.blocks.BlockStockade,橡树围栏
witchery:icestockade,2376,true,witchery,com.emoniph.witchery.blocks.BlockStockade,冰围栏
witchery:perpetualice,2377,true,witchery,com.emoniph.witchery.blocks.BlockPerpetualIce,永冻之冰
witchery:icedoor,2378,true,witchery,com.emoniph.witchery.blocks.BlockPerpetualIceDoor,冰门
witchery:icestairs,2379,true,witchery,com.emoniph.witchery.blocks.BlockPerpertualIceStairs,冰楼梯
witchery:iceslab,2380,true,witchery,com.emoniph.witchery.blocks.BlockPerpetualIceSlab,冰台阶
witchery:icedoubleslab,2381,true,witchery,com.emoniph.witchery.blocks.BlockPerpetualIceSlab,冰台阶
witchery:icefence,2382,true,witchery,com.emoniph.witchery.blocks.BlockPerpetualIceFence,冰栅栏
witchery:icefencegate,2383,true,witchery,com.emoniph.witchery.blocks.BlockPerpetualIceGate,冰门
witchery:icepressureplate,2384,true,witchery,com.emoniph.witchery.blocks.BlockPerpetualIcePressurePlate,冰压力板
witchery:snowpressureplate,2385,true,witchery,com.emoniph.witchery.blocks.BlockPerpetualIcePressurePlate,雪压力板
witchery:snowstairs,2386,true,witchery,com.emoniph.witchery.blocks.BlockSnowStairs,雪楼梯
witchery:snowslab,2387,true,witchery,com.emoniph.witchery.blocks.BlockSnowSlab,雪台阶
witchery:snowdoubleslab,2388,true,witchery,com.emoniph.witchery.blocks.BlockSnowSlab,雪台阶
witchery:infinityegg,2389,true,witchery,com.emoniph.witchery.blocks.BlockInfinityEgg,无限之蛋
witchery:slurp,2390,true,witchery,com.emoniph.witchery.brewing.BlockSlurp,嘶溜嘶溜
witchery:pitdirt,2391,true,witchery,com.emoniph.witchery.blocks.BlockPitDirt,泥土
witchery:pitgrass,2392,true,witchery,com.emoniph.witchery.blocks.BlockPitGrass,草方块
witchery:garlicgarland,2393,true,witchery,com.emoniph.witchery.blocks.BlockGarlicGarland,大蒜环
witchery:bloodedwool,2394,true,witchery,com.emoniph.witchery.blocks.BlockBloodedWool,染血羊毛
witchery:shadedglass,2395,true,witchery,com.emoniph.witchery.blocks.BlockShadedGlass,白色遮光玻璃
witchery:shadedglass_active,2396,true,witchery,com.emoniph.witchery.blocks.BlockShadedGlass,白色遮光玻璃
witchery:mirrorwall,2397,true,witchery,com.emoniph.witchery.blocks.BlockMirrorWall,魔镜镜面
witchery:refillingchest,2398,true,witchery,com.emoniph.witchery.blocks.BlockRefillingChest,箱子
witchery:force,2399,true,witchery,com.emoniph.witchery.blocks.BlockForce,固体
witchery:tormentstone,2400,true,witchery,com.emoniph.witchery.blocks.BlockForce,痛苦之石
witchery:barrier,2401,true,witchery,com.emoniph.witchery.blocks.BlockBarrier,篱笆
witchery:leechchest,2402,true,witchery,com.emoniph.witchery.blocks.BlockLeechChest,水蛭箱子
witchery:altar,2403,true,witchery,com.emoniph.witchery.blocks.BlockAltar,祭坛
witchery:kettle,2404,true,witchery,com.emoniph.witchery.blocks.BlockKettle,水壶
witchery:poppetshelf,2405,true,witchery,com.emoniph.witchery.blocks.BlockPoppetShelf,娃娃台子
witchery:dreamcatcher,2406,true,witchery,com.emoniph.witchery.blocks.BlockDreamCatcher,织梦者
witchery:crystalball,2407,true,witchery,com.emoniph.witchery.blocks.BlockCrystalBall,水晶球
witchery:spiritportal,2408,true,witchery,com.emoniph.witchery.blocks.BlockSpiritPortal,精神之门
witchery:tormentportal,2409,true,witchery,com.emoniph.witchery.blocks.BlockTormentPortal,痛苦之扉
witchery:spinningwheel,2410,true,witchery,com.emoniph.witchery.blocks.BlockSpinningWheel,转轮
witchery:brazier,2411,true,witchery,com.emoniph.witchery.blocks.BlockBrazier,火盆
witchery:witchesovenidle,2412,true,witchery,com.emoniph.witchery.blocks.BlockWitchesOven,巫师烤炉
witchery:witchesovenburning,2413,true,witchery,com.emoniph.witchery.blocks.BlockWitchesOven,工作中的巫师烤炉
witchery:fumefunnel,2414,true,witchery,com.emoniph.witchery.blocks.BlockFumeFunnel,熏气漏斗
witchery:filteredfumefunnel,2415,true,witchery,com.emoniph.witchery.blocks.BlockFumeFunnel,过滤强化型熏气漏斗
witchery:distilleryidle,2416,true,witchery,com.emoniph.witchery.blocks.BlockDistillery,蒸馏塔
witchery:distilleryburning,2417,true,witchery,com.emoniph.witchery.blocks.BlockDistillery,工作中的蒸馏塔
witchery:scarecrow,2418,true,witchery,com.emoniph.witchery.blocks.BlockFetish,稻草人
witchery:trent,2419,true,witchery,com.emoniph.witchery.blocks.BlockFetish,特伦特雕像
witchery:witchsladder,2420,true,witchery,com.emoniph.witchery.blocks.BlockFetish,女巫之阶
witchery:decurseteleport,2421,true,witchery,com.emoniph.witchery.blocks.BlockAreaMarker,封闭召唤之雕像
witchery:decursedirected,2422,true,witchery,com.emoniph.witchery.blocks.BlockAreaMarker,破损诅咒之雕像
witchery:statueofworship,2423,true,witchery,com.emoniph.witchery.blocks.BlockStatueOfWorship,妖精主顾之雕像
witchery:cauldron,2424,true,witchery,com.emoniph.witchery.brewing.BlockCauldron,巫师炼药锅
witchery:wolfaltar,2425,true,witchery,com.emoniph.witchery.blocks.BlockStatueWerewolf,犬神雕像
witchery:beartrap,2426,true,witchery,com.emoniph.witchery.blocks.BlockBeartrap,捕熊陷阱
witchery:wolftrap,2427,true,witchery,com.emoniph.witchery.blocks.BlockBeartrap,捕狼陷阱
witchery:wallgen,2428,true,witchery,com.emoniph.witchery.worldgen.WorldHandlerVillageDistrict.Wall.BlockVillageWallGen,墙生成器
witchery:coffinblock,2429,true,witchery,com.emoniph.witchery.blocks.BlockCoffin,棺材
witchery:light,2430,true,witchery,com.emoniph.witchery.blocks.BlockLight,光
witchery:daylightcollector,2431,true,witchery,com.emoniph.witchery.blocks.BlockDaylightCollector,阳光收集器
witchery:bloodcrucible,2432,true,witchery,com.emoniph.witchery.blocks.BlockBloodCrucible,血液坩埚
witchery:mirrorblock,2433,true,witchery,com.emoniph.witchery.blocks.BlockMirror,魔镜
witchery:mirrorblock2,2434,true,witchery,com.emoniph.witchery.blocks.BlockMirror,魔镜
witchery:circle,2435,true,witchery,com.emoniph.witchery.blocks.BlockCircle,心形
witchery:circleglyphritual,2436,true,witchery,com.emoniph.witchery.blocks.BlockCircleGlyph,仪式符形
witchery:circleglyphotherwhere,2437,true,witchery,com.emoniph.witchery.blocks.BlockCircleGlyph,他处符形
witchery:circleglyphinfernal,2438,true,witchery,com.emoniph.witchery.blocks.BlockCircleGlyph,炼狱符形
witchery:spiritflowing,2439,true,witchery,com.emoniph.witchery.blocks.BlockFlowingSpirit,水心
witchery:hollowtears,2440,true,witchery,com.emoniph.witchery.blocks.BlockFlowingSpirit,虚伪泪水
witchery:disease,2441,true,witchery,com.emoniph.witchery.blocks.BlockDisease,瘟疫
witchery:brew,2442,true,witchery,com.emoniph.witchery.brewing.BlockBrew,酿造
witchery:brewgas,2443,true,witchery,com.emoniph.witchery.brewing.BlockBrewGas,酿造气
witchery:brewliquid,2444,true,witchery,com.emoniph.witchery.brewing.BlockBrewLiquidEffect,酿造液
witchery:clever,2445,true,witchery,com.emoniph.witchery.brewing.BlockLeverBase,拉杆
witchery:cwoodendoor,2446,true,witchery,com.emoniph.witchery.brewing.BlockDoorBase,木门
witchery:cwoodpressureplate,2447,true,witchery,com.emoniph.witchery.brewing.BlockPressurePlateBase,压力板
witchery:cstonepressureplate,2448,true,witchery,com.emoniph.witchery.brewing.BlockPressurePlateBase,压力板
witchery:csnowpressureplate,2449,true,witchery,com.emoniph.witchery.brewing.BlockPressurePlateBase,雪压力板
witchery:cbuttonwood,2450,true,witchery,null,按钮
witchery:cbuttonstone,2451,true,witchery,null,按钮
etfuturum:daylight_detector_inverted,2452,false,null,ganymedes01.etfuturum.blocks.BlockInvertedDaylightDetector,null
etfuturum:red_sandstone,2453,true,etfuturum,ganymedes01.etfuturum.blocks.BlockRedSandstone,红沙石
etfuturum:brown_mushroom,2454,true,etfuturum,ganymedes01.etfuturum.blocks.BlockSilkedMushroom,蘑菇
etfuturum:red_mushroom,2455,true,etfuturum,ganymedes01.etfuturum.blocks.BlockSilkedMushroom,蘑菇
etfuturum:coarse_dirt,2456,true,etfuturum,ganymedes01.etfuturum.blocks.BlockCoarseDirt,砂土
etfuturum:banner,2457,true,etfuturum,ganymedes01.etfuturum.blocks.BlockBanner,白色旗帜
etfuturum:slime,2458,true,etfuturum,ganymedes01.etfuturum.blocks.BlockSlime,黏液块
etfuturum:sponge,2459,true,etfuturum,ganymedes01.etfuturum.blocks.BlockSponge,惰性海绵
etfuturum:beetroots,2460,false,null,ganymedes01.etfuturum.blocks.BlockBeetroot,null
etfuturum:purpur_block,2461,true,etfuturum,ganymedes01.etfuturum.blocks.BlockPurpur,紫珀块
etfuturum:purpur_pillar,2462,true,etfuturum,ganymedes01.etfuturum.blocks.BlockPurpurPillar,紫珀柱
etfuturum:end_bricks,2463,true,etfuturum,ganymedes01.etfuturum.blocks.BlockEndBricks,末地石砖
etfuturum:grass_path,2464,true,etfuturum,ganymedes01.etfuturum.blocks.BlockDirtPath,土径
etfuturum:end_rod,2465,true,etfuturum,ganymedes01.etfuturum.blocks.BlockEndRod,末地烛
etfuturum:chorus_plant,2466,true,etfuturum,ganymedes01.etfuturum.blocks.BlockChorusPlant,紫颂植株
etfuturum:chorus_flower,2467,true,etfuturum,ganymedes01.etfuturum.blocks.BlockChorusFlower,紫颂花
etfuturum:bone,2468,true,etfuturum,ganymedes01.etfuturum.blocks.BlockBone,骨块
etfuturum:red_netherbrick,2469,true,etfuturum,ganymedes01.etfuturum.blocks.BlockNewNetherBrick,红色地狱砖块
etfuturum:ancient_debris,2470,true,etfuturum,ganymedes01.etfuturum.blocks.BlockAncientDebris,远古残骸
etfuturum:netherite_block,2471,true,etfuturum,ganymedes01.etfuturum.blocks.BlockNetherite,下界合金块
etfuturum:blue_ice,2472,true,etfuturum,ganymedes01.etfuturum.blocks.BlockBlueIce,蓝冰
etfuturum:smooth_stone,2473,true,etfuturum,ganymedes01.etfuturum.blocks.BaseBlock,平滑石头
etfuturum:smooth_red_sandstone,2474,true,etfuturum,ganymedes01.etfuturum.blocks.BaseBlock,平滑红沙石
etfuturum:smooth_quartz,2475,true,etfuturum,ganymedes01.etfuturum.blocks.BaseBlock,平滑石英块
etfuturum:quartz_bricks,2476,true,etfuturum,ganymedes01.etfuturum.blocks.BaseBlock,石英砖
etfuturum:log_stripped,2477,true,etfuturum,ganymedes01.etfuturum.blocks.BlockStrippedOldLog,去皮橡木原木
etfuturum:log2_stripped,2478,true,etfuturum,ganymedes01.etfuturum.blocks.BlockStrippedNewLog,去皮金合欢原木
etfuturum:bark,2479,true,etfuturum,ganymedes01.etfuturum.blocks.BlockWoodBarkOld,橡木
etfuturum:bark2,2480,true,etfuturum,ganymedes01.etfuturum.blocks.BlockWoodBarkNew,金合欢木
etfuturum:wood_stripped,2481,true,etfuturum,ganymedes01.etfuturum.blocks.BlockStrippedOldWood,去皮橡木
etfuturum:wood2_stripped,2482,true,etfuturum,ganymedes01.etfuturum.blocks.BlockStrippedNewWood,去皮金合欢木
etfuturum:bop_log_stripped,2483,true,etfuturum,ganymedes01.etfuturum.blocks.BlockStrippedLogCompat,去皮神圣橡木原木
etfuturum:bop_log_stripped2,2484,true,etfuturum,ganymedes01.etfuturum.blocks.BlockStrippedLogCompat,去皮空灵原木
etfuturum:bop_log_stripped3,2485,true,etfuturum,ganymedes01.etfuturum.blocks.BlockStrippedLogCompat,去皮红木原木
etfuturum:bop_log_stripped4,2486,true,etfuturum,ganymedes01.etfuturum.blocks.BlockStrippedLogCompat,去皮松木原木
etfuturum:bop_wood,2487,true,etfuturum,ganymedes01.etfuturum.blocks.BlockStrippedLogCompat,神圣橡木
etfuturum:bop_wood2,2488,true,etfuturum,ganymedes01.etfuturum.blocks.BlockStrippedLogCompat,空灵木
etfuturum:bop_wood3,2489,true,etfuturum,ganymedes01.etfuturum.blocks.BlockStrippedLogCompat,红木
etfuturum:bop_wood4,2490,true,etfuturum,ganymedes01.etfuturum.blocks.BlockStrippedLogCompat,松木原木
etfuturum:bop_wood_stripped,2491,true,etfuturum,ganymedes01.etfuturum.blocks.BlockStrippedLogCompat,去皮神圣橡木
etfuturum:bop_wood_stripped2,2492,true,etfuturum,ganymedes01.etfuturum.blocks.BlockStrippedLogCompat,去皮空灵木
etfuturum:bop_wood_stripped3,2493,true,etfuturum,ganymedes01.etfuturum.blocks.BlockStrippedLogCompat,去皮红木
etfuturum:bop_wood_stripped4,2494,true,etfuturum,ganymedes01.etfuturum.blocks.BlockStrippedLogCompat,去皮松木
etfuturum:witchery_log_stripped,2495,true,etfuturum,ganymedes01.etfuturum.blocks.BlockStrippedLogCompat,去皮山梨原木
etfuturum:witchery_wood,2496,true,etfuturum,ganymedes01.etfuturum.blocks.BlockStrippedLogCompat,山梨木
etfuturum:witchery_wood_stripped,2497,true,etfuturum,ganymedes01.etfuturum.blocks.BlockStrippedLogCompat,去皮山梨木
etfuturum:concrete,2498,true,etfuturum,ganymedes01.etfuturum.blocks.BaseSubtypesBlock,白色混凝土
etfuturum:concrete_powder,2499,true,etfuturum,ganymedes01.etfuturum.blocks.BlockConcretePowder,白色混凝土粉末
etfuturum:deepslate_copper_ore,2500,true,etfuturum,ganymedes01.etfuturum.blocks.ores.BlockDeepslateCopperOre,深层铜矿石
etfuturum:cornflower,2501,true,etfuturum,ganymedes01.etfuturum.blocks.BaseFlower,矢车菊
etfuturum:lily_of_the_valley,2502,true,etfuturum,ganymedes01.etfuturum.blocks.BaseFlower,铃兰
etfuturum:wither_rose,2503,true,etfuturum,ganymedes01.etfuturum.blocks.BlockWitherRose,凋灵玫瑰
etfuturum:sweet_berry_bush,2504,false,null,ganymedes01.etfuturum.blocks.BlockBerryBush,null
etfuturum:white_glazed_terracotta,2505,true,etfuturum,ganymedes01.etfuturum.blocks.BlockGlazedTerracotta,白色带釉陶瓦
etfuturum:orange_glazed_terracotta,2506,true,etfuturum,ganymedes01.etfuturum.blocks.BlockGlazedTerracotta,橙色带釉陶瓦
etfuturum:magenta_glazed_terracotta,2507,true,etfuturum,ganymedes01.etfuturum.blocks.BlockGlazedTerracotta,品红色带釉陶瓦
etfuturum:light_blue_glazed_terracotta,2508,true,etfuturum,ganymedes01.etfuturum.blocks.BlockGlazedTerracotta,淡蓝色带釉陶瓦
etfuturum:yellow_glazed_terracotta,2509,true,etfuturum,ganymedes01.etfuturum.blocks.BlockGlazedTerracotta,黄色带釉陶瓦
etfuturum:lime_glazed_terracotta,2510,true,etfuturum,ganymedes01.etfuturum.blocks.BlockGlazedTerracotta,黄绿色带釉陶瓦
etfuturum:pink_glazed_terracotta,2511,true,etfuturum,ganymedes01.etfuturum.blocks.BlockGlazedTerracotta,粉红色带釉陶瓦
etfuturum:gray_glazed_terracotta,2512,true,etfuturum,ganymedes01.etfuturum.blocks.BlockGlazedTerracotta,灰色带釉陶瓦
etfuturum:light_gray_glazed_terracotta,2513,true,etfuturum,ganymedes01.etfuturum.blocks.BlockGlazedTerracotta,淡灰色带釉陶瓦
etfuturum:cyan_glazed_terracotta,2514,true,etfuturum,ganymedes01.etfuturum.blocks.BlockGlazedTerracotta,青色带釉陶瓦
etfuturum:purple_glazed_terracotta,2515,true,etfuturum,ganymedes01.etfuturum.blocks.BlockGlazedTerracotta,紫色带釉陶瓦
etfuturum:blue_glazed_terracotta,2516,true,etfuturum,ganymedes01.etfuturum.blocks.BlockGlazedTerracotta,蓝色带釉陶瓦
etfuturum:brown_glazed_terracotta,2517,true,etfuturum,ganymedes01.etfuturum.blocks.BlockGlazedTerracotta,棕色带釉陶瓦
etfuturum:green_glazed_terracotta,2518,true,etfuturum,ganymedes01.etfuturum.blocks.BlockGlazedTerracotta,绿色带釉陶瓦
etfuturum:red_glazed_terracotta,2519,true,etfuturum,ganymedes01.etfuturum.blocks.BlockGlazedTerracotta,红色带釉陶瓦
etfuturum:black_glazed_terracotta,2520,true,etfuturum,ganymedes01.etfuturum.blocks.BlockGlazedTerracotta,黑色带釉陶瓦
etfuturum:copper_block,2521,true,etfuturum,ganymedes01.etfuturum.blocks.BlockCopper,铜块
etfuturum:chiseled_copper,2522,true,etfuturum,ganymedes01.etfuturum.blocks.BlockChiseledCopper,雕纹铜块
etfuturum:copper_grate,2523,true,etfuturum,ganymedes01.etfuturum.blocks.BlockCopperGrate,铜格栅
etfuturum:copper_bulb,2524,true,etfuturum,ganymedes01.etfuturum.blocks.BlockCopperBulb,铜灯
etfuturum:powered_copper_bulb,2525,false,null,ganymedes01.etfuturum.blocks.BlockCopperBulb,null
etfuturum:deepslate,2526,true,etfuturum,ganymedes01.etfuturum.blocks.BlockDeepslate,深板岩
etfuturum:cobbled_deepslate,2527,true,etfuturum,ganymedes01.etfuturum.blocks.BaseBlock,深板岩圆石
etfuturum:polished_deepslate,2528,true,etfuturum,ganymedes01.etfuturum.blocks.BaseBlock,磨制深板岩
etfuturum:deepslate_bricks,2529,true,etfuturum,ganymedes01.etfuturum.blocks.BaseSubtypesBlock,深板岩砖
etfuturum:tuff,2530,true,etfuturum,ganymedes01.etfuturum.blocks.BlockTuff,凝灰岩
etfuturum:calcite,2531,true,etfuturum,ganymedes01.etfuturum.blocks.BaseBlock,方解石
etfuturum:amethyst_block,2532,true,etfuturum,ganymedes01.etfuturum.blocks.BlockAmethystBlock,紫水晶块
etfuturum:budding_amethyst,2533,true,etfuturum,ganymedes01.etfuturum.blocks.BlockBuddingAmethyst,紫水晶母岩
etfuturum:amethyst_cluster_1,2534,true,etfuturum,ganymedes01.etfuturum.blocks.BlockAmethystCluster,小型紫晶芽
etfuturum:amethyst_cluster_2,2535,true,etfuturum,ganymedes01.etfuturum.blocks.BlockAmethystCluster,大型紫晶芽
etfuturum:tinted_glass,2536,true,etfuturum,ganymedes01.etfuturum.blocks.BlockTintedGlass,遮光玻璃
etfuturum:deepslate_coal_ore,2537,true,etfuturum,ganymedes01.etfuturum.blocks.ores.BlockDeepslateOre,深层煤矿石
etfuturum:deepslate_iron_ore,2538,true,etfuturum,ganymedes01.etfuturum.blocks.ores.BlockDeepslateOre,深层铁矿石
etfuturum:deepslate_gold_ore,2539,true,etfuturum,ganymedes01.etfuturum.blocks.ores.BlockDeepslateOre,深层金矿石
etfuturum:deepslate_redstone_ore,2540,true,etfuturum,ganymedes01.etfuturum.blocks.ores.BlockDeepslateRedstoneOre,深层红石矿石
etfuturum:deepslate_lit_redstone_ore,2541,false,null,ganymedes01.etfuturum.blocks.ores.BlockDeepslateRedstoneOre,null
etfuturum:deepslate_lapis_ore,2542,true,etfuturum,ganymedes01.etfuturum.blocks.ores.BlockDeepslateOre,深层青金石矿石
etfuturum:deepslate_diamond_ore,2543,true,etfuturum,ganymedes01.etfuturum.blocks.ores.BlockDeepslateOre,深层钻石矿石
etfuturum:deepslate_emerald_ore,2544,true,etfuturum,ganymedes01.etfuturum.blocks.ores.BlockDeepslateOre,深层绿宝石矿石
etfuturum:observer,2545,true,etfuturum,ganymedes01.etfuturum.blocks.BlockObserver,侦测器
etfuturum:target,2546,true,etfuturum,ganymedes01.etfuturum.blocks.BlockTarget,标靶
etfuturum:red_sandstone_slab,2547,true,etfuturum,ganymedes01.etfuturum.blocks.BlockRedSandstoneSlab,红沙石台阶
etfuturum:double_red_sandstone_slab,2548,true,etfuturum,ganymedes01.etfuturum.blocks.BlockRedSandstoneSlab,红沙石台阶
etfuturum:purpur_slab,2549,true,etfuturum,ganymedes01.etfuturum.blocks.BlockPurpurSlab,紫珀台阶
etfuturum:double_purpur_slab,2550,true,etfuturum,ganymedes01.etfuturum.blocks.BlockPurpurSlab,紫珀台阶
etfuturum:stone_slab,2551,true,etfuturum,ganymedes01.etfuturum.blocks.BlockStoneSlab1,石头台阶
etfuturum:double_stone_slab,2552,true,etfuturum,ganymedes01.etfuturum.blocks.BlockStoneSlab1,石头台阶
etfuturum:smooth_red_sandstone_slab,2553,true,etfuturum,ganymedes01.etfuturum.blocks.BlockSmoothSandstoneSlab,平滑红沙石台阶
etfuturum:smooth_quartz_slab,2554,true,etfuturum,ganymedes01.etfuturum.blocks.BlockSmoothQuartzSlab,平滑石英台阶
etfuturum:double_smooth_quartz_slab,2555,true,etfuturum,ganymedes01.etfuturum.blocks.BlockSmoothQuartzSlab,平滑石英台阶
etfuturum:red_netherbrick_slab,2556,true,etfuturum,ganymedes01.etfuturum.blocks.BaseSlab,红色地狱砖台阶
etfuturum:double_red_netherbrick_slab,2557,true,etfuturum,ganymedes01.etfuturum.blocks.BaseSlab,红色地狱砖台阶
etfuturum:end_brick_slab,2558,true,etfuturum,ganymedes01.etfuturum.blocks.BaseSlab,末地石砖台阶
etfuturum:double_end_brick_slab,2559,true,etfuturum,ganymedes01.etfuturum.blocks.BaseSlab,末地石砖台阶
etfuturum:deepslate_slab,2560,true,etfuturum,ganymedes01.etfuturum.blocks.BaseSlab,深板岩圆石台阶
etfuturum:double_deepslate_slab,2561,true,etfuturum,ganymedes01.etfuturum.blocks.BaseSlab,深板岩圆石台阶
etfuturum:deepslate_brick_slab,2562,true,etfuturum,ganymedes01.etfuturum.blocks.BaseSlab,深板岩砖台阶
etfuturum:double_deepslate_brick_slab,2563,true,etfuturum,ganymedes01.etfuturum.blocks.BaseSlab,深板岩砖台阶
etfuturum:tuff_slab,2564,true,etfuturum,ganymedes01.etfuturum.blocks.BaseSlab,凝灰岩台阶
etfuturum:double_tuff_slab,2565,true,etfuturum,ganymedes01.etfuturum.blocks.BaseSlab,凝灰岩台阶
etfuturum:cut_copper_slab,2566,true,etfuturum,ganymedes01.etfuturum.blocks.BlockCutCopperSlab,切制铜台阶
etfuturum:double_cut_copper_slab,2567,true,etfuturum,ganymedes01.etfuturum.blocks.BlockCutCopperSlab,切制铜台阶
etfuturum:smooth_red_sandstone_stairs,2568,true,etfuturum,ganymedes01.etfuturum.blocks.BaseStairs,平滑红沙石楼梯
etfuturum:smooth_quartz_stairs,2569,true,etfuturum,ganymedes01.etfuturum.blocks.BaseStairs,平滑石英楼梯
etfuturum:red_netherbrick_stairs,2570,true,etfuturum,ganymedes01.etfuturum.blocks.BaseStairs,红色地狱砖楼梯
etfuturum:mossy_stone_brick_stairs,2571,true,etfuturum,ganymedes01.etfuturum.blocks.BaseStairs,苔石砖楼梯
etfuturum:mossy_cobblestone_stairs,2572,true,etfuturum,ganymedes01.etfuturum.blocks.BaseStairs,苔石楼梯
etfuturum:stone_stairs,2573,true,etfuturum,ganymedes01.etfuturum.blocks.BaseStairs,石头楼梯
etfuturum:end_brick_stairs,2574,true,etfuturum,ganymedes01.etfuturum.blocks.BaseStairs,末地石砖楼梯
etfuturum:red_sandstone_stairs,2575,true,etfuturum,ganymedes01.etfuturum.blocks.BaseStairs,红沙石楼梯
etfuturum:purpur_stairs,2576,true,etfuturum,ganymedes01.etfuturum.blocks.BaseStairs,紫珀楼梯
etfuturum:cobbled_deepslate_stairs,2577,true,etfuturum,ganymedes01.etfuturum.blocks.BaseStairs,深板岩圆石楼梯
etfuturum:polished_deepslate_stairs,2578,true,etfuturum,ganymedes01.etfuturum.blocks.BaseStairs,磨制深板岩楼梯
etfuturum:deepslate_brick_stairs,2579,true,etfuturum,ganymedes01.etfuturum.blocks.BaseStairs,深板岩砖楼梯
etfuturum:deepslate_tile_stairs,2580,true,etfuturum,ganymedes01.etfuturum.blocks.BaseStairs,深板岩瓦楼梯
etfuturum:tuff_stairs,2581,true,etfuturum,ganymedes01.etfuturum.blocks.BaseStairs,凝灰岩楼梯
etfuturum:polished_tuff_stairs,2582,true,etfuturum,ganymedes01.etfuturum.blocks.BaseStairs,磨制凝灰岩楼梯
etfuturum:tuff_brick_stairs,2583,true,etfuturum,ganymedes01.etfuturum.blocks.BaseStairs,凝灰岩砖楼梯
etfuturum:cut_copper_stairs,2584,true,etfuturum,ganymedes01.etfuturum.blocks.BlockCutCopperStairs,切制铜楼梯
etfuturum:exposed_cut_copper_stairs,2585,true,etfuturum,ganymedes01.etfuturum.blocks.BlockCutCopperStairs,斑驳的切制铜楼梯
etfuturum:weathered_cut_copper_stairs,2586,true,etfuturum,ganymedes01.etfuturum.blocks.BlockCutCopperStairs,锈蚀的切制铜楼梯
etfuturum:oxidized_cut_copper_stairs,2587,true,etfuturum,ganymedes01.etfuturum.blocks.BlockCutCopperStairs,氧化的切制铜楼梯
etfuturum:waxed_cut_copper_stairs,2588,true,etfuturum,ganymedes01.etfuturum.blocks.BlockCutCopperStairs,涂蜡的切制铜楼梯
etfuturum:waxed_exposed_cut_copper_stairs,2589,true,etfuturum,ganymedes01.etfuturum.blocks.BlockCutCopperStairs,涂蜡的斑驳切制铜楼梯
etfuturum:waxed_weathered_cut_copper_stairs,2590,true,etfuturum,ganymedes01.etfuturum.blocks.BlockCutCopperStairs,涂蜡的锈蚀切制铜楼梯
etfuturum:waxed_oxidized_cut_copper_stairs,2591,true,etfuturum,ganymedes01.etfuturum.blocks.BlockCutCopperStairs,涂蜡的氧化切制铜楼梯
etfuturum:stone_wall,2592,true,etfuturum,ganymedes01.etfuturum.blocks.BlockStoneWall,石砖墙
etfuturum:nether_brick_wall,2593,true,etfuturum,ganymedes01.etfuturum.blocks.BaseWall,地狱砖墙
etfuturum:red_sandstone_wall,2594,true,etfuturum,ganymedes01.etfuturum.blocks.BaseWall,红砂岩墙
etfuturum:red_nether_brick_wall,2595,true,etfuturum,ganymedes01.etfuturum.blocks.BaseWall,红色地狱砖墙
etfuturum:end_brick_wall,2596,true,etfuturum,ganymedes01.etfuturum.blocks.BaseWall,末地石砖墙
etfuturum:deepslate_wall,2597,true,etfuturum,ganymedes01.etfuturum.blocks.BaseWall,深板岩圆石墙
etfuturum:deepslate_brick_wall,2598,true,etfuturum,ganymedes01.etfuturum.blocks.BaseWall,深板岩砖墙
etfuturum:tuff_wall,2599,true,etfuturum,ganymedes01.etfuturum.blocks.BaseWall,凝灰岩墙
etfuturum:copper_door,2600,true,etfuturum,ganymedes01.etfuturum.blocks.BlockCopperDoor,铜门
etfuturum:exposed_copper_door,2601,true,etfuturum,ganymedes01.etfuturum.blocks.BlockCopperDoor,斑驳的铜门
etfuturum:weathered_copper_door,2602,true,etfuturum,ganymedes01.etfuturum.blocks.BlockCopperDoor,锈蚀的铜门
etfuturum:oxidized_copper_door,2603,true,etfuturum,ganymedes01.etfuturum.blocks.BlockCopperDoor,氧化的铜门
etfuturum:waxed_copper_door,2604,true,etfuturum,ganymedes01.etfuturum.blocks.BlockCopperDoor,涂蜡的铜门
etfuturum:waxed_exposed_copper_door,2605,true,etfuturum,ganymedes01.etfuturum.blocks.BlockCopperDoor,涂蜡的斑驳铜门
etfuturum:waxed_weathered_copper_door,2606,true,etfuturum,ganymedes01.etfuturum.blocks.BlockCopperDoor,涂蜡的锈蚀铜门
etfuturum:waxed_oxidized_copper_door,2607,true,etfuturum,ganymedes01.etfuturum.blocks.BlockCopperDoor,涂蜡的氧化铜门
etfuturum:copper_trapdoor,2608,true,etfuturum,ganymedes01.etfuturum.blocks.BlockCopperTrapdoor,铜活板门
etfuturum:exposed_copper_trapdoor,2609,true,etfuturum,ganymedes01.etfuturum.blocks.BlockCopperTrapdoor,斑驳的铜活板门
etfuturum:weathered_copper_trapdoor,2610,true,etfuturum,ganymedes01.etfuturum.blocks.BlockCopperTrapdoor,锈蚀的铜活板门
etfuturum:oxidized_copper_trapdoor,2611,true,etfuturum,ganymedes01.etfuturum.blocks.BlockCopperTrapdoor,氧化的铜活板门
etfuturum:waxed_copper_trapdoor,2612,true,etfuturum,ganymedes01.etfuturum.blocks.BlockCopperTrapdoor,涂蜡的铜活板门
etfuturum:waxed_exposed_copper_trapdoor,2613,true,etfuturum,ganymedes01.etfuturum.blocks.BlockCopperTrapdoor,涂蜡的斑驳铜活板门
etfuturum:waxed_weathered_copper_trapdoor,2614,true,etfuturum,ganymedes01.etfuturum.blocks.BlockCopperTrapdoor,涂蜡的锈蚀铜活板门
etfuturum:waxed_oxidized_copper_trapdoor,2615,true,etfuturum,ganymedes01.etfuturum.blocks.BlockCopperTrapdoor,涂蜡的氧化铜活板门
etfuturum:magma,2616,true,etfuturum,ganymedes01.etfuturum.blocks.BlockMagma,岩浆块
etfuturum:lantern,2617,true,etfuturum,ganymedes01.etfuturum.blocks.BlockLantern,灯笼
etfuturum:soul_lantern,2618,true,etfuturum,ganymedes01.etfuturum.blocks.BlockLantern,灵魂灯笼
etfuturum:soul_torch,2619,true,etfuturum,ganymedes01.etfuturum.blocks.BlockSoulTorch,灵魂火把
etfuturum:smoker,2620,true,etfuturum,ganymedes01.etfuturum.blocks.BlockSmoker,烟熏炉
etfuturum:lit_smoker,2621,false,null,ganymedes01.etfuturum.blocks.BlockSmoker,null
etfuturum:blast_furnace,2622,true,etfuturum,ganymedes01.etfuturum.blocks.BlockBlastFurnace,高炉
etfuturum:lit_blast_furnace,2623,false,null,ganymedes01.etfuturum.blocks.BlockBlastFurnace,null
etfuturum:shulker_box,2624,true,etfuturum,ganymedes01.etfuturum.blocks.BlockShulkerBox,潜影盒
etfuturum:smithing_table,2625,true,etfuturum,ganymedes01.etfuturum.blocks.BlockSmithingTable,锻造台
etfuturum:stonecutter,2626,true,etfuturum,ganymedes01.etfuturum.blocks.BlockStonecutter,切石机
etfuturum:fletching_table,2627,true,etfuturum,ganymedes01.etfuturum.blocks.BlockFletchingTable,制箭台
etfuturum:cartography_table,2628,true,etfuturum,ganymedes01.etfuturum.blocks.BlockCartographyTable,制图台
etfuturum:loom,2629,true,etfuturum,ganymedes01.etfuturum.blocks.BlockLoom,织布机
etfuturum:honey_block,2630,true,etfuturum,ganymedes01.etfuturum.blocks.BlockHoney,蜂蜜块
etfuturum:honeycomb_block,2631,true,etfuturum,ganymedes01.etfuturum.blocks.BaseBlock,蜜脾块
etfuturum:chain,2632,true,etfuturum,ganymedes01.etfuturum.blocks.BlockChain,锁链
etfuturum:brewing_stand,2633,true,etfuturum,ganymedes01.etfuturum.blocks.BlockNewBrewingStand,酿造台
etfuturum:beacon,2634,true,etfuturum,ganymedes01.etfuturum.blocks.BlockNewBeacon,信标
etfuturum:enchantment_table,2635,true,etfuturum,ganymedes01.etfuturum.blocks.BlockNewEnchantmentTable,附魔台
etfuturum:frosted_ice,2636,false,null,ganymedes01.etfuturum.blocks.BlockFrostedIce,null
etfuturum:lava_cauldron,2637,false,null,ganymedes01.etfuturum.blocks.BlockLavaCauldron,null
etfuturum:potion_cauldron,2638,false,null,ganymedes01.etfuturum.blocks.BlockPotionCauldron,null
etfuturum:bubble_column,2639,false,null,ganymedes01.etfuturum.blocks.BlockBubbleColumn,null
etfuturum:barrel,2640,true,etfuturum,ganymedes01.etfuturum.blocks.BlockBarrel,木桶
etfuturum:iron_barrel,2641,true,etfuturum,ganymedes01.etfuturum.blocks.BlockBarrel,铁桶
etfuturum:gold_barrel,2642,true,etfuturum,ganymedes01.etfuturum.blocks.BlockBarrel,金桶
etfuturum:diamond_barrel,2643,true,etfuturum,ganymedes01.etfuturum.blocks.BlockBarrel,钻石桶
etfuturum:copper_barrel,2644,true,etfuturum,ganymedes01.etfuturum.blocks.BlockBarrel,铜桶
etfuturum:silver_barrel,2645,true,etfuturum,ganymedes01.etfuturum.blocks.BlockBarrel,银桶
etfuturum:steel_barrel,2646,true,etfuturum,ganymedes01.etfuturum.blocks.BlockBarrel,钢桶
etfuturum:obsidian_barrel,2647,true,etfuturum,ganymedes01.etfuturum.blocks.BlockBarrel,黑曜石桶
etfuturum:darksteel_barrel,2648,true,etfuturum,ganymedes01.etfuturum.blocks.BlockBarrel,玄钢桶
etfuturum:netherite_barrel,2649,true,etfuturum,ganymedes01.etfuturum.blocks.BlockBarrel,下界合金桶
etfuturum:blackstone,2650,true,etfuturum,ganymedes01.etfuturum.blocks.BlockBlackstone,黑石
etfuturum:gilded_blackstone,2651,true,etfuturum,ganymedes01.etfuturum.blocks.BlockGildedBlackstone,镶金黑石
etfuturum:blackstone_slab,2652,true,etfuturum,ganymedes01.etfuturum.blocks.BlockBlackstoneSlab,黑石台阶
etfuturum:double_blackstone_slab,2653,true,etfuturum,ganymedes01.etfuturum.blocks.BlockBlackstoneSlab,黑石台阶
etfuturum:blackstone_stairs,2654,true,etfuturum,ganymedes01.etfuturum.blocks.BaseStairs,黑石楼梯
etfuturum:polished_blackstone_stairs,2655,true,etfuturum,ganymedes01.etfuturum.blocks.BaseStairs,磨制黑石楼梯
etfuturum:polished_blackstone_brick_stairs,2656,true,etfuturum,ganymedes01.etfuturum.blocks.BaseStairs,磨制黑石砖楼梯
etfuturum:blackstone_wall,2657,true,etfuturum,ganymedes01.etfuturum.blocks.BlockBlackstoneWall,黑石墙
etfuturum:polished_blackstone_pressure_plate,2658,true,etfuturum,ganymedes01.etfuturum.blocks.BlockPolishedBlackstonePressurePlate,磨制黑石压力板
etfuturum:polished_blackstone_button,2659,true,etfuturum,ganymedes01.etfuturum.blocks.BlockPolishedBlackstoneButton,磨制黑石按钮
etfuturum:soul_soil,2660,true,etfuturum,ganymedes01.etfuturum.blocks.BlockSoulSoil,灵魂土
etfuturum:nether_wart,2661,true,etfuturum,ganymedes01.etfuturum.blocks.BlockNetherwart,地狱疣块
etfuturum:pink_petals,2662,true,etfuturum,ganymedes01.etfuturum.blocks.BlockPinkPetals,粉红色花簇
etfuturum:sapling,2663,true,etfuturum,ganymedes01.etfuturum.blocks.BlockModernSapling,红树胎生苗
etfuturum:leaves,2664,true,etfuturum,ganymedes01.etfuturum.blocks.BlockModernLeaves,红树树叶
etfuturum:wood_planks,2665,true,etfuturum,ganymedes01.etfuturum.blocks.BlockModernWoodPlanks,绯红木板
etfuturum:wood_slab,2666,true,etfuturum,ganymedes01.etfuturum.blocks.BlockModernWoodSlab,绯红木台阶
etfuturum:double_wood_slab,2667,true,etfuturum,ganymedes01.etfuturum.blocks.BlockModernWoodSlab,绯红木台阶
etfuturum:cherry_log,2668,true,etfuturum,ganymedes01.etfuturum.blocks.BaseLog,樱花原木
etfuturum:cherry_stairs,2669,true,etfuturum,ganymedes01.etfuturum.blocks.BaseStairs,樱花木楼梯
etfuturum:button_spruce,2670,true,etfuturum,ganymedes01.etfuturum.blocks.BlockWoodButton,云杉木按钮
etfuturum:button_birch,2671,true,etfuturum,ganymedes01.etfuturum.blocks.BlockWoodButton,白桦木按钮
etfuturum:button_jungle,2672,true,etfuturum,ganymedes01.etfuturum.blocks.BlockWoodButton,丛林木按钮
etfuturum:button_acacia,2673,true,etfuturum,ganymedes01.etfuturum.blocks.BlockWoodButton,金合欢木按钮
etfuturum:button_dark_oak,2674,true,etfuturum,ganymedes01.etfuturum.blocks.BlockWoodButton,深色橡木按钮
etfuturum:cherry_button,2675,true,etfuturum,ganymedes01.etfuturum.blocks.BlockWoodButton,樱花木按钮
etfuturum:bop_sacredoak_button,2676,true,etfuturum,ganymedes01.etfuturum.blocks.BlockWoodButton,神圣橡木按钮
etfuturum:bop_cherry_button,2677,true,etfuturum,ganymedes01.etfuturum.blocks.BlockWoodButton,樱花木按钮
etfuturum:bop_dark_button,2678,true,etfuturum,ganymedes01.etfuturum.blocks.BlockWoodButton,黑暗木按钮
etfuturum:bop_fir_button,2679,true,etfuturum,ganymedes01.etfuturum.blocks.BlockWoodButton,杉木按钮
etfuturum:bop_ethereal_button,2680,true,etfuturum,ganymedes01.etfuturum.blocks.BlockWoodButton,空灵木按钮
etfuturum:bop_magic_button,2681,true,etfuturum,ganymedes01.etfuturum.blocks.BlockWoodButton,魔法木按钮
etfuturum:bop_mangrove_button,2682,true,etfuturum,ganymedes01.etfuturum.blocks.BlockWoodButton,红树木按钮
etfuturum:bop_palm_button,2683,true,etfuturum,ganymedes01.etfuturum.blocks.BlockWoodButton,棕榈木按钮
etfuturum:bop_redwood_button,2684,true,etfuturum,ganymedes01.etfuturum.blocks.BlockWoodButton,红木按钮
etfuturum:bop_willow_button,2685,true,etfuturum,ganymedes01.etfuturum.blocks.BlockWoodButton,柳木按钮
etfuturum:bop_bamboo_button,2686,true,etfuturum,ganymedes01.etfuturum.blocks.BlockWoodButton,竹按钮
etfuturum:bop_pine_button,2687,true,etfuturum,ganymedes01.etfuturum.blocks.BlockWoodButton,松木按钮
etfuturum:bop_hellbark_button,2688,true,etfuturum,ganymedes01.etfuturum.blocks.BlockWoodButton,地狱皮木按钮
etfuturum:bop_jacaranda_button,2689,true,etfuturum,ganymedes01.etfuturum.blocks.BlockWoodButton,蓝花楹木按钮
etfuturum:bop_mahogany_button,2690,true,etfuturum,ganymedes01.etfuturum.blocks.BlockWoodButton,桃花心木按钮
etfuturum:witchery_rowan_button,2691,true,etfuturum,ganymedes01.etfuturum.blocks.BlockWoodButton,山梨木按钮
etfuturum:witchery_alder_button,2692,true,etfuturum,ganymedes01.etfuturum.blocks.BlockWoodButton,赤杨木按钮
etfuturum:witchery_hawthorn_button,2693,true,etfuturum,ganymedes01.etfuturum.blocks.BlockWoodButton,山楂木按钮
etfuturum:pressure_plate_spruce,2694,true,etfuturum,ganymedes01.etfuturum.blocks.BlockWoodPressurePlate,云杉木压力板
etfuturum:pressure_plate_birch,2695,true,etfuturum,ganymedes01.etfuturum.blocks.BlockWoodPressurePlate,白桦木压力板
etfuturum:pressure_plate_jungle,2696,true,etfuturum,ganymedes01.etfuturum.blocks.BlockWoodPressurePlate,丛林木压力板
etfuturum:pressure_plate_acacia,2697,true,etfuturum,ganymedes01.etfuturum.blocks.BlockWoodPressurePlate,金合欢木压力板
etfuturum:pressure_plate_dark_oak,2698,true,etfuturum,ganymedes01.etfuturum.blocks.BlockWoodPressurePlate,深色橡木压力板
etfuturum:cherry_pressure_plate,2699,true,etfuturum,ganymedes01.etfuturum.blocks.BlockWoodPressurePlate,樱花木压力板
etfuturum:bop_sacredoak_pressure_plate,2700,true,etfuturum,ganymedes01.etfuturum.blocks.BlockWoodPressurePlate,神圣橡木压力板
etfuturum:bop_cherry_pressure_plate,2701,true,etfuturum,ganymedes01.etfuturum.blocks.BlockWoodPressurePlate,樱花木压力板
etfuturum:bop_dark_pressure_plate,2702,true,etfuturum,ganymedes01.etfuturum.blocks.BlockWoodPressurePlate,黑暗木压力板
etfuturum:bop_fir_pressure_plate,2703,true,etfuturum,ganymedes01.etfuturum.blocks.BlockWoodPressurePlate,杉木压力板
etfuturum:bop_ethereal_pressure_plate,2704,true,etfuturum,ganymedes01.etfuturum.blocks.BlockWoodPressurePlate,空灵木压力板
etfuturum:bop_magic_pressure_plate,2705,true,etfuturum,ganymedes01.etfuturum.blocks.BlockWoodPressurePlate,魔法木压力板
etfuturum:bop_mangrove_pressure_plate,2706,true,etfuturum,ganymedes01.etfuturum.blocks.BlockWoodPressurePlate,红树木压力板
etfuturum:bop_palm_pressure_plate,2707,true,etfuturum,ganymedes01.etfuturum.blocks.BlockWoodPressurePlate,棕榈木压力板
etfuturum:bop_redwood_pressure_plate,2708,true,etfuturum,ganymedes01.etfuturum.blocks.BlockWoodPressurePlate,红木压力板
etfuturum:bop_willow_pressure_plate,2709,true,etfuturum,ganymedes01.etfuturum.blocks.BlockWoodPressurePlate,柳木压力板
etfuturum:bop_bamboo_pressure_plate,2710,true,etfuturum,ganymedes01.etfuturum.blocks.BlockWoodPressurePlate,竹压力板
etfuturum:bop_pine_pressure_plate,2711,true,etfuturum,ganymedes01.etfuturum.blocks.BlockWoodPressurePlate,松木压力板
etfuturum:bop_hellbark_pressure_plate,2712,true,etfuturum,ganymedes01.etfuturum.blocks.BlockWoodPressurePlate,地狱皮木压力板
etfuturum:bop_jacaranda_pressure_plate,2713,true,etfuturum,ganymedes01.etfuturum.blocks.BlockWoodPressurePlate,蓝花楹木压力板
etfuturum:bop_mahogany_pressure_plate,2714,true,etfuturum,ganymedes01.etfuturum.blocks.BlockWoodPressurePlate,桃花心木压力板
etfuturum:witchery_rowan_pressure_plate,2715,true,etfuturum,ganymedes01.etfuturum.blocks.BlockWoodPressurePlate,山梨木压力板
etfuturum:witchery_alder_pressure_plate,2716,true,etfuturum,ganymedes01.etfuturum.blocks.BlockWoodPressurePlate,赤杨木压力板
etfuturum:witchery_hawthorn_pressure_plate,2717,true,etfuturum,ganymedes01.etfuturum.blocks.BlockWoodPressurePlate,山楂木压力板
etfuturum:cherry_trapdoor,2718,true,etfuturum,ganymedes01.etfuturum.blocks.BaseTrapdoor,樱花木活板门
etfuturum:sign_spruce,2719,false,null,ganymedes01.etfuturum.blocks.BlockWoodSign,null
etfuturum:wall_sign_spruce,2720,false,null,ganymedes01.etfuturum.blocks.BlockWoodSign,null
etfuturum:sign_birch,2721,false,null,ganymedes01.etfuturum.blocks.BlockWoodSign,null
etfuturum:wall_sign_birch,2722,false,null,ganymedes01.etfuturum.blocks.BlockWoodSign,null
etfuturum:sign_jungle,2723,false,null,ganymedes01.etfuturum.blocks.BlockWoodSign,null
etfuturum:wall_sign_jungle,2724,false,null,ganymedes01.etfuturum.blocks.BlockWoodSign,null
etfuturum:sign_acacia,2725,false,null,ganymedes01.etfuturum.blocks.BlockWoodSign,null
etfuturum:wall_sign_acacia,2726,false,null,ganymedes01.etfuturum.blocks.BlockWoodSign,null
etfuturum:sign_dark_oak,2727,false,null,ganymedes01.etfuturum.blocks.BlockWoodSign,null
etfuturum:wall_sign_dark_oak,2728,false,null,ganymedes01.etfuturum.blocks.BlockWoodSign,null
etfuturum:cherry_sign,2729,true,etfuturum,ganymedes01.etfuturum.blocks.BlockWoodSign,樱花木告示牌
etfuturum:cherry_wall_sign,2730,false,null,ganymedes01.etfuturum.blocks.BlockWoodSign,null
etfuturum:bop_sacredoak_sign,2731,true,etfuturum,ganymedes01.etfuturum.blocks.BlockWoodSign,神圣橡木告示牌
etfuturum:bop_sacredoak_wall_sign,2732,false,null,ganymedes01.etfuturum.blocks.BlockWoodSign,null
etfuturum:bop_cherry_sign,2733,true,etfuturum,ganymedes01.etfuturum.blocks.BlockWoodSign,樱花木告示牌
etfuturum:bop_cherry_wall_sign,2734,false,null,ganymedes01.etfuturum.blocks.BlockWoodSign,null
etfuturum:bop_dark_sign,2735,true,etfuturum,ganymedes01.etfuturum.blocks.BlockWoodSign,黑暗木告示牌
etfuturum:bop_dark_wall_sign,2736,false,null,ganymedes01.etfuturum.blocks.BlockWoodSign,null
etfuturum:bop_fir_sign,2737,true,etfuturum,ganymedes01.etfuturum.blocks.BlockWoodSign,杉木告示牌
etfuturum:bop_fir_wall_sign,2738,false,null,ganymedes01.etfuturum.blocks.BlockWoodSign,null
etfuturum:bop_ethereal_sign,2739,true,etfuturum,ganymedes01.etfuturum.blocks.BlockWoodSign,空灵木告示牌
etfuturum:bop_ethereal_wall_sign,2740,false,null,ganymedes01.etfuturum.blocks.BlockWoodSign,null
etfuturum:bop_magic_sign,2741,true,etfuturum,ganymedes01.etfuturum.blocks.BlockWoodSign,魔法木告示牌
etfuturum:bop_magic_wall_sign,2742,false,null,ganymedes01.etfuturum.blocks.BlockWoodSign,null
etfuturum:bop_mangrove_sign,2743,true,etfuturum,ganymedes01.etfuturum.blocks.BlockWoodSign,红树木告示牌
etfuturum:bop_mangrove_wall_sign,2744,false,null,ganymedes01.etfuturum.blocks.BlockWoodSign,null
etfuturum:bop_palm_sign,2745,true,etfuturum,ganymedes01.etfuturum.blocks.BlockWoodSign,棕榈木告示牌
etfuturum:bop_palm_wall_sign,2746,false,null,ganymedes01.etfuturum.blocks.BlockWoodSign,null
etfuturum:bop_redwood_sign,2747,true,etfuturum,ganymedes01.etfuturum.blocks.BlockWoodSign,红木告示牌
etfuturum:bop_redwood_wall_sign,2748,false,null,ganymedes01.etfuturum.blocks.BlockWoodSign,null
etfuturum:bop_willow_sign,2749,true,etfuturum,ganymedes01.etfuturum.blocks.BlockWoodSign,柳木告示牌
etfuturum:bop_willow_wall_sign,2750,false,null,ganymedes01.etfuturum.blocks.BlockWoodSign,null
etfuturum:bop_bamboo_sign,2751,true,etfuturum,ganymedes01.etfuturum.blocks.BlockWoodSign,竹告示牌
etfuturum:bop_bamboo_wall_sign,2752,false,null,ganymedes01.etfuturum.blocks.BlockWoodSign,null
etfuturum:bop_pine_sign,2753,true,etfuturum,ganymedes01.etfuturum.blocks.BlockWoodSign,松木告示牌
etfuturum:bop_pine_wall_sign,2754,false,null,ganymedes01.etfuturum.blocks.BlockWoodSign,null
etfuturum:bop_hellbark_sign,2755,true,etfuturum,ganymedes01.etfuturum.blocks.BlockWoodSign,地狱皮木告示牌
etfuturum:bop_hellbark_wall_sign,2756,false,null,ganymedes01.etfuturum.blocks.BlockWoodSign,null
etfuturum:bop_jacaranda_sign,2757,true,etfuturum,ganymedes01.etfuturum.blocks.BlockWoodSign,蓝花楹木告示牌
etfuturum:bop_jacaranda_wall_sign,2758,false,null,ganymedes01.etfuturum.blocks.BlockWoodSign,null
etfuturum:bop_mahogany_sign,2759,true,etfuturum,ganymedes01.etfuturum.blocks.BlockWoodSign,桃花心木告示牌
etfuturum:bop_mahogany_wall_sign,2760,false,null,ganymedes01.etfuturum.blocks.BlockWoodSign,null
etfuturum:witchery_rowan_sign,2761,true,etfuturum,ganymedes01.etfuturum.blocks.BlockWoodSign,山梨木告示牌
etfuturum:witchery_rowan_wall_sign,2762,false,null,ganymedes01.etfuturum.blocks.BlockWoodSign,null
etfuturum:witchery_alder_sign,2763,true,etfuturum,ganymedes01.etfuturum.blocks.BlockWoodSign,赤杨木告示牌
etfuturum:witchery_alder_wall_sign,2764,false,null,ganymedes01.etfuturum.blocks.BlockWoodSign,null
etfuturum:witchery_hawthorn_sign,2765,true,etfuturum,ganymedes01.etfuturum.blocks.BlockWoodSign,山楂木告示牌
etfuturum:witchery_hawthorn_wall_sign,2766,false,null,ganymedes01.etfuturum.blocks.BlockWoodSign,null
etfuturum:white_bed,2767,true,etfuturum,ganymedes01.etfuturum.blocks.BlockDyedBed,白色床
etfuturum:orange_bed,2768,true,etfuturum,ganymedes01.etfuturum.blocks.BlockDyedBed,橙色床
etfuturum:magenta_bed,2769,true,etfuturum,ganymedes01.etfuturum.blocks.BlockDyedBed,品红色床
etfuturum:light_blue_bed,2770,true,etfuturum,ganymedes01.etfuturum.blocks.BlockDyedBed,淡蓝色床
etfuturum:yellow_bed,2771,true,etfuturum,ganymedes01.etfuturum.blocks.BlockDyedBed,黄色床
etfuturum:lime_bed,2772,true,etfuturum,ganymedes01.etfuturum.blocks.BlockDyedBed,黄绿色床
etfuturum:pink_bed,2773,true,etfuturum,ganymedes01.etfuturum.blocks.BlockDyedBed,粉红色床
etfuturum:gray_bed,2774,true,etfuturum,ganymedes01.etfuturum.blocks.BlockDyedBed,灰色床
etfuturum:light_gray_bed,2775,true,etfuturum,ganymedes01.etfuturum.blocks.BlockDyedBed,淡灰色床
etfuturum:cyan_bed,2776,true,etfuturum,ganymedes01.etfuturum.blocks.BlockDyedBed,青色床
etfuturum:purple_bed,2777,true,etfuturum,ganymedes01.etfuturum.blocks.BlockDyedBed,紫色床
etfuturum:blue_bed,2778,true,etfuturum,ganymedes01.etfuturum.blocks.BlockDyedBed,蓝色床
etfuturum:brown_bed,2779,true,etfuturum,ganymedes01.etfuturum.blocks.BlockDyedBed,棕色床
etfuturum:green_bed,2780,true,etfuturum,ganymedes01.etfuturum.blocks.BlockDyedBed,绿色床
etfuturum:black_bed,2781,true,etfuturum,ganymedes01.etfuturum.blocks.BlockDyedBed,黑色床
etfuturum:crying_obsidian,2782,true,etfuturum,ganymedes01.etfuturum.blocks.BaseBlock,哭泣的黑曜石
etfuturum:rose,2783,true,etfuturum,ganymedes01.etfuturum.blocks.BlockOldRose,玫瑰
etfuturum:old_gravel,2784,true,etfuturum,ganymedes01.etfuturum.blocks.BlockOldGravel,旧版沙砾
etfuturum:netherite_stairs,2785,true,etfuturum,ganymedes01.etfuturum.blocks.BlockNetheriteStairs,史上最炫楼梯
etfuturum:light,2786,true,etfuturum,ganymedes01.etfuturum.blocks.BlockLight,光源方块
etfuturum:barrier,2787,true,etfuturum,ganymedes01.etfuturum.blocks.BlockBarrier,屏障
etfuturum:glow_lichen,2788,true,etfuturum,ganymedes01.etfuturum.blocks.BlockGlowLichen,发光地衣
etfuturum:cave_vine_plant,2789,true,etfuturum,ganymedes01.etfuturum.blocks.BlockCaveVinesPlant,洞穴藤蔓
etfuturum:cave_vine,2790,true,etfuturum,ganymedes01.etfuturum.blocks.BlockCaveVines,洞穴藤蔓
BuildCraft|Silicon:laserBlock,2791,true,BuildCraft|Silicon,buildcraft.silicon.BlockLaser,镭射器
BuildCraft|Silicon:laserTableBlock,2792,true,BuildCraft|Silicon,buildcraft.silicon.BlockLaserTable,装配台
BuildCraft|Silicon:packagerBlock,2793,true,BuildCraft|Silicon,buildcraft.silicon.BlockPackager,配方封包器
BuildCraft|Transport:filteredBufferBlock,2794,true,BuildCraft|Transport,buildcraft.transport.BlockFilteredBuffer,过滤缓存器
BuildCraft|Transport:pipeBlock,2795,true,BuildCraft|Transport,buildcraft.transport.BlockGenericPipeCompat,管道
MagicBees:magicbees.enchantedEarth,2796,true,MagicBees,magicbees.block.BlockEnchantedEarth,魔法泥土
MagicBees:hive,2797,true,MagicBees,magicbees.block.BlockHive,好奇蜂巢
MagicBees:effectJar,2798,true,MagicBees,magicbees.block.BlockEffectJar,蜜蜂收集者的罐子
MagicBees:magicApiary,2799,true,MagicBees,magicbees.block.BlockMagicApiary,魔法蜂箱
MagicBees:manaAuraProvider,2800,true,MagicBees,magicbees.block.BlockManaAuraProvider,魔力蜂箱加速器
MagicBees:visAuraProvider,2801,true,MagicBees,magicbees.block.BlockVisAuraProvider,灵气蜂箱加速器
MagicBees:apimancersDrainer,2802,true,MagicBees,magicbees.block.BlockApimancersDrainer,Apimancer的沥水器
gendustry:fluid.Mutagen,2803,true,gendustry,net.bdew.gendustry.fluids.BlockFluid,诱变剂
gendustry:fluid.LiquidDNA,2804,true,gendustry,net.bdew.gendustry.fluids.BlockFluid,液态DNA
gendustry:fluid.Protein,2805,true,gendustry,net.bdew.gendustry.fluids.BlockFluid,蛋白质
gendustry:MutagenProducer,2806,true,gendustry,net.bdew.gendustry.machines.mproducer.BlockMutagenProducer$,诱变剂制造机
gendustry:Mutatron,2807,true,gendustry,net.bdew.gendustry.machines.mutatron.BlockMutatron$,诱变机
gendustry:IndustrialApiary,2808,true,gendustry,net.bdew.gendustry.machines.apiary.BlockApiary$,工业蜂箱
gendustry:Imprinter,2809,true,gendustry,net.bdew.gendustry.machines.imprinter.BlockImprinter$,基因压印机
gendustry:Sampler,2810,true,gendustry,net.bdew.gendustry.machines.sampler.BlockSampler$,基因采样机
gendustry:MutatronAdv,2811,true,gendustry,net.bdew.gendustry.machines.advmutatron.BlockMutatronAdv$,高级诱变机
gendustry:Liquifier,2812,true,gendustry,net.bdew.gendustry.machines.liquifier.BlockLiquifier$,蛋白质液化机
gendustry:Extractor,2813,true,gendustry,net.bdew.gendustry.machines.extractor.BlockExtractor$,基因提取机
gendustry:Transposer,2814,true,gendustry,net.bdew.gendustry.machines.transposer.BlockTransposer$,基因转换机
gendustry:Replicator,2815,true,gendustry,net.bdew.gendustry.machines.replicator.BlockReplicator$,基因复制机
harvestcraft:cuttingboard,2816,true,harvestcraft,com.pam.harvestcraft.BlockPamCuttingBoard,砧板
harvestcraft:pot,2817,true,harvestcraft,com.pam.harvestcraft.BlockPamPot,锅
harvestcraft:beehive,2818,true,harvestcraft,com.pam.harvestcraft.BlockPamBeehive,蜂巢
harvestcraft:apiary,2819,true,harvestcraft,com.pam.harvestcraft.BlockPamApiary,蜂箱
harvestcraft:presser,2820,true,harvestcraft,com.pam.harvestcraft.BlockPamPresser,压榨机
harvestcraft:sink,2821,true,harvestcraft,com.pam.harvestcraft.BlockPamSink,提水筒
harvestcraft:market,2822,true,harvestcraft,com.pam.harvestcraft.BlockPamMarket,集市交易方块
harvestcraft:oven,2823,true,harvestcraft,com.pam.harvestcraft.BlockPamOven,烤箱
harvestcraft:ovenon,2824,true,harvestcraft,com.pam.harvestcraft.BlockPamOven,烤箱
harvestcraft:churn,2825,true,harvestcraft,com.pam.harvestcraft.BlockPamChurn,搅拌机
harvestcraft:churnon,2826,true,harvestcraft,com.pam.harvestcraft.BlockPamChurn,搅拌机
harvestcraft:quern,2827,true,harvestcraft,com.pam.harvestcraft.BlockPamQuern,石磨
harvestcraft:quernon,2828,true,harvestcraft,com.pam.harvestcraft.BlockPamQuern,石磨
harvestcraft:fishtrap,2829,true,harvestcraft,com.pam.harvestcraft.BlockPamFishTrap,渔栅
harvestcraft:animaltrap,2830,true,harvestcraft,com.pam.harvestcraft.BlockPamAnimalTrap,捕兽笼
harvestcraft:salt,2831,true,harvestcraft,com.pam.harvestcraft.BlockPamSalt,盐矿
harvestcraft:spamcompressedsaltBlockalt,2832,true,harvestcraft,com.pam.harvestcraft.BlockPamSalt,压缩盐块
harvestcraft:berrygarden,2833,true,harvestcraft,com.pam.harvestcraft.BlockPamNormalGarden,草莓果园
harvestcraft:desertgarden,2834,true,harvestcraft,com.pam.harvestcraft.BlockPamDesertGarden,沙漠菜园
harvestcraft:grassgarden,2835,true,harvestcraft,com.pam.harvestcraft.BlockPamNormalGarden,草地菜园
harvestcraft:gourdgarden,2836,true,harvestcraft,com.pam.harvestcraft.BlockPamNormalGarden,葫芦菜园
harvestcraft:groundgarden,2837,true,harvestcraft,com.pam.harvestcraft.BlockPamNormalGarden,陆地菜园
harvestcraft:herbgarden,2838,true,harvestcraft,com.pam.harvestcraft.BlockPamNormalGarden,草本菜园
harvestcraft:leafygarden,2839,true,harvestcraft,com.pam.harvestcraft.BlockPamNormalGarden,多叶菜园
harvestcraft:mushroomgarden,2840,true,harvestcraft,com.pam.harvestcraft.BlockPamMushroomGarden,蘑菇菜园
harvestcraft:stalkgarden,2841,true,harvestcraft,com.pam.harvestcraft.BlockPamNormalGarden,植茎菜园
harvestcraft:textilegarden,2842,true,harvestcraft,com.pam.harvestcraft.BlockPamNormalGarden,纺织菜园
harvestcraft:tropicalgarden,2843,true,harvestcraft,com.pam.harvestcraft.BlockPamNormalGarden,热带菜园
harvestcraft:watergarden,2844,true,harvestcraft,com.pam.harvestcraft.BlockPamWaterGarden,海域菜园
harvestcraft:pamappleSapling,2845,true,harvestcraft,com.pam.harvestcraft.BlockPamSapling,苹果树苗
harvestcraft:pamalmondSapling,2846,true,harvestcraft,com.pam.harvestcraft.BlockPamSapling,扁桃树苗
harvestcraft:pamapricotSapling,2847,true,harvestcraft,com.pam.harvestcraft.BlockPamSapling,杏树苗
harvestcraft:pamavocadoSapling,2848,true,harvestcraft,com.pam.harvestcraft.BlockPamSapling,鳄梨树苗
harvestcraft:pambananaSapling,2849,true,harvestcraft,com.pam.harvestcraft.BlockPamSapling,香蕉树苗
harvestcraft:pamcashewSapling,2850,true,harvestcraft,com.pam.harvestcraft.BlockPamSapling,腰果树苗
harvestcraft:pamcherrySapling,2851,true,harvestcraft,com.pam.harvestcraft.BlockPamSapling,樱桃树苗
harvestcraft:pamchestnutSapling,2852,true,harvestcraft,com.pam.harvestcraft.BlockPamSapling,板栗树苗
harvestcraft:pamcinnamonSapling,2853,true,harvestcraft,com.pam.harvestcraft.BlockPamSapling,肉桂树苗
harvestcraft:pamcoconutSapling,2854,true,harvestcraft,com.pam.harvestcraft.BlockPamSapling,椰子树苗
harvestcraft:pamdateSapling,2855,true,harvestcraft,com.pam.harvestcraft.BlockPamSapling,枣椰树苗
harvestcraft:pamdragonfruitSapling,2856,true,harvestcraft,com.pam.harvestcraft.BlockPamSapling,火龙果树苗
harvestcraft:pamdurianSapling,2857,true,harvestcraft,com.pam.harvestcraft.BlockPamSapling,榴莲树苗
harvestcraft:pamfigSapling,2858,true,harvestcraft,com.pam.harvestcraft.BlockPamSapling,无花果树苗
harvestcraft:pamgrapefruitSapling,2859,true,harvestcraft,com.pam.harvestcraft.BlockPamSapling,葡萄柚树苗
harvestcraft:pamlemonSapling,2860,true,harvestcraft,com.pam.harvestcraft.BlockPamSapling,柠檬树苗
harvestcraft:pamlimeSapling,2861,true,harvestcraft,com.pam.harvestcraft.BlockPamSapling,酸橙树苗
harvestcraft:pammapleSapling,2862,true,harvestcraft,com.pam.harvestcraft.BlockPamSapling,枫树树苗
harvestcraft:pammangoSapling,2863,true,harvestcraft,com.pam.harvestcraft.BlockPamSapling,芒果树苗
harvestcraft:pamnutmegSapling,2864,true,harvestcraft,com.pam.harvestcraft.BlockPamSapling,肉豆蔻树苗
harvestcraft:pamoliveSapling,2865,true,harvestcraft,com.pam.harvestcraft.BlockPamSapling,橄榄树苗
harvestcraft:pamorangeSapling,2866,true,harvestcraft,com.pam.harvestcraft.BlockPamSapling,柑橘树苗
harvestcraft:pampapayaSapling,2867,true,harvestcraft,com.pam.harvestcraft.BlockPamSapling,木瓜树苗
harvestcraft:pampaperbarkSapling,2868,true,harvestcraft,com.pam.harvestcraft.BlockPamSapling,白千层树树苗
harvestcraft:pampeachSapling,2869,true,harvestcraft,com.pam.harvestcraft.BlockPamSapling,桃子树苗
harvestcraft:pampearSapling,2870,true,harvestcraft,com.pam.harvestcraft.BlockPamSapling,梨树树苗
harvestcraft:pampecanSapling,2871,true,harvestcraft,com.pam.harvestcraft.BlockPamSapling,山核桃树苗
harvestcraft:pampeppercornSapling,2872,true,harvestcraft,com.pam.harvestcraft.BlockPamSapling,胡椒树苗
harvestcraft:pampersimmonSapling,2873,true,harvestcraft,com.pam.harvestcraft.BlockPamSapling,柿子树苗
harvestcraft:pampistachioSapling,2874,true,harvestcraft,com.pam.harvestcraft.BlockPamSapling,开心果树苗
harvestcraft:pamplumSapling,2875,true,harvestcraft,com.pam.harvestcraft.BlockPamSapling,李子树苗
harvestcraft:pampomegranateSapling,2876,true,harvestcraft,com.pam.harvestcraft.BlockPamSapling,石榴树苗
harvestcraft:pamstarfruitSapling,2877,true,harvestcraft,com.pam.harvestcraft.BlockPamSapling,杨桃树苗
harvestcraft:pamvanillabeanSapling,2878,true,harvestcraft,com.pam.harvestcraft.BlockPamSapling,香草树苗
harvestcraft:pamwalnutSapling,2879,true,harvestcraft,com.pam.harvestcraft.BlockPamSapling,核桃树苗
harvestcraft:pamgooseberrySapling,2880,true,harvestcraft,com.pam.harvestcraft.BlockPamSapling,醋栗树苗
harvestcraft:pamApple,2881,true,harvestcraft,com.pam.harvestcraft.BlockPamFruit,苹果
harvestcraft:pamAlmond,2882,true,harvestcraft,com.pam.harvestcraft.BlockPamFruit,扁桃
harvestcraft:pamApricot,2883,true,harvestcraft,com.pam.harvestcraft.BlockPamFruit,杏子
harvestcraft:pamAvocado,2884,true,harvestcraft,com.pam.harvestcraft.BlockPamFruit,鳄梨
harvestcraft:pamBanana,2885,true,harvestcraft,com.pam.harvestcraft.BlockPamFruit,香蕉
harvestcraft:pamCashew,2886,true,harvestcraft,com.pam.harvestcraft.BlockPamFruit,腰果
harvestcraft:pamCherry,2887,true,harvestcraft,com.pam.harvestcraft.BlockPamFruit,樱桃
harvestcraft:pamChestnut,2888,true,harvestcraft,com.pam.harvestcraft.BlockPamFruit,栗子
harvestcraft:pamCinnamon,2889,true,harvestcraft,com.pam.harvestcraft.BlockPamFruitingLog,肉桂原木
harvestcraft:pamCoconut,2890,true,harvestcraft,com.pam.harvestcraft.BlockPamFruit,椰子
harvestcraft:pamDate,2891,true,harvestcraft,com.pam.harvestcraft.BlockPamFruit,枣椰
harvestcraft:pamDragonfruit,2892,true,harvestcraft,com.pam.harvestcraft.BlockPamFruit,火龙果
harvestcraft:pamDurian,2893,true,harvestcraft,com.pam.harvestcraft.BlockPamFruit,榴莲
harvestcraft:pamFig,2894,true,harvestcraft,com.pam.harvestcraft.BlockPamFruit,无花果
harvestcraft:pamGrapefruit,2895,true,harvestcraft,com.pam.harvestcraft.BlockPamFruit,葡萄柚
harvestcraft:pamLemon,2896,true,harvestcraft,com.pam.harvestcraft.BlockPamFruit,柠檬
harvestcraft:pamLime,2897,true,harvestcraft,com.pam.harvestcraft.BlockPamFruit,酸橙
harvestcraft:pamMaple,2898,true,harvestcraft,com.pam.harvestcraft.BlockPamFruitingLog,枫木原木
harvestcraft:pamMango,2899,true,harvestcraft,com.pam.harvestcraft.BlockPamFruit,芒果
harvestcraft:pamNutmeg,2900,true,harvestcraft,com.pam.harvestcraft.BlockPamFruit,肉豆蔻
harvestcraft:pamOlive,2901,true,harvestcraft,com.pam.harvestcraft.BlockPamFruit,橄榄
harvestcraft:pamOrange,2902,true,harvestcraft,com.pam.harvestcraft.BlockPamFruit,橙子
harvestcraft:pamPapaya,2903,true,harvestcraft,com.pam.harvestcraft.BlockPamFruit,木瓜
harvestcraft:pamPaperbark,2904,true,harvestcraft,com.pam.harvestcraft.BlockPamFruitingLog,白千层木原木
harvestcraft:pamPeach,2905,true,harvestcraft,com.pam.harvestcraft.BlockPamFruit,桃子
harvestcraft:pamPear,2906,true,harvestcraft,com.pam.harvestcraft.BlockPamFruit,梨
harvestcraft:pamPecan,2907,true,harvestcraft,com.pam.harvestcraft.BlockPamFruit,山核桃
harvestcraft:pamPeppercorn,2908,true,harvestcraft,com.pam.harvestcraft.BlockPamFruit,胡椒
harvestcraft:pamPersimmon,2909,true,harvestcraft,com.pam.harvestcraft.BlockPamFruit,柿子
harvestcraft:pamPistachio,2910,true,harvestcraft,com.pam.harvestcraft.BlockPamFruit,开心果
harvestcraft:pamPlum,2911,true,harvestcraft,com.pam.harvestcraft.BlockPamFruit,李子
harvestcraft:pamPomegranate,2912,true,harvestcraft,com.pam.harvestcraft.BlockPamFruit,石榴
harvestcraft:pamStarfruit,2913,true,harvestcraft,com.pam.harvestcraft.BlockPamFruit,杨桃
harvestcraft:pamVanillabean,2914,true,harvestcraft,com.pam.harvestcraft.BlockPamFruit,香草豆
harvestcraft:pamWalnut,2915,true,harvestcraft,com.pam.harvestcraft.BlockPamFruit,核桃
harvestcraft:pamGooseberry,2916,true,harvestcraft,com.pam.harvestcraft.BlockPamFruit,醋栗
harvestcraft:pamblackberryCrop,2917,true,harvestcraft,com.pam.harvestcraft.BlockPamCrop,黑莓
harvestcraft:pamblueberryCrop,2918,true,harvestcraft,com.pam.harvestcraft.BlockPamCrop,蓝莓
harvestcraft:pamcandleberryCrop,2919,true,harvestcraft,com.pam.harvestcraft.BlockPamCrop,蜡杨梅
harvestcraft:pamraspberryCrop,2920,true,harvestcraft,com.pam.harvestcraft.BlockPamCrop,树莓
harvestcraft:pamstrawberryCrop,2921,true,harvestcraft,com.pam.harvestcraft.BlockPamCrop,草莓
harvestcraft:pamcactusfruitCrop,2922,true,harvestcraft,com.pam.harvestcraft.BlockPamCrop,仙人掌果
harvestcraft:pamasparagusCrop,2923,true,harvestcraft,com.pam.harvestcraft.BlockPamCrop,芦笋
harvestcraft:pambarleyCrop,2924,true,harvestcraft,com.pam.harvestcraft.BlockPamCrop,大麦
harvestcraft:pamoatsCrop,2925,true,harvestcraft,com.pam.harvestcraft.BlockPamCrop,燕麦
harvestcraft:pamryeCrop,2926,true,harvestcraft,com.pam.harvestcraft.BlockPamCrop,黑麦
harvestcraft:pamcornCrop,2927,true,harvestcraft,com.pam.harvestcraft.BlockPamCrop,玉米
harvestcraft:pambambooshootCrop,2928,true,harvestcraft,com.pam.harvestcraft.BlockPamCrop,竹子
harvestcraft:pamcantaloupeCrop,2929,true,harvestcraft,com.pam.harvestcraft.BlockPamCrop,哈密瓜
harvestcraft:pamcucumberCrop,2930,true,harvestcraft,com.pam.harvestcraft.BlockPamCrop,黄瓜
harvestcraft:pamwintersquashCrop,2931,true,harvestcraft,com.pam.harvestcraft.BlockPamCrop,冬南瓜
harvestcraft:pamzucchiniCrop,2932,true,harvestcraft,com.pam.harvestcraft.BlockPamCrop,西葫芦
harvestcraft:pambeetCrop,2933,true,harvestcraft,com.pam.harvestcraft.BlockPamCrop,甜菜
harvestcraft:pamonionCrop,2934,true,harvestcraft,com.pam.harvestcraft.BlockPamCrop,洋葱
harvestcraft:pamparsnipCrop,2935,true,harvestcraft,com.pam.harvestcraft.BlockPamCrop,防风草
harvestcraft:pampeanutCrop,2936,true,harvestcraft,com.pam.harvestcraft.BlockPamCrop,花生
harvestcraft:pamradishCrop,2937,true,harvestcraft,com.pam.harvestcraft.BlockPamCrop,小红萝卜
harvestcraft:pamrutabagaCrop,2938,true,harvestcraft,com.pam.harvestcraft.BlockPamCrop,芜菁甘蓝
harvestcraft:pamsweetpotatoCrop,2939,true,harvestcraft,com.pam.harvestcraft.BlockPamCrop,红薯
harvestcraft:pamturnipCrop,2940,true,harvestcraft,com.pam.harvestcraft.BlockPamCrop,大头菜
harvestcraft:pamrhubarbCrop,2941,true,harvestcraft,com.pam.harvestcraft.BlockPamCrop,大黄
harvestcraft:pamceleryCrop,2942,true,harvestcraft,com.pam.harvestcraft.BlockPamCrop,芹菜
harvestcraft:pamgarlicCrop,2943,true,harvestcraft,com.pam.harvestcraft.BlockPamCrop,大蒜
harvestcraft:pamgingerCrop,2944,true,harvestcraft,com.pam.harvestcraft.BlockPamCrop,生姜
harvestcraft:pamspiceleafCrop,2945,true,harvestcraft,com.pam.harvestcraft.BlockPamCrop,香料叶
harvestcraft:pamtealeafCrop,2946,true,harvestcraft,com.pam.harvestcraft.BlockPamCrop,茶叶
harvestcraft:pamcoffeebeanCrop,2947,true,harvestcraft,com.pam.harvestcraft.BlockPamCrop,咖啡豆
harvestcraft:pammustardseedsCrop,2948,true,harvestcraft,com.pam.harvestcraft.BlockPamCrop,芥菜籽
harvestcraft:pambroccoliCrop,2949,true,harvestcraft,com.pam.harvestcraft.BlockPamCrop,西兰花
harvestcraft:pamcauliflowerCrop,2950,true,harvestcraft,com.pam.harvestcraft.BlockPamCrop,花菜
harvestcraft:pamleekCrop,2951,true,harvestcraft,com.pam.harvestcraft.BlockPamCrop,韭菜
harvestcraft:pamlettuceCrop,2952,true,harvestcraft,com.pam.harvestcraft.BlockPamCrop,生菜
harvestcraft:pamscallionCrop,2953,true,harvestcraft,com.pam.harvestcraft.BlockPamCrop,大葱
harvestcraft:pamartichokeCrop,2954,true,harvestcraft,com.pam.harvestcraft.BlockPamCrop,洋蓟
harvestcraft:pambrusselsproutCrop,2955,true,harvestcraft,com.pam.harvestcraft.BlockPamCrop,芽甘蓝
harvestcraft:pamcabbageCrop,2956,true,harvestcraft,com.pam.harvestcraft.BlockPamCrop,包菜
harvestcraft:pamspinachCrop,2957,true,harvestcraft,com.pam.harvestcraft.BlockPamCrop,菠菜
harvestcraft:pamwhitemushroomCrop,2958,true,harvestcraft,com.pam.harvestcraft.BlockPamCrop,白蘑菇
harvestcraft:pambeanCrop,2959,true,harvestcraft,com.pam.harvestcraft.BlockPamCrop,豆子
harvestcraft:pamsoybeanCrop,2960,true,harvestcraft,com.pam.harvestcraft.BlockPamCrop,黄豆
harvestcraft:pambellpepperCrop,2961,true,harvestcraft,com.pam.harvestcraft.BlockPamCrop,甜椒
harvestcraft:pamchilipepperCrop,2962,true,harvestcraft,com.pam.harvestcraft.BlockPamCrop,辣椒
harvestcraft:pameggplantCrop,2963,true,harvestcraft,com.pam.harvestcraft.BlockPamCrop,茄子
harvestcraft:pamokraCrop,2964,true,harvestcraft,com.pam.harvestcraft.BlockPamCrop,秋葵
harvestcraft:pampeasCrop,2965,true,harvestcraft,com.pam.harvestcraft.BlockPamCrop,豌豆
harvestcraft:pamtomatoCrop,2966,true,harvestcraft,com.pam.harvestcraft.BlockPamCrop,番茄
harvestcraft:pamcottonCrop,2967,true,harvestcraft,com.pam.harvestcraft.BlockPamCrop,棉花
harvestcraft:pampineappleCrop,2968,true,harvestcraft,com.pam.harvestcraft.BlockPamCrop,菠萝
harvestcraft:pamgrapeCrop,2969,true,harvestcraft,com.pam.harvestcraft.BlockPamCrop,葡萄
harvestcraft:pamkiwiCrop,2970,true,harvestcraft,com.pam.harvestcraft.BlockPamCrop,猕猴桃
harvestcraft:pamcranberryCrop,2971,true,harvestcraft,com.pam.harvestcraft.BlockPamCrop,蔓越莓
harvestcraft:pamriceCrop,2972,true,harvestcraft,com.pam.harvestcraft.BlockPamCrop,水稻
harvestcraft:pamseaweedCrop,2973,true,harvestcraft,com.pam.harvestcraft.BlockPamCrop,海带
harvestcraft:pamcurryleafCrop,2974,true,harvestcraft,com.pam.harvestcraft.BlockPamCrop,咖喱叶
harvestcraft:pamsesameseedsCrop,2975,true,harvestcraft,com.pam.harvestcraft.BlockPamCrop,芝麻
harvestcraft:pamwaterchestnutCrop,2976,true,harvestcraft,com.pam.harvestcraft.BlockPamCrop,荸荠
harvestcraft:pamcandleDeco1,2977,true,harvestcraft,com.pam.harvestcraft.BlockPamCandleDeco,白色蜡烛
harvestcraft:pamcandleDeco2,2978,true,harvestcraft,com.pam.harvestcraft.BlockPamCandleDeco,橙色蜡烛
harvestcraft:pamcandleDeco3,2979,true,harvestcraft,com.pam.harvestcraft.BlockPamCandleDeco,品红色蜡烛
harvestcraft:pamcandleDeco4,2980,true,harvestcraft,com.pam.harvestcraft.BlockPamCandleDeco,淡蓝色蜡烛
harvestcraft:pamcandleDeco5,2981,true,harvestcraft,com.pam.harvestcraft.BlockPamCandleDeco,黄色蜡烛
harvestcraft:pamcandleDeco6,2982,true,harvestcraft,com.pam.harvestcraft.BlockPamCandleDeco,黄绿色蜡烛
harvestcraft:pamcandleDeco7,2983,true,harvestcraft,com.pam.harvestcraft.BlockPamCandleDeco,粉色蜡烛
harvestcraft:pamcandleDeco8,2984,true,harvestcraft,com.pam.harvestcraft.BlockPamCandleDeco,深灰色蜡烛
harvestcraft:pamcandleDeco9,2985,true,harvestcraft,com.pam.harvestcraft.BlockPamCandleDeco,淡灰色蜡烛
harvestcraft:pamcandleDeco10,2986,true,harvestcraft,com.pam.harvestcraft.BlockPamCandleDeco,青色蜡烛
harvestcraft:pamcandleDeco11,2987,true,harvestcraft,com.pam.harvestcraft.BlockPamCandleDeco,紫色蜡烛
harvestcraft:pamcandleDeco12,2988,true,harvestcraft,com.pam.harvestcraft.BlockPamCandleDeco,蓝色蜡烛
harvestcraft:pamcandleDeco13,2989,true,harvestcraft,com.pam.harvestcraft.BlockPamCandleDeco,棕色蜡烛
harvestcraft:pamcandleDeco14,2990,true,harvestcraft,com.pam.harvestcraft.BlockPamCandleDeco,绿色蜡烛
harvestcraft:pamcandleDeco15,2991,true,harvestcraft,com.pam.harvestcraft.BlockPamCandleDeco,红色蜡烛
harvestcraft:pamcandleDeco16,2992,true,harvestcraft,com.pam.harvestcraft.BlockPamCandleDeco,黑色蜡烛
harvestcraft:pamcarrotCake,2993,true,harvestcraft,com.pam.harvestcraft.BlockPamCake,胡萝卜蛋糕
harvestcraft:pamcheeseCake,2994,true,harvestcraft,com.pam.harvestcraft.BlockPamCake,芝士蛋糕
harvestcraft:pamcherrycheeseCake,2995,true,harvestcraft,com.pam.harvestcraft.BlockPamCake,樱桃芝士蛋糕
harvestcraft:pampineappleupsidedownCake,2996,true,harvestcraft,com.pam.harvestcraft.BlockPamCake,菠萝蛋糕
harvestcraft:pamchocolatesprinkleCake,2997,true,harvestcraft,com.pam.harvestcraft.BlockPamCake,巧克力蛋糕
harvestcraft:pamredvelvetCake,2998,true,harvestcraft,com.pam.harvestcraft.BlockPamCake,红丝绒蛋糕
harvestcraft:pamlamingtonCake,2999,true,harvestcraft,com.pam.harvestcraft.BlockPamCake,拉明顿蛋糕
harvestcraft:pampavlovaCake,3000,true,harvestcraft,com.pam.harvestcraft.BlockPamCake,巴甫洛娃蛋糕
harvestcraft:pamholidayCake,3001,true,harvestcraft,com.pam.harvestcraft.BlockPamCake,节日蛋糕
harvestcraft:pampumpkincheeseCake,3002,true,harvestcraft,com.pam.harvestcraft.BlockPamCake,南瓜芝士蛋糕
gtswn:NetworkInfoPanel_GTswn,3003,true,gtswn,com.miaokatze.gtswn.common.block.BlockNetworkInfoPanel,网络信息屏
gtswn:NetworkInfoPanelExtender_GTswn,3004,true,gtswn,com.miaokatze.gtswn.common.block.BlockNetworkInfoPanelExtender,网络信息拓展屏
gregtech:gt.blockmachines,3005,true,gregtech,gregtech.common.blocks.BlockMachines,.name
gregtech:gt.blockcasings,3006,true,gregtech,gregtech.common.blocks.BlockCasings1,ULV机械方块
gregtech:gt.blockcasings2,3007,true,gregtech,gregtech.common.blocks.BlockCasings2,脱氧钢机械方块
gregtech:gt.blockcasings3,3008,true,gregtech,gregtech.common.blocks.BlockCasings3,黄色路障方块
gregtech:gt.blockcasings4,3009,true,gregtech,gregtech.common.blocks.BlockCasings4,强化钨钢机械方块
gregtech:gt.blockcasings5,3010,true,gregtech,gregtech.common.blocks.BlockCasings5,白铜线圈方块
gregtech:gt.blockcasings6,3011,true,gregtech,gregtech.common.blocks.BlockCasings6,密封机械方块
gregtech:gt.blockcasings8,3012,true,gregtech,gregtech.common.blocks.BlockCasings8,化学惰性机械方块
gregtech:gt.blockcasings9,3013,true,gregtech,gregtech.common.blocks.BlockCasings9,PBI管道方块
gregtech:gt.blockcasings10,3014,true,gregtech,gregtech.common.blocks.BlockCasings10,磁场科技机械方块
gregtech:gt.blockcasings11,3015,true,gregtech,gregtech.common.blocks.BlockCasings11,锡物品管道方块
gregtech:gt.blockcasings12,3016,true,gregtech,gregtech.common.blocks.BlockCasings12,焦炉砖块
gregtech:gt.blockcasings13,3017,true,gregtech,gregtech.common.blocks.BlockCasings13,线缆机械方块
gregtech:gt.blockcasings14,3018,true,gregtech,gregtech.common.blocks.BlockCasings14,gt.blockcasings14.0.name
gregtech:gt.blockcasingsNH,3019,true,gregtech,gregtech.common.blocks.BlockCasingsNH,空气过滤涡轮机械方块
gregtech:gt.foundrycasings,3020,true,gregtech,gregtech.common.blocks.BlockCasingsFoundry,异星铸造塔基础机械方块
gregtech:gt.blockcasings.bec,3021,true,gregtech,gregtech.common.blocks.BlockCasingsBEC,相干性维持等离子导管
gregtech:gt.blockgranites,3022,true,gregtech,gregtech.common.blocks.BlockGranites,黑花岗岩
gregtech:gt.block.longdistancepipe,3023,true,gregtech,gregtech.api.items.BlockLongDistancePipe,长距离流体管道
gregtech:gt.blockconcretes,3024,true,gregtech,gregtech.common.blocks.BlockConcretes,深色混凝土
gregtech:gt.blockstones,3025,true,gregtech,gregtech.common.blocks.BlockStones,大理石
gregtech:gt.blockores,3026,true,gregtech,gregtech.common.blocks.BlockOresLegacy,矿石
gregtech:gt.blockframes,3027,true,gregtech,gregtech.common.blocks.BlockFrameBox,空框架
gregtech:gt.blockglass1,3028,true,gregtech,gregtech.common.blocks.BlockGlass1,化学级玻璃
gregtech:gt.blocktintedglass,3029,true,gregtech,gregtech.common.blocks.BlockTintedIndustrialGlass,染色工业玻璃（白）
gregtech:gt.laserplate,3030,true,gregtech,gregtech.common.blocks.BlockLaser,激光防护板
gregtech:gt.dronerenderer,3031,true,gregtech,gregtech.common.blocks.BlockRenderer,无人机渲染
gregtech:gt.wormholerenderer,3032,true,gregtech,gregtech.common.blocks.BlockRenderer,虫洞渲染器
gregtech:gt.blackholerenderer,3033,true,gregtech,gregtech.common.blocks.BlockRenderer,黑洞渲染器
gregtech:gt.nanoforgerenderer,3034,true,gregtech,gregtech.common.blocks.BlockRenderer,纳米锻炉渲染
gregtech:gt.blockores2,3035,true,gregtech,gregtech.common.blocks.GTBlockOre,空矿石
gregtech:gt.blockores3,3036,true,gregtech,gregtech.common.blocks.GTBlockOre,空矿石
gregtech:gt.blockores4,3037,true,gregtech,gregtech.common.blocks.GTBlockOre,空矿石
gregtech:gt.blockores5,3038,true,gregtech,gregtech.common.blocks.GTBlockOre,空矿石
gregtech:gt.blockores6,3039,true,gregtech,gregtech.common.blocks.GTBlockOre,空矿石
gregtech:gt.blockores7,3040,true,gregtech,gregtech.common.blocks.GTBlockOre,空矿石
gregtech:gt.blockmetal1,3041,true,gregtech,gregtech.common.blocks.BlockMetal,精金块
gregtech:gt.blockmetal2,3042,true,gregtech,gregtech.common.blocks.BlockMetal,青铜块
gregtech:gt.blockmetal3,3043,true,gregtech,gregtech.common.blocks.BlockMetal,通流琥珀金块
gregtech:gt.blockmetal4,3044,true,gregtech,gregtech.common.blocks.BlockMetal,骑士金属块
gregtech:gt.blockmetal5,3045,true,gregtech,gregtech.common.blocks.BlockMetal,钕块
gregtech:gt.blockmetal6,3046,true,gregtech,gregtech.common.blocks.BlockMetal,钷块
gregtech:gt.blockmetal7,3047,true,gregtech,gregtech.common.blocks.BlockMetal,阳光化合物块
gregtech:gt.blockmetal8,3048,true,gregtech,gregtech.common.blocks.BlockMetal,钒块
gregtech:gt.blockgem1,3049,true,gregtech,gregtech.common.blocks.BlockMetal,风之魔晶块
gregtech:gt.blockgem2,3050,true,gregtech,gregtech.common.blocks.BlockMetal,蓝金石块
gregtech:gt.blockgem3,3051,true,gregtech,gregtech.common.blocks.BlockMetal,黄玉块
gregtech:gt.blockmetal9,3052,true,gregtech,gregtech.common.blocks.BlockMetal,冰晶石块
gregtech:gt.blockmetal10,3053,true,gregtech,gregtech.common.blocks.BlockMetal,静寂块
gregtech:gt.blockreinforced,3054,true,gregtech,gregtech.common.blocks.BlockReinforced,青铜强化方块
gregtech:gt.sheetmetal,3055,true,gregtech,gregtech.common.blocks.BlockSheetMetal,空板金属
gregtech:bw.sheetmetal,3056,true,gregtech,gregtech.common.blocks.BlockSheetMetal,Unnamed
gregtech:bw.frames,3057,true,gregtech,gregtech.common.blocks.BlockDecorativeFrame,NULL
gregtech:gt.blockcasings.cyclotron_coils,3058,true,gregtech,gregtech.common.blocks.BlockCyclotronCoils,MV螺线管超导线圈
botanichorizons:automatedCraftingPool,3059,true,botanichorizons,net.fuzzycraft.botanichorizons.addons.block.BlockAdvancedCraftingPool,魔力喷泉
botanichorizons:automatedAlchemyPool,3060,true,botanichorizons,net.fuzzycraft.botanichorizons.addons.block.BlockAdvancedAlchemyPool,炼金喷泉
botanichorizons:automatedConjurationPool,3061,true,botanichorizons,net.fuzzycraft.botanichorizons.addons.block.BlockAdvancedConjurationPool,炼造喷泉
botanichorizons:automatedAlfPortal,3062,true,botanichorizons,net.fuzzycraft.botanichorizons.addons.block.BlockAdvancedAlfPortal,人造精灵门
VillageNames:lunarinGoldBlock,3063,true,VillageNames,astrotibs.villagenames.block.BlockLunarinGold,月影风格金砖块
VillageNames:lunarinIronBlock,3064,true,VillageNames,astrotibs.villagenames.block.BlockLunarinIron,月影风格铁砖块
VillageNames:sponge,3065,true,VillageNames,astrotibs.villagenames.prismarine.block.BlockSpongeVN,海绵
VillageNames:glazedTerracotta,3066,true,VillageNames,astrotibs.villagenames.block.color.BlockGlazedTerracotta,白色带釉陶瓦
VillageNames:glazedTerracotta2,3067,true,VillageNames,astrotibs.villagenames.block.color.BlockGlazedTerracotta,黄色带釉陶瓦
VillageNames:glazedTerracotta3,3068,true,VillageNames,astrotibs.villagenames.block.color.BlockGlazedTerracotta,淡灰色带釉陶瓦
VillageNames:glazedTerracotta4,3069,true,VillageNames,astrotibs.villagenames.block.color.BlockGlazedTerracotta,棕色带釉陶瓦
VillageNames:concrete,3070,true,VillageNames,astrotibs.villagenames.block.color.BlockConcrete,白色混凝土
VillageNames:concretePowder,3071,true,VillageNames,astrotibs.villagenames.block.color.BlockConcretePowder,白色混凝土粉末
BuildCraft|Robotics:zonePlan,3072,true,BuildCraft|Robotics,buildcraft.robotics.BlockZonePlan,区域规划机
BuildCraft|Robotics:requester,3073,true,BuildCraft|Robotics,buildcraft.robotics.BlockRequester,请求机
CarpentersBlocks:blockCarpentersBlock,3074,true,CarpentersBlocks,com.carpentersblocks.block.BlockCarpentersBlock,木匠方块
CarpentersBlocks:blockCarpentersBarrier,3075,true,CarpentersBlocks,com.carpentersblocks.block.BlockCarpentersBarrier,木匠栅栏
CarpentersBlocks:blockCarpentersBed,3076,true,CarpentersBlocks,com.carpentersblocks.block.BlockCarpentersBed,木匠床
CarpentersBlocks:blockCarpentersButton,3077,true,CarpentersBlocks,com.carpentersblocks.block.BlockCarpentersButton,木匠按钮
CarpentersBlocks:blockCarpentersCollapsibleBlock,3078,true,CarpentersBlocks,com.carpentersblocks.block.BlockCarpentersCollapsibleBlock,木匠折叠方块
CarpentersBlocks:blockCarpentersDaylightSensor,3079,true,CarpentersBlocks,com.carpentersblocks.block.BlockCarpentersDaylightSensor,木匠阳光传感器
CarpentersBlocks:blockCarpentersDoor,3080,true,CarpentersBlocks,com.carpentersblocks.block.BlockCarpentersDoor,木匠门
CarpentersBlocks:blockCarpentersFlowerPot,3081,true,CarpentersBlocks,com.carpentersblocks.block.BlockCarpentersFlowerPot,木匠花盆
CarpentersBlocks:blockCarpentersGarageDoor,3082,true,CarpentersBlocks,com.carpentersblocks.block.BlockCarpentersGarageDoor,木匠卷闸门
CarpentersBlocks:blockCarpentersGate,3083,true,CarpentersBlocks,com.carpentersblocks.block.BlockCarpentersGate,木匠栅栏门
CarpentersBlocks:blockCarpentersHatch,3084,true,CarpentersBlocks,com.carpentersblocks.block.BlockCarpentersHatch,木匠活板门
CarpentersBlocks:blockCarpentersLadder,3085,true,CarpentersBlocks,com.carpentersblocks.block.BlockCarpentersLadder,木匠梯子
CarpentersBlocks:blockCarpentersLever,3086,true,CarpentersBlocks,com.carpentersblocks.block.BlockCarpentersLever,木匠拉杆
CarpentersBlocks:blockCarpentersPressurePlate,3087,true,CarpentersBlocks,com.carpentersblocks.block.BlockCarpentersPressurePlate,木匠压力板
CarpentersBlocks:blockCarpentersSafe,3088,true,CarpentersBlocks,com.carpentersblocks.block.BlockCarpentersSafe,木匠保险箱
CarpentersBlocks:blockCarpentersSlope,3089,true,CarpentersBlocks,com.carpentersblocks.block.BlockCarpentersSlope,木匠楔形斜坡
CarpentersBlocks:blockCarpentersStairs,3090,true,CarpentersBlocks,com.carpentersblocks.block.BlockCarpentersStairs,木匠楼梯
CarpentersBlocks:blockCarpentersTorch,3091,true,CarpentersBlocks,com.carpentersblocks.block.BlockCarpentersTorch,木匠火把
catwalks:sturdy_rail,3092,true,catwalks,com.thecodewarrior.catwalks.block.BlockSturdyRail,坚实铁轨
catwalks:sturdy_rail_powered,3093,true,catwalks,com.thecodewarrior.catwalks.block.BlockSturdyRailBooster,坚实动力铁轨
catwalks:sturdy_rail_detector,3094,true,catwalks,com.thecodewarrior.catwalks.block.BlockSturdyRailDetector,坚实检测铁轨
catwalks:sturdy_rail_activator,3095,true,catwalks,com.thecodewarrior.catwalks.block.BlockSturdyRailActivator,坚实激活铁轨
catwalks:support_column,3096,true,catwalks,com.thecodewarrior.catwalks.block.BlockSupportColumn,支柱
catwalks:scaffold,3097,true,catwalks,com.thecodewarrior.catwalks.block.BlockScaffold,脚手架
catwalks:catwalk_lit_tape,3098,true,catwalks,com.thecodewarrior.catwalks.block.BlockCatwalk,栈桥
catwalks:catwalk_lit,3099,true,catwalks,com.thecodewarrior.catwalks.block.BlockCatwalk,栈桥
catwalks:catwalk_lit_nobottom_tape,3100,true,catwalks,com.thecodewarrior.catwalks.block.BlockCatwalk,栈桥
catwalks:catwalk_lit_nobottom,3101,true,catwalks,com.thecodewarrior.catwalks.block.BlockCatwalk,栈桥
catwalks:catwalk_unlit_tape,3102,true,catwalks,com.thecodewarrior.catwalks.block.BlockCatwalk,栈桥
catwalks:catwalk_unlit,3103,true,catwalks,com.thecodewarrior.catwalks.block.BlockCatwalk,栈桥
catwalks:catwalk_unlit_nobottom_tape,3104,true,catwalks,com.thecodewarrior.catwalks.block.BlockCatwalk,栈桥
catwalks:catwalk_unlit_nobottom,3105,true,catwalks,com.thecodewarrior.catwalks.block.BlockCatwalk,栈桥
catwalks:cagedLadder_north_lit_nobottom_tape,3106,true,catwalks,com.thecodewarrior.catwalks.block.BlockCagedLadder,笼式扶梯
catwalks:cagedLadder_north_lit_nobottom,3107,true,catwalks,com.thecodewarrior.catwalks.block.BlockCagedLadder,笼式扶梯
catwalks:cagedLadder_north_lit_tape,3108,true,catwalks,com.thecodewarrior.catwalks.block.BlockCagedLadder,笼式扶梯
catwalks:cagedLadder_north_lit,3109,true,catwalks,com.thecodewarrior.catwalks.block.BlockCagedLadder,笼式扶梯
catwalks:cagedLadder_north_unlit_nobottom_tape,3110,true,catwalks,com.thecodewarrior.catwalks.block.BlockCagedLadder,笼式扶梯
catwalks:cagedLadder_north_unlit_nobottom,3111,true,catwalks,com.thecodewarrior.catwalks.block.BlockCagedLadder,笼式扶梯
catwalks:cagedLadder_north_unlit_tape,3112,true,catwalks,com.thecodewarrior.catwalks.block.BlockCagedLadder,笼式扶梯
catwalks:cagedLadder_north_unlit,3113,true,catwalks,com.thecodewarrior.catwalks.block.BlockCagedLadder,笼式扶梯
catwalks:cagedLadder_south_lit_nobottom_tape,3114,true,catwalks,com.thecodewarrior.catwalks.block.BlockCagedLadder,笼式扶梯
catwalks:cagedLadder_south_lit_nobottom,3115,true,catwalks,com.thecodewarrior.catwalks.block.BlockCagedLadder,笼式扶梯
catwalks:cagedLadder_south_lit_tape,3116,true,catwalks,com.thecodewarrior.catwalks.block.BlockCagedLadder,笼式扶梯
catwalks:cagedLadder_south_lit,3117,true,catwalks,com.thecodewarrior.catwalks.block.BlockCagedLadder,笼式扶梯
catwalks:cagedLadder_south_unlit_nobottom_tape,3118,true,catwalks,com.thecodewarrior.catwalks.block.BlockCagedLadder,笼式扶梯
catwalks:cagedLadder_south_unlit_nobottom,3119,true,catwalks,com.thecodewarrior.catwalks.block.BlockCagedLadder,笼式扶梯
catwalks:cagedLadder_south_unlit_tape,3120,true,catwalks,com.thecodewarrior.catwalks.block.BlockCagedLadder,笼式扶梯
catwalks:cagedLadder_south_unlit,3121,true,catwalks,com.thecodewarrior.catwalks.block.BlockCagedLadder,笼式扶梯
catwalks:cagedLadder_west_lit_nobottom_tape,3122,true,catwalks,com.thecodewarrior.catwalks.block.BlockCagedLadder,笼式扶梯
catwalks:cagedLadder_west_lit_nobottom,3123,true,catwalks,com.thecodewarrior.catwalks.block.BlockCagedLadder,笼式扶梯
catwalks:cagedLadder_west_lit_tape,3124,true,catwalks,com.thecodewarrior.catwalks.block.BlockCagedLadder,笼式扶梯
catwalks:cagedLadder_west_lit,3125,true,catwalks,com.thecodewarrior.catwalks.block.BlockCagedLadder,笼式扶梯
catwalks:cagedLadder_west_unlit_nobottom_tape,3126,true,catwalks,com.thecodewarrior.catwalks.block.BlockCagedLadder,笼式扶梯
catwalks:cagedLadder_west_unlit_nobottom,3127,true,catwalks,com.thecodewarrior.catwalks.block.BlockCagedLadder,笼式扶梯
catwalks:cagedLadder_west_unlit_tape,3128,true,catwalks,com.thecodewarrior.catwalks.block.BlockCagedLadder,笼式扶梯
catwalks:cagedLadder_west_unlit,3129,true,catwalks,com.thecodewarrior.catwalks.block.BlockCagedLadder,笼式扶梯
catwalks:cagedLadder_east_lit_nobottom_tape,3130,true,catwalks,com.thecodewarrior.catwalks.block.BlockCagedLadder,笼式扶梯
catwalks:cagedLadder_east_lit_nobottom,3131,true,catwalks,com.thecodewarrior.catwalks.block.BlockCagedLadder,笼式扶梯
catwalks:cagedLadder_east_lit_tape,3132,true,catwalks,com.thecodewarrior.catwalks.block.BlockCagedLadder,笼式扶梯
catwalks:cagedLadder_east_lit,3133,true,catwalks,com.thecodewarrior.catwalks.block.BlockCagedLadder,笼式扶梯
catwalks:cagedLadder_east_unlit_nobottom_tape,3134,true,catwalks,com.thecodewarrior.catwalks.block.BlockCagedLadder,笼式扶梯
catwalks:cagedLadder_east_unlit_nobottom,3135,true,catwalks,com.thecodewarrior.catwalks.block.BlockCagedLadder,笼式扶梯
catwalks:cagedLadder_east_unlit_tape,3136,true,catwalks,com.thecodewarrior.catwalks.block.BlockCagedLadder,笼式扶梯
catwalks:cagedLadder_east_unlit,3137,true,catwalks,com.thecodewarrior.catwalks.block.BlockCagedLadder,笼式扶梯
Ztones:stoneTile,3138,true,Ztones,com.riciJak.Ztones.block.VBlocks.BlockStoneTile,Ztone块
Ztones:cleanDirt,3139,true,Ztones,com.riciJak.Ztones.block.VBlocks.BlockCleanDirt,花土
Ztones:booster,3140,true,Ztones,com.riciJak.Ztones.block.VBlocks.BlockBooster,加速板
Ztones:lampf,3141,true,Ztones,com.riciJak.Ztones.block.VBlocks.BlockLampFlat,平面灯
Ztones:lampt,3142,true,Ztones,com.riciJak.Ztones.block.VBlocks.BlockLampTransparent,平面灯
Ztones:lampb,3143,true,Ztones,com.riciJak.Ztones.block.VBlocks.BlockLampBlack,平面灯
Ztones:auroraBlock,3144,true,Ztones,com.riciJak.Ztones.block.VBlocks.BlockAurora,极光
Ztones:tile.agonBlock,3145,true,Ztones,com.riciJak.Ztones.block.MBlocks.BlockAgon,Agon ⓪
Ztones:tile.bittBlock,3146,true,Ztones,com.riciJak.Ztones.block.MBlocks.BlockBitt,Bitt ⓪
Ztones:tile.crayBlock,3147,true,Ztones,com.riciJak.Ztones.block.MBlocks.BlockCray,Cray ⓪
Ztones:tile.fortBlock,3148,true,Ztones,com.riciJak.Ztones.block.MBlocks.BlockFort,Fort ⓪
Ztones:tile.iszmBlock,3149,true,Ztones,com.riciJak.Ztones.block.MBlocks.BlockIszm,Iszm ⓪
Ztones:tile.jeltBlock,3150,true,Ztones,com.riciJak.Ztones.block.MBlocks.BlockJelt,Jelt ⓪
Ztones:tile.korpBlock,3151,true,Ztones,com.riciJak.Ztones.block.MBlocks.BlockKorp,Korp ⓪
Ztones:tile.krypBlock,3152,true,Ztones,com.riciJak.Ztones.block.MBlocks.BlockKryp,Kryp ⓪
Ztones:tile.lairBlock,3153,true,Ztones,com.riciJak.Ztones.block.MBlocks.BlockLair,Lair ⓪
Ztones:tile.laveBlock,3154,true,Ztones,com.riciJak.Ztones.block.MBlocks.BlockLave,Lave ⓪
Ztones:tile.mintBlock,3155,true,Ztones,com.riciJak.Ztones.block.MBlocks.BlockMint,Mint ⓪
Ztones:tile.mystBlock,3156,true,Ztones,com.riciJak.Ztones.block.MBlocks.BlockMyst,Myst ⓪
Ztones:tile.redsBlock,3157,true,Ztones,com.riciJak.Ztones.block.MBlocks.BlockReds,Reds ⓪
Ztones:tile.roenBlock,3158,true,Ztones,com.riciJak.Ztones.block.MBlocks.BlockRoen,Roen ⓪
Ztones:tile.solsBlock,3159,true,Ztones,com.riciJak.Ztones.block.MBlocks.BlockSols,Sols ⓪
Ztones:tile.tankBlock,3160,true,Ztones,com.riciJak.Ztones.block.MBlocks.BlockTank,Tank ⓪
Ztones:tile.vectBlock,3161,true,Ztones,com.riciJak.Ztones.block.MBlocks.BlockVect,Vect ⓪
Ztones:tile.venaBlock,3162,true,Ztones,com.riciJak.Ztones.block.MBlocks.BlockVena,Vena ⓪
Ztones:tile.zechBlock,3163,true,Ztones,com.riciJak.Ztones.block.MBlocks.BlockZech,Zech ⓪
Ztones:tile.zionBlock,3164,true,Ztones,com.riciJak.Ztones.block.MBlocks.BlockZion,Zion ⓪
Ztones:tile.zomeBlock,3165,true,Ztones,com.riciJak.Ztones.block.MBlocks.BlockZome,Zome ⓪
Ztones:tile.zoneBlock,3166,true,Ztones,com.riciJak.Ztones.block.MBlocks.BlockZone,Zone ⓪
Ztones:tile.zorgBlock,3167,true,Ztones,com.riciJak.Ztones.block.MBlocks.BlockZorg,Zorg ⓪
Ztones:tile.glaxx,3168,true,Ztones,com.riciJak.Ztones.block.VBlocks.BlockGlaxx,染色玻璃⓪
Ztones:tile.reedBlock,3169,true,Ztones,com.riciJak.Ztones.block.MBlocks.BlockReed,Reed ⓪
Ztones:tile.syncBlock,3170,true,Ztones,com.riciJak.Ztones.block.MBlocks.BlockSync,Sync ⓪
Ztones:tile.zkulBlock,3171,true,Ztones,com.riciJak.Ztones.block.MBlocks.BlockZkul,Zkul ⓪
Ztones:tile.azurBlock,3172,true,Ztones,com.riciJak.Ztones.block.MBlocks.BlockAzur,Azur ⓪
Ztones:tile.zetaBlock,3173,true,Ztones,com.riciJak.Ztones.block.MBlocks.BlockZeta,Zeta ⓪
Ztones:tile.zestBlock,3174,true,Ztones,com.riciJak.Ztones.block.MBlocks.BlockZest,Zest ⓪
Ztones:tile.zoeaBlock,3175,true,Ztones,com.riciJak.Ztones.block.MBlocks.BlockZoea,Zoea ⓪
Ztones:tile.zaneBlock,3176,true,Ztones,com.riciJak.Ztones.block.MBlocks.BlockZane,Zane ⓪
Ztones:tile.zythBlock,3177,true,Ztones,com.riciJak.Ztones.block.MBlocks.BlockZyth,Zyth ⓪
Ztones:tile.ztylBlock,3178,true,Ztones,com.riciJak.Ztones.block.MBlocks.BlockZtyl,Ztyl ⓪
compactkineticgenerators:BlockCkg,3179,true,compactkineticgenerators,com.lulan.compactkineticgenerators.block.BlockCkg,低阶风力动能发生机
OpenComputers:accessPoint,3180,true,OpenComputers,li.cil.oc.common.block.AccessPoint,无线接入点
OpenComputers:adapter,3181,true,OpenComputers,li.cil.oc.common.block.Adapter,适配器
OpenComputers:assembler,3182,true,OpenComputers,li.cil.oc.common.block.Assembler,电子装配器
OpenComputers:cable,3183,true,OpenComputers,li.cil.oc.common.block.Cable,线缆
OpenComputers:capacitor,3184,true,OpenComputers,li.cil.oc.common.block.Capacitor,电容
OpenComputers:case1,3185,true,OpenComputers,li.cil.oc.common.block.Case,T1机箱
OpenComputers:case3,3186,true,OpenComputers,li.cil.oc.common.block.Case,T3机箱
OpenComputers:case2,3187,true,OpenComputers,li.cil.oc.common.block.Case,T2机箱
OpenComputers:charger,3188,true,OpenComputers,li.cil.oc.common.block.Charger,充电器
OpenComputers:disassembler,3189,true,OpenComputers,li.cil.oc.common.block.Disassembler,分解器
OpenComputers:diskDrive,3190,true,OpenComputers,li.cil.oc.common.block.DiskDrive,软盘驱动器
OpenComputers:geolyzer,3191,true,OpenComputers,li.cil.oc.common.block.Geolyzer,地质分析仪
OpenComputers:hologram1,3192,true,OpenComputers,li.cil.oc.common.block.Hologram,T1全息投影仪
OpenComputers:hologram2,3193,true,OpenComputers,li.cil.oc.common.block.Hologram,T2全息投影仪
OpenComputers:keyboard,3194,true,OpenComputers,li.cil.oc.common.block.Keyboard,键盘
OpenComputers:motionSensor,3195,true,OpenComputers,li.cil.oc.common.block.MotionSensor,运动传感器
OpenComputers:powerConverter,3196,true,OpenComputers,li.cil.oc.common.block.PowerConverter,能量转换器
OpenComputers:powerDistributor,3197,true,OpenComputers,li.cil.oc.common.block.PowerDistributor,能量分配器
OpenComputers:raid,3198,true,OpenComputers,li.cil.oc.common.block.Raid,硬盘阵列柜
OpenComputers:redstone,3199,true,OpenComputers,li.cil.oc.common.block.Redstone,红石I/O端口
OpenComputers:relay,3200,true,OpenComputers,li.cil.oc.common.block.Relay,中继器
OpenComputers:screen1,3201,true,OpenComputers,li.cil.oc.common.block.Screen,T1显示屏
OpenComputers:screen3,3202,true,OpenComputers,li.cil.oc.common.block.Screen,T3显示屏
OpenComputers:screen2,3203,true,OpenComputers,li.cil.oc.common.block.Screen,T2显示屏
OpenComputers:rack,3204,true,OpenComputers,li.cil.oc.common.block.Rack,机架
OpenComputers:switch,3205,true,OpenComputers,li.cil.oc.common.block.Switch,交换机
OpenComputers:caseCreative,3206,true,OpenComputers,li.cil.oc.common.block.Case,创造模式机箱
OpenComputers:microcontroller,3207,true,OpenComputers,li.cil.oc.common.block.Microcontroller,微控制器
OpenComputers:robotAfterimage,3208,true,OpenComputers,li.cil.oc.common.block.RobotAfterimage,机器人
OpenComputers:robot,3209,true,OpenComputers,li.cil.oc.common.block.RobotProxy,机器人
OpenComputers:print,3210,true,OpenComputers,li.cil.oc.common.block.Print,3D打印件
OpenComputers:printer,3211,true,OpenComputers,li.cil.oc.common.block.Printer,3D打印机
OpenComputers:chameliumBlock,3212,true,OpenComputers,li.cil.oc.common.block.ChameliumBlock,变色材料块
OpenComputers:waypoint,3213,true,OpenComputers,li.cil.oc.common.block.Waypoint,路径点
OpenComputers:endstone,3214,true,OpenComputers,li.cil.oc.common.block.FakeEndstone,末地石
OpenComputers:netSplitter,3215,true,OpenComputers,li.cil.oc.common.block.NetSplitter,网络分配器
OpenComputers:transposer,3216,true,OpenComputers,li.cil.oc.common.block.Transposer,转运器
OpenComputers:carpetedCapacitor,3217,true,OpenComputers,li.cil.oc.common.block.CarpetedCapacitor,地毯式电容
computronics:computronics.ironNoteBlock,3218,true,computronics,pl.asie.computronics.block.BlockIronNote,铁音符盒
computronics:computronics.audioCable,3219,true,computronics,pl.asie.computronics.block.BlockAudioCable,音频线缆
computronics:computronics.speaker,3220,true,computronics,pl.asie.computronics.block.BlockSpeaker,扬声器
computronics:computronics.tapeReader,3221,true,computronics,pl.asie.computronics.block.BlockTapeReader,磁带驱动器
computronics:computronics.camera,3222,true,computronics,pl.asie.computronics.block.BlockCamera,摄像头
computronics:computronics.chatBox,3223,true,computronics,pl.asie.computronics.block.BlockChatBox,聊天盒
computronics:computronics.cipher,3224,true,computronics,pl.asie.computronics.block.BlockCipher,加密机
computronics:computronics.cipher_advanced,3225,true,computronics,pl.asie.computronics.block.BlockCipherAdvanced,高级加密机
computronics:computronics.radar,3226,true,computronics,pl.asie.computronics.block.BlockRadar,雷达
computronics:computronics.colorfulLamp,3227,true,computronics,pl.asie.computronics.block.BlockColorfulLamp,变色灯
computronics:computronics.locomotiveRelay,3228,true,computronics,pl.asie.computronics.integration.railcraft.block.BlockLocomotiveRelay,数字化机车中继器
computronics:computronics.digitalReceiverBox,3229,true,computronics,pl.asie.computronics.integration.railcraft.block.BlockDigitalReceiverBox,数字化信号接收器
computronics:computronics.digitalControllerBox,3230,true,computronics,pl.asie.computronics.integration.railcraft.block.BlockDigitalControllerBox,数字化信号控制器
computronics:computronics.detector,3231,true,computronics,pl.asie.computronics.integration.railcraft.block.BlockDigitalDetector,矿车传感器 - 数字化
computronics:computronics.ticketMachine,3232,true,computronics,pl.asie.computronics.integration.railcraft.block.BlockTicketMachine,火车票打印机
computronics:computronics.speechBox,3233,true,computronics,pl.asie.computronics.block.BlockSpeechBox,语音盒
tectech:gt.blockcasingsTT,3234,true,tectech,tectech.thing.casing.BlockGTCasingsTT,高能机械方块
tectech:Eye of Harmony Renderer,3235,true,tectech,tectech.thing.block.BlockEOHRender,鸿蒙之眼渲染器
tectech:ForgeOfGodsRenderBlock,3236,true,tectech,tectech.thing.block.BlockForgeOfGods,诸神之锻炉渲染器
tectech:gt.blockcasingsBA0,3237,true,tectech,tectech.thing.casing.BlockGTCasingsBA0,红石合金初级特斯拉绕组
tectech:gt.spacetime_compression_field_generator,3238,true,tectech,tectech.thing.casing.SpacetimeCompressionFieldCasing,粗制压缩时空场发生器
tectech:gt.time_acceleration_field_generator,3239,true,tectech,tectech.thing.casing.TimeAccelerationFieldCasing,粗制时间膨胀场发生器
tectech:gt.stabilisation_field_generator,3240,true,tectech,tectech.thing.casing.StabilisationFieldCasing,粗制稳定力场发生器
tectech:gt.godforgecasing,3241,true,tectech,tectech.thing.casing.BlockGodforgeCasings,奇点强化恒星屏蔽机械方块
tectech:tile.spatiallyTranscendentGravitationalLens,3242,true,tectech,tectech.thing.block.BlockGodforgeGlass,超空间引力透镜方块
tectech:tile.quantumGlass,3243,true,tectech,tectech.thing.block.BlockQuantumGlass,量子玻璃
tectech:tile.reactorSim,3244,true,tectech,tectech.thing.block.BlockReactorSim,反应堆模拟器
RandomThings:playerinterface,3245,true,RandomThings,lumien.randomthings.Blocks.BlockPlayerInterface,玩家接口
RandomThings:creativePlayerInterface,3246,true,RandomThings,lumien.randomthings.Blocks.BlockCreativePlayerInterface,创造模式玩家接口
RandomThings:fluidDisplay,3247,true,RandomThings,lumien.randomthings.Blocks.BlockFluidDisplay,液体伪装方块
RandomThings:advancedFluidDisplay,3248,true,RandomThings,lumien.randomthings.Blocks.BlockAdvancedFluidDisplay,高级液体伪装方块
RandomThings:fertilizedDirt,3249,true,RandomThings,lumien.randomthings.Blocks.BlockFertilizedDirt,沃土
RandomThings:fertilizedDirt_tilled,3250,true,RandomThings,lumien.randomthings.Blocks.BlockFertilizedDirt,沃土
RandomThings:itemCollector,3251,true,RandomThings,lumien.randomthings.Blocks.BlockItemCollector,物品收集器
RandomThings:advancedItemCollector,3252,true,RandomThings,lumien.randomthings.Blocks.BlockAdvancedItemCollector,高级物品收集器
RandomThings:onlineDetector,3253,true,RandomThings,lumien.randomthings.Blocks.BlockOnlineDetector,在线侦测器
RandomThings:moonSensor,3254,true,RandomThings,lumien.randomthings.Blocks.BlockMoonSensor,月相传感器
RandomThings:bloodMoonSensor,3255,true,RandomThings,lumien.randomthings.Blocks.BlockBloodmoonSensor,血月传感器
RandomThings:notificationInterface,3256,true,RandomThings,lumien.randomthings.Blocks.BlockNotificationInterface,通知接口
RandomThings:lapisLamp,3257,true,RandomThings,lumien.randomthings.Blocks.BlockLapisLamp,青金石灯
RandomThings:wirelessLever,3258,true,RandomThings,lumien.randomthings.Blocks.BlockWirelessLever,无线拉杆
RandomThings:dyeingMachine,3259,true,RandomThings,lumien.randomthings.Blocks.BlockDyeingMachine,混色机器
RandomThings:spectreGlass,3260,true,RandomThings,lumien.randomthings.Blocks.Spectre.BlockSpectreGlass,灵魂玻璃
RandomThings:energyDistributor,3261,true,RandomThings,lumien.randomthings.Blocks.EnergyDistributors.BlockEnergyDistributor,能量分配器
RandomThings:enderEnergyDistributor,3262,true,RandomThings,lumien.randomthings.Blocks.EnergyDistributors.BlockEnderEnergyDistributor,末影能量分配器
RandomThings:spectreBlock,3263,true,RandomThings,lumien.randomthings.Blocks.Spectre.BlockSpectreBlock,黑色幽灵方块
RandomThings:imbuingStation,3264,true,RandomThings,lumien.randomthings.Blocks.BlockImbuingStation,激素药水酿造台
bartworks:BW_GlasBlocks,3265,true,bartworks,bartworks.common.blocks.BWBlocksGlass,硼玻璃方块
bartworks:BW_GlasBlocks2,3266,true,bartworks,bartworks.common.blocks.BWBlocksGlass2,超时空强化硼玻璃方块
GoodGenerator:MAR_Casing,3267,true,GoodGenerator,goodgenerator.blocks.regularBlock.BlockCasing,力场约束机械方块
GoodGenerator:radiationProtectionSteelFrame,3268,true,GoodGenerator,goodgenerator.blocks.regularBlock.BlockFrame,防辐射钢框架
GoodGenerator:fieldRestrictingGlass,3269,true,GoodGenerator,goodgenerator.blocks.regularBlock.BlockFrame,力场约束玻璃
GoodGenerator:FRF_Casings,3270,true,GoodGenerator,goodgenerator.blocks.regularBlock.BlockCasing,硅岩燃料精炼机械方块
GoodGenerator:FRF_Coil_1,3271,true,GoodGenerator,goodgenerator.blocks.regularBlock.BlockCasing,力场约束线圈
GoodGenerator:FRF_Coil_2,3272,true,GoodGenerator,goodgenerator.blocks.regularBlock.BlockCasing,进阶力场约束线圈
GoodGenerator:FRF_Coil_3,3273,true,GoodGenerator,goodgenerator.blocks.regularBlock.BlockCasing,终极力场约束线圈
GoodGenerator:FRF_Coil_4,3274,true,GoodGenerator,goodgenerator.blocks.regularBlock.BlockCasing,时空力场约束线圈
GoodGenerator:rawCylinder,3275,true,GoodGenerator,goodgenerator.blocks.regularBlock.BlockCasing,粗制气缸
GoodGenerator:titaniumPlatedCylinder,3276,true,GoodGenerator,goodgenerator.blocks.regularBlock.BlockCasing,镀钛气缸
GoodGenerator:speedingPipe,3277,true,GoodGenerator,goodgenerator.blocks.regularBlock.BlockComplexTextureCasing,高速管道方块
GoodGenerator:yottaFluidTankCells,3278,true,GoodGenerator,goodgenerator.blocks.regularBlock.BlockCasing,流体单元方块T1
GoodGenerator:yottaFluidTankCasing,3279,true,GoodGenerator,goodgenerator.blocks.regularBlock.BlockComplexTextureCasing,YOT机械方块
GoodGenerator:supercriticalFluidTurbineCasing,3280,true,GoodGenerator,goodgenerator.blocks.regularBlock.BlockTurbineCasing,超临界蒸汽涡轮机械方块
GoodGenerator:componentAssemblylineCasing,3281,true,GoodGenerator,goodgenerator.blocks.regularBlock.BlockCasing,部件装配线外壳(LV)
GoodGenerator:pressureResistantWalls,3282,true,GoodGenerator,goodgenerator.blocks.regularBlock.BlockCasing,耐压墙
GoodGenerator:impreciseUnitCasing,3283,true,GoodGenerator,goodgenerator.blocks.regularBlock.BlockCasing,不精密的电子单元机械方块
GoodGenerator:preciseUnitCasing,3284,true,GoodGenerator,goodgenerator.blocks.regularBlock.BlockCasing,精密电子单元机械方块 MK-I
GoodGenerator:compactFusionCoil,3285,true,GoodGenerator,goodgenerator.blocks.regularBlock.BlockCasing,改良型超导线圈方块
GoodGenerator:antimatterContainmentCasing,3286,true,GoodGenerator,goodgenerator.blocks.regularBlock.BlockFrame,反物质隔离机械方块
GoodGenerator:magneticFluxCasing,3287,true,GoodGenerator,goodgenerator.blocks.regularBlock.BlockCasing,磁通量机械方块
GoodGenerator:protomatterActivationCoil,3288,true,GoodGenerator,goodgenerator.blocks.regularBlock.BlockCasing,元始物质活化线圈
GoodGenerator:antimatterAnnihilationMatrix,3289,true,GoodGenerator,goodgenerator.blocks.regularBlock.BlockCasing,反物质湮灭矩阵
GoodGenerator:gravityStabilizationCasing,3290,true,GoodGenerator,goodgenerator.blocks.regularBlock.BlockCasing,重力稳定机械方块
GoodGenerator:antimatterRenderBlock,3291,true,GoodGenerator,goodgenerator.blocks.regularBlock.AntimatterRenderBlock,反物质渲染
GoodGenerator:magicCasing,3292,true,GoodGenerator,goodgenerator.blocks.regularBlock.BlockCasing,魔法机械方块
GoodGenerator:essentiaCell,3293,true,GoodGenerator,goodgenerator.blocks.regularBlock.BlockCasing,新手源质扩散单元
GoodGenerator:essentiaOutputHatch,3294,true,GoodGenerator,goodgenerator.blocks.regularBlock.BlockTEContainer,源质输出仓
GoodGenerator:essentiaFilterCasing,3295,true,GoodGenerator,goodgenerator.blocks.regularBlock.BlockCasing,源质过滤机械方块
GoodGenerator:essentiaOutputHatch_ME,3296,true,GoodGenerator,goodgenerator.blocks.regularBlock.BlockTEContainer,源质输出仓(ME)
GoodGenerator:lightlyCrackedNaquadahGas,3297,true,GoodGenerator,goodgenerator.blocks.myFluids.BaseFluid,轻度裂化硅岩气
GoodGenerator:moderatelyCrackedNaquadahGas,3298,true,GoodGenerator,goodgenerator.blocks.myFluids.BaseFluid,中度裂化硅岩气
GoodGenerator:heavilyCrackedNaquadahGas,3299,true,GoodGenerator,goodgenerator.blocks.myFluids.BaseFluid,重度裂化硅岩气
GoodGenerator:lightlyCrackedLightNaquadahFuel,3300,true,GoodGenerator,goodgenerator.blocks.myFluids.BaseFluid,轻度裂化轻质硅岩燃料
GoodGenerator:moderatelyCrackedLightNaquadahFuel,3301,true,GoodGenerator,goodgenerator.blocks.myFluids.BaseFluid,中度裂化轻质硅岩燃料
GoodGenerator:heavilyCrackedLightNaquadahFuel,3302,true,GoodGenerator,goodgenerator.blocks.myFluids.BaseFluid,重度裂化轻质硅岩燃料
GoodGenerator:lightlyCrackedHeavyNaquadahFuel,3303,true,GoodGenerator,goodgenerator.blocks.myFluids.BaseFluid,轻度裂化重质硅岩燃料
GoodGenerator:moderatelyCrackedHeavyNaquadahFuel,3304,true,GoodGenerator,goodgenerator.blocks.myFluids.BaseFluid,中度裂化重质硅岩燃料
GoodGenerator:heavilyCrackedHeavyNaquadahFuel,3305,true,GoodGenerator,goodgenerator.blocks.myFluids.BaseFluid,重度裂化重质硅岩燃料
GoodGenerator:lightlyCrackedNaquadahAsphalt,3306,true,GoodGenerator,goodgenerator.blocks.myFluids.BaseFluid,轻度裂化硅岩沥青
GoodGenerator:moderatelyCrackedNaquadahAsphalt,3307,true,GoodGenerator,goodgenerator.blocks.myFluids.BaseFluid,中度裂化硅岩沥青
GoodGenerator:heavilyCrackedNaquadahAsphalt,3308,true,GoodGenerator,goodgenerator.blocks.myFluids.BaseFluid,重度裂化硅岩沥青
GoodGenerator:combustionPromotor,3309,true,GoodGenerator,goodgenerator.blocks.myFluids.BaseFluid,助燃剂
GoodGenerator:coalTar,3310,true,GoodGenerator,goodgenerator.blocks.myFluids.BaseFluid,"未命名方块,请报告给作者."
GoodGenerator:supercriticalSteam,3311,true,GoodGenerator,goodgenerator.blocks.myFluids.BaseFluid,"未命名方块,请报告给作者."
gtnhlanth:casing.shielded_accelerator,3312,true,gtnhlanth,gtnhlanth.common.block.BlockCasing,加速器屏蔽机械方块
gtnhlanth:casing.electrode,3313,true,gtnhlanth,gtnhlanth.common.block.BlockCasing,电极机械方块
gtnhlanth:casing.coolant_delivery,3314,true,gtnhlanth,gtnhlanth.common.block.BlockCasing,冷却剂转运机械方块
gtnhlanth:tile.casing.shielded_accelerator_glass,3315,true,gtnhlanth,gtnhlanth.common.block.BlockShieldedAccGlass,加速器屏蔽玻璃
gtnhlanth:casing.antenna_t1,3316,true,gtnhlanth,gtnhlanth.common.block.BlockAntennaCasing,天线机械方块(T1)
gtnhlanth:casing.antenna_t2,3317,true,gtnhlanth,gtnhlanth.common.block.BlockAntennaCasing,天线机械方块(T2)
gtnhlanth:casing.niobium_cavity,3318,true,gtnhlanth,gtnhlanth.common.block.BlockCasing,铌质腔体机械方块
gtnhlanth:casing.focus_manipulator,3319,true,gtnhlanth,gtnhlanth.common.block.BlockCasing,焦点调节器
gtnhlanth:casing.focus_holder,3320,true,gtnhlanth,gtnhlanth.common.block.BlockCasing,焦点物品支架
gtnhlanth:casing.target_receptacle,3321,true,gtnhlanth,gtnhlanth.common.block.BlockCasing,靶仓插槽
gtnhlanth:casing.target_holder,3322,true,gtnhlanth,gtnhlanth.common.block.BlockCasing,靶点物品支架
OpenBlocks:ladder,3323,true,OpenBlocks,openblocks.common.block.BlockLadder,梯子活板门
OpenBlocks:guide,3324,true,OpenBlocks,openblocks.common.block.BlockGuide,建筑指导仪
OpenBlocks:builder_guide,3325,true,OpenBlocks,openblocks.common.block.BlockBuilderGuide,强化建筑指导仪
OpenBlocks:elevator,3326,true,OpenBlocks,openblocks.common.block.BlockElevator,电梯
OpenBlocks:elevator_rotating,3327,true,OpenBlocks,openblocks.common.block.BlockElevatorRotating,旋转电梯
OpenBlocks:target,3328,true,OpenBlocks,openblocks.common.block.BlockTarget,靶子
OpenBlocks:grave,3329,true,OpenBlocks,openblocks.common.block.BlockGrave,墓碑
OpenBlocks:flag,3330,true,OpenBlocks,openblocks.common.block.BlockFlag,旗子
OpenBlocks:trophy,3331,true,OpenBlocks,openblocks.common.block.BlockTrophy,纪念雕像
OpenBlocks:beartrap,3332,true,OpenBlocks,openblocks.common.block.BlockBearTrap,捕兽夹
OpenBlocks:sprinkler,3333,true,OpenBlocks,openblocks.common.block.BlockSprinkler,洒水器
OpenBlocks:cannon,3334,true,OpenBlocks,openblocks.common.block.BlockCannon,投掷加农炮
OpenBlocks:vacuumhopper,3335,true,OpenBlocks,openblocks.common.block.BlockVacuumHopper,虚空漏斗
OpenBlocks:sponge,3336,true,OpenBlocks,openblocks.common.block.BlockSponge,海绵
OpenBlocks:bigbutton,3337,true,OpenBlocks,openblocks.common.block.BlockBigButton,大型按钮
OpenBlocks:imaginary,3338,true,OpenBlocks,openblocks.common.block.BlockImaginary,魔法铅笔
OpenBlocks:fan,3339,true,OpenBlocks,openblocks.common.block.BlockFan,风扇
OpenBlocks:xpbottler,3340,true,OpenBlocks,openblocks.common.block.BlockXPBottler,经验装瓶器
OpenBlocks:village_highlighter,3341,true,OpenBlocks,openblocks.common.block.BlockVillageHighlighter,村庄高亮仪
OpenBlocks:path,3342,true,OpenBlocks,openblocks.common.block.BlockPath,铺路石
OpenBlocks:autoanvil,3343,true,OpenBlocks,openblocks.common.block.BlockAutoAnvil,自动铁砧
OpenBlocks:autoenchantmenttable,3344,true,OpenBlocks,openblocks.common.block.BlockAutoEnchantmentTable,自动附魔台
OpenBlocks:xpdrain,3345,true,OpenBlocks,openblocks.common.block.BlockXPDrain,经验地漏
OpenBlocks:blockbreaker,3346,true,OpenBlocks,openblocks.common.block.BlockBlockBreaker,方块采掘器
OpenBlocks:blockPlacer,3347,true,OpenBlocks,openblocks.common.block.BlockBlockPlacer,方块放置器
OpenBlocks:itemDropper,3348,true,OpenBlocks,openblocks.common.block.BlockItemDropper,物品投掷器
OpenBlocks:ropeladder,3349,true,OpenBlocks,openblocks.common.block.BlockRopeLadder,绳梯
OpenBlocks:donationStation,3350,true,OpenBlocks,openblocks.common.block.BlockDonationStation,捐助站
OpenBlocks:paintmixer,3351,true,OpenBlocks,openblocks.common.block.BlockPaintMixer,调色器
OpenBlocks:canvas,3352,true,OpenBlocks,openblocks.common.block.BlockCanvas,画布
OpenBlocks:paintcan,3353,true,OpenBlocks,openblocks.common.block.BlockPaintCan,颜料罐
OpenBlocks:canvasglass,3354,true,OpenBlocks,openblocks.common.block.BlockCanvasGlass,透明画布
OpenBlocks:projector,3355,true,OpenBlocks,openblocks.common.block.BlockProjector,高度图投影仪
OpenBlocks:drawingtable,3356,true,OpenBlocks,openblocks.common.block.BlockDrawingTable,绘图桌
OpenBlocks:sky,3357,true,OpenBlocks,openblocks.common.block.BlockSky,天空方块
OpenBlocks:xpshower,3358,true,OpenBlocks,openblocks.common.block.BlockXPShower,经验莲蓬头
OpenBlocks:goldenegg,3359,true,OpenBlocks,openblocks.common.block.BlockGoldenEgg,金蛋
OpenBlocks:scaffolding,3360,true,OpenBlocks,openblocks.common.block.BlockScaffolding,脚手架
StevesCarts:BlockCargoManager,3361,true,StevesCarts,vswe.stevescarts.Blocks.BlockCargoManager,货物管理器
StevesCarts:BlockJunction,3362,true,StevesCarts,vswe.stevescarts.Blocks.BlockRailJunction,交接轨道
StevesCarts:BlockAdvDetector,3363,true,StevesCarts,vswe.stevescarts.Blocks.BlockRailAdvDetector,高级探测轨道
StevesCarts:BlockCartAssembler,3364,true,StevesCarts,vswe.stevescarts.Blocks.BlockCartAssembler,矿车装配机
StevesCarts:BlockActivator,3365,true,StevesCarts,vswe.stevescarts.Blocks.BlockActivator,模块切换器
StevesCarts:BlockDistributor,3366,true,StevesCarts,vswe.stevescarts.Blocks.BlockDistributor,外部分配器
StevesCarts:BlockDetector,3367,true,StevesCarts,vswe.stevescarts.Blocks.BlockDetector,探测管理器
StevesCarts:upgrade,3368,true,StevesCarts,vswe.stevescarts.Blocks.BlockUpgrade,升级：电池
StevesCarts:BlockLiquidManager,3369,true,StevesCarts,vswe.stevescarts.Blocks.BlockLiquidManager,流体管理器
StevesCarts:BlockMetalStorage,3370,true,StevesCarts,vswe.stevescarts.Blocks.BlockMetalStorage,强化金属块
miscutils:blockBlockSelenium,3371,true,miscutils,gtPlusPlus.core.block.base.BlockBaseModular,硒块
miscutils:blockFrameGtSelenium,3372,true,miscutils,gtPlusPlus.core.block.base.BlockBaseModular,硒框架
miscutils:blockBlockIodine,3373,true,miscutils,gtPlusPlus.core.block.base.BlockBaseModular,碘块
miscutils:blockFrameGtIodine,3374,true,miscutils,gtPlusPlus.core.block.base.BlockBaseModular,碘框架
miscutils:blockBlockRhenium,3375,true,miscutils,gtPlusPlus.core.block.base.BlockBaseModular,铼块
miscutils:blockFrameGtRhenium,3376,true,miscutils,gtPlusPlus.core.block.base.BlockBaseModular,铼框架
miscutils:blockBlockThallium,3377,true,miscutils,gtPlusPlus.core.block.base.BlockBaseModular,铊块
miscutils:blockFrameGtThallium,3378,true,miscutils,gtPlusPlus.core.block.base.BlockBaseModular,铊框架
miscutils:blockBlockGermanium,3379,true,miscutils,gtPlusPlus.core.block.base.BlockBaseModular,锗块
miscutils:blockFrameGtGermanium,3380,true,miscutils,gtPlusPlus.core.block.base.BlockBaseModular,锗框架
miscutils:blockBlockTechnetium,3381,true,miscutils,gtPlusPlus.core.block.base.BlockBaseModular,锝块
miscutils:blockBlockPolonium,3382,true,miscutils,gtPlusPlus.core.block.base.BlockBaseModular,钋块
miscutils:blockBlockRadium,3383,true,miscutils,gtPlusPlus.core.block.base.BlockBaseModular,镭块
miscutils:blockBlockProtactinium,3384,true,miscutils,gtPlusPlus.core.block.base.BlockBaseModular,镤块
miscutils:blockBlockCurium,3385,true,miscutils,gtPlusPlus.core.block.base.BlockBaseModular,锔块
miscutils:blockBlockNeptunium,3386,true,miscutils,gtPlusPlus.core.block.base.BlockBaseModular,镎块
miscutils:blockBlockFermium,3387,true,miscutils,gtPlusPlus.core.block.base.BlockBaseModular,镄块
miscutils:blockBlockLithium7,3388,true,miscutils,gtPlusPlus.core.block.base.BlockBaseModular,锂-7块
miscutils:blockBlockUranium232,3389,true,miscutils,gtPlusPlus.core.block.base.BlockBaseModular,铀-232块
miscutils:blockBlockUranium233,3390,true,miscutils,gtPlusPlus.core.block.base.BlockBaseModular,铀-233块
miscutils:blockBlockPlutonium238,3391,true,miscutils,gtPlusPlus.core.block.base.BlockBaseModular,钚-238块
miscutils:blockBlockAdvancedNitinol,3392,true,miscutils,gtPlusPlus.core.block.base.BlockBaseModular,高级镍钛诺块
miscutils:blockBlockAstralTitanium,3393,true,miscutils,gtPlusPlus.core.block.base.BlockBaseModular,星体钛块
miscutils:blockFrameGtAstralTitanium,3394,true,miscutils,gtPlusPlus.core.block.base.BlockBaseModular,星体钛框架
miscutils:blockBlockCelestialTungsten,3395,true,miscutils,gtPlusPlus.core.block.base.BlockBaseModular,天体钨块
miscutils:blockFrameGtCelestialTungsten,3396,true,miscutils,gtPlusPlus.core.block.base.BlockBaseModular,天体钨框架
miscutils:blockBlockHypogen,3397,true,miscutils,gtPlusPlus.core.block.base.BlockBaseModular,海珀珍块
miscutils:blockFrameGtHypogen,3398,true,miscutils,gtPlusPlus.core.block.base.BlockBaseModular,海珀珍框架
miscutils:blockBlockChromaticGlass,3399,true,miscutils,gtPlusPlus.core.block.base.BlockBaseModular,彩色玻璃块
miscutils:blockFrameGtChromaticGlass,3400,true,miscutils,gtPlusPlus.core.block.base.BlockBaseModular,彩色玻璃框架
miscutils:blockBlockBlackMetal,3401,true,miscutils,gtPlusPlus.core.block.base.BlockBaseModular,黑物质块
miscutils:blockFrameGtBlackMetal,3402,true,miscutils,gtPlusPlus.core.block.base.BlockBaseModular,黑物质框架
miscutils:oreAncientGranite,3403,true,miscutils,gtPlusPlus.core.block.base.BlockBaseOre,古花岗岩矿石
miscutils:blockBlockAncientGranite,3404,true,miscutils,gtPlusPlus.core.block.base.BlockBaseModular,古花岗岩块
miscutils:oreRunite,3405,true,miscutils,gtPlusPlus.core.block.base.BlockBaseOre,虚恩矿石
miscutils:blockBlockRunite,3406,true,miscutils,gtPlusPlus.core.block.base.BlockBaseModular,虚恩块
miscutils:blockBlockDragonblood,3407,true,miscutils,gtPlusPlus.core.block.base.BlockBaseModular,龙血块
miscutils:blockFrameGtDragonblood,3408,true,miscutils,gtPlusPlus.core.block.base.BlockBaseModular,龙血框架
miscutils:blockBlockSiliconCarbide,3409,true,miscutils,gtPlusPlus.core.block.base.BlockBaseModular,碳化硅块
miscutils:blockFrameGtSiliconCarbide,3410,true,miscutils,gtPlusPlus.core.block.base.BlockBaseModular,碳化硅框架
miscutils:blockBlockZirconiumCarbide,3411,true,miscutils,gtPlusPlus.core.block.base.BlockBaseModular,碳化锆块
miscutils:blockFrameGtZirconiumCarbide,3412,true,miscutils,gtPlusPlus.core.block.base.BlockBaseModular,碳化锆框架
miscutils:blockBlockTantalumCarbide,3413,true,miscutils,gtPlusPlus.core.block.base.BlockBaseModular,碳化钽块
miscutils:blockFrameGtTantalumCarbide,3414,true,miscutils,gtPlusPlus.core.block.base.BlockBaseModular,碳化钽框架
miscutils:blockBlockNiobiumCarbide,3415,true,miscutils,gtPlusPlus.core.block.base.BlockBaseModular,碳化铌块
miscutils:blockFrameGtNiobiumCarbide,3416,true,miscutils,gtPlusPlus.core.block.base.BlockBaseModular,碳化铌框架
miscutils:blockBlockTungstenTitaniumCarbide,3417,true,miscutils,gtPlusPlus.core.block.base.BlockBaseModular,碳化钨钛合金块
miscutils:blockFrameGtTungstenTitaniumCarbide,3418,true,miscutils,gtPlusPlus.core.block.base.BlockBaseModular,碳化钨钛合金框架
miscutils:blockBlockEnergyCrystal,3419,true,miscutils,gtPlusPlus.core.block.base.BlockBaseModular,能量水晶块
miscutils:blockFrameGtEnergyCrystal,3420,true,miscutils,gtPlusPlus.core.block.base.BlockBaseModular,能量水晶框架
miscutils:blockBlockBloodSteel,3421,true,miscutils,gtPlusPlus.core.block.base.BlockBaseModular,血钢块
miscutils:blockFrameGtBloodSteel,3422,true,miscutils,gtPlusPlus.core.block.base.BlockBaseModular,血钢框架
miscutils:blockBlockZeron100,3423,true,miscutils,gtPlusPlus.core.block.base.BlockBaseModular,塞龙-100块
miscutils:blockFrameGtZeron100,3424,true,miscutils,gtPlusPlus.core.block.base.BlockBaseModular,塞龙-100框架
miscutils:blockBlockTumbaga,3425,true,miscutils,gtPlusPlus.core.block.base.BlockBaseModular,铜金合金块
miscutils:blockFrameGtTumbaga,3426,true,miscutils,gtPlusPlus.core.block.base.BlockBaseModular,铜金合金框架
miscutils:blockBlockPotin,3427,true,miscutils,gtPlusPlus.core.block.base.BlockBaseModular,粗青铜合金块
miscutils:blockFrameGtPotin,3428,true,miscutils,gtPlusPlus.core.block.base.BlockBaseModular,粗青铜合金框架
miscutils:blockBlockStaballoy,3429,true,miscutils,gtPlusPlus.core.block.base.BlockBaseModular,贫铀合金块
miscutils:blockFrameGtStaballoy,3430,true,miscutils,gtPlusPlus.core.block.base.BlockBaseModular,贫铀合金框架
miscutils:blockBlockTantalloy60,3431,true,miscutils,gtPlusPlus.core.block.base.BlockBaseModular,钽钨合金-60块
miscutils:blockFrameGtTantalloy60,3432,true,miscutils,gtPlusPlus.core.block.base.BlockBaseModular,钽钨合金-60框架
miscutils:blockBlockTantalloy61,3433,true,miscutils,gtPlusPlus.core.block.base.BlockBaseModular,钽钨合金-61块
miscutils:blockFrameGtTantalloy61,3434,true,miscutils,gtPlusPlus.core.block.base.BlockBaseModular,钽钨合金-61框架
miscutils:blockBlockInconel625,3435,true,miscutils,gtPlusPlus.core.block.base.BlockBaseModular,镍铬基合金-625块
miscutils:blockFrameGtInconel625,3436,true,miscutils,gtPlusPlus.core.block.base.BlockBaseModular,镍铬基合金-625框架
miscutils:blockBlockInconel690,3437,true,miscutils,gtPlusPlus.core.block.base.BlockBaseModular,镍铬基合金-690块
miscutils:blockFrameGtInconel690,3438,true,miscutils,gtPlusPlus.core.block.base.BlockBaseModular,镍铬基合金-690框架
miscutils:blockBlockInconel792,3439,true,miscutils,gtPlusPlus.core.block.base.BlockBaseModular,镍铬基合金-792块
miscutils:blockFrameGtInconel792,3440,true,miscutils,gtPlusPlus.core.block.base.BlockBaseModular,镍铬基合金-792框架
miscutils:blockBlockEglinSteel,3441,true,miscutils,gtPlusPlus.core.block.base.BlockBaseModular,埃格林钢块
miscutils:blockFrameGtEglinSteel,3442,true,miscutils,gtPlusPlus.core.block.base.BlockBaseModular,埃格林钢框架
miscutils:blockBlockMaragingSteel250,3443,true,miscutils,gtPlusPlus.core.block.base.BlockBaseModular,马氏体时效钢250块
miscutils:blockFrameGtMaragingSteel250,3444,true,miscutils,gtPlusPlus.core.block.base.BlockBaseModular,马氏体时效钢250框架
miscutils:blockBlockMaragingSteel300,3445,true,miscutils,gtPlusPlus.core.block.base.BlockBaseModular,马氏体时效钢300块
miscutils:blockFrameGtMaragingSteel300,3446,true,miscutils,gtPlusPlus.core.block.base.BlockBaseModular,马氏体时效钢300框架
miscutils:blockBlockMaragingSteel350,3447,true,miscutils,gtPlusPlus.core.block.base.BlockBaseModular,马氏体时效钢350块
miscutils:blockFrameGtMaragingSteel350,3448,true,miscutils,gtPlusPlus.core.block.base.BlockBaseModular,马氏体时效钢350框架
miscutils:blockBlockWatertightSteel,3449,true,miscutils,gtPlusPlus.core.block.base.BlockBaseModular,防水钢块
miscutils:blockFrameGtWatertightSteel,3450,true,miscutils,gtPlusPlus.core.block.base.BlockBaseModular,防水钢框架
miscutils:blockBlockNitinol60,3451,true,miscutils,gtPlusPlus.core.block.base.BlockBaseModular,镍钛诺60块
miscutils:blockFrameGtNitinol60,3452,true,miscutils,gtPlusPlus.core.block.base.BlockBaseModular,镍钛诺60框架
miscutils:blockBlockStellite,3453,true,miscutils,gtPlusPlus.core.block.base.BlockBaseModular,铬钴锰钛合金块
miscutils:blockFrameGtStellite,3454,true,miscutils,gtPlusPlus.core.block.base.BlockBaseModular,铬钴锰钛合金框架
miscutils:blockBlockTalonite,3455,true,miscutils,gtPlusPlus.core.block.base.BlockBaseModular,铬钴磷酸盐合金块
miscutils:blockFrameGtTalonite,3456,true,miscutils,gtPlusPlus.core.block.base.BlockBaseModular,铬钴磷酸盐合金框架
miscutils:blockBlockHastelloyW,3457,true,miscutils,gtPlusPlus.core.block.base.BlockBaseModular,哈斯特洛依合金-W块
miscutils:blockFrameGtHastelloyW,3458,true,miscutils,gtPlusPlus.core.block.base.BlockBaseModular,哈斯特洛依合金-W框架
miscutils:blockBlockHastelloyX,3459,true,miscutils,gtPlusPlus.core.block.base.BlockBaseModular,哈斯特洛依合金-X块
miscutils:blockFrameGtHastelloyX,3460,true,miscutils,gtPlusPlus.core.block.base.BlockBaseModular,哈斯特洛依合金-X框架
miscutils:blockBlockHastelloyC276,3461,true,miscutils,gtPlusPlus.core.block.base.BlockBaseModular,哈斯特洛依合金-C276块
miscutils:blockFrameGtHastelloyC276,3462,true,miscutils,gtPlusPlus.core.block.base.BlockBaseModular,哈斯特洛依合金-C276框架
miscutils:blockBlockHastelloyN,3463,true,miscutils,gtPlusPlus.core.block.base.BlockBaseModular,哈斯特洛依合金-N块
miscutils:blockFrameGtHastelloyN,3464,true,miscutils,gtPlusPlus.core.block.base.BlockBaseModular,哈斯特洛依合金-N框架
miscutils:blockBlockIncoloy020,3465,true,miscutils,gtPlusPlus.core.block.base.BlockBaseModular,耐热铬铁合金-020块
miscutils:blockFrameGtIncoloy020,3466,true,miscutils,gtPlusPlus.core.block.base.BlockBaseModular,耐热铬铁合金-020框架
miscutils:blockBlockIncoloyDS,3467,true,miscutils,gtPlusPlus.core.block.base.BlockBaseModular,耐热铬铁合金-DS块
miscutils:blockFrameGtIncoloyDS,3468,true,miscutils,gtPlusPlus.core.block.base.BlockBaseModular,耐热铬铁合金-DS框架
miscutils:blockBlockIncoloyMA956,3469,true,miscutils,gtPlusPlus.core.block.base.BlockBaseModular,耐热铬铁合金-MA956块
miscutils:blockFrameGtIncoloyMA956,3470,true,miscutils,gtPlusPlus.core.block.base.BlockBaseModular,耐热铬铁合金-MA956框架
miscutils:blockBlockGrisium,3471,true,miscutils,gtPlusPlus.core.block.base.BlockBaseModular,灰钛合金块
miscutils:blockFrameGtGrisium,3472,true,miscutils,gtPlusPlus.core.block.base.BlockBaseModular,灰钛合金框架
miscutils:blockBlockTriniumTitaniumAlloy,3473,true,miscutils,gtPlusPlus.core.block.base.BlockBaseModular,三元钛合金块
miscutils:blockFrameGtTriniumTitaniumAlloy,3474,true,miscutils,gtPlusPlus.core.block.base.BlockBaseModular,三元钛合金框架
miscutils:blockBlockTriniumNaquadahAlloy,3475,true,miscutils,gtPlusPlus.core.block.base.BlockBaseModular,三元硅岩合金块
miscutils:blockBlockTriniumNaquadahCarbonite,3476,true,miscutils,gtPlusPlus.core.block.base.BlockBaseModular,掺碳三元硅岩合金块
miscutils:blockFrameGtTriniumNaquadahCarbonite,3477,true,miscutils,gtPlusPlus.core.block.base.BlockBaseModular,掺碳三元硅岩合金框架
miscutils:blockBlockArceusAlloy2B,3478,true,miscutils,gtPlusPlus.core.block.base.BlockBaseModular,阿尔宙斯合金2B块
miscutils:blockFrameGtArceusAlloy2B,3479,true,miscutils,gtPlusPlus.core.block.base.BlockBaseModular,阿尔宙斯合金2B框架
miscutils:blockBlockHeLiCoPtEr,3480,true,miscutils,gtPlusPlus.core.block.base.BlockBaseModular,HeLiCoPtEr块
miscutils:blockFrameGtHeLiCoPtEr,3481,true,miscutils,gtPlusPlus.core.block.base.BlockBaseModular,HeLiCoPtEr框架
miscutils:blockBlockLafiumCompound,3482,true,miscutils,gtPlusPlus.core.block.base.BlockBaseModular,路菲恩化合物块
miscutils:blockFrameGtLafiumCompound,3483,true,miscutils,gtPlusPlus.core.block.base.BlockBaseModular,路菲恩化合物框架
miscutils:blockBlockCinobiteA243,3484,true,miscutils,gtPlusPlus.core.block.base.BlockBaseModular,西诺柏A243块
miscutils:blockFrameGtCinobiteA243,3485,true,miscutils,gtPlusPlus.core.block.base.BlockBaseModular,西诺柏A243框架
miscutils:blockBlockPikyonium64B,3486,true,miscutils,gtPlusPlus.core.block.base.BlockBaseModular,皮卡优合金64B块
miscutils:blockFrameGtPikyonium64B,3487,true,miscutils,gtPlusPlus.core.block.base.BlockBaseModular,皮卡优合金64B框架
miscutils:blockBlockAbyssalAlloy,3488,true,miscutils,gtPlusPlus.core.block.base.BlockBaseModular,深渊合金块
miscutils:blockFrameGtAbyssalAlloy,3489,true,miscutils,gtPlusPlus.core.block.base.BlockBaseModular,深渊合金框架
miscutils:blockBlockLaurenium,3490,true,miscutils,gtPlusPlus.core.block.base.BlockBaseModular,劳伦姆合金块
miscutils:blockFrameGtLaurenium,3491,true,miscutils,gtPlusPlus.core.block.base.BlockBaseModular,劳伦姆合金框架
miscutils:blockBlockBotmium,3492,true,miscutils,gtPlusPlus.core.block.base.BlockBaseModular,博特姆合金块
miscutils:blockFrameGtBotmium,3493,true,miscutils,gtPlusPlus.core.block.base.BlockBaseModular,博特姆合金框架
miscutils:blockBlockHS188A,3494,true,miscutils,gtPlusPlus.core.block.base.BlockBaseModular,HS188-A块
miscutils:blockFrameGtHS188A,3495,true,miscutils,gtPlusPlus.core.block.base.BlockBaseModular,HS188-A框架
miscutils:blockBlockTitansteel,3496,true,miscutils,gtPlusPlus.core.block.base.BlockBaseModular,泰坦精钢块
miscutils:blockFrameGtTitansteel,3497,true,miscutils,gtPlusPlus.core.block.base.BlockBaseModular,泰坦精钢框架
miscutils:blockBlockArcanite,3498,true,miscutils,gtPlusPlus.core.block.base.BlockBaseModular,奥金块
miscutils:blockFrameGtArcanite,3499,true,miscutils,gtPlusPlus.core.block.base.BlockBaseModular,奥金框架
miscutils:blockBlockOctiron,3500,true,miscutils,gtPlusPlus.core.block.base.BlockBaseModular,八角铁块
miscutils:blockFrameGtOctiron,3501,true,miscutils,gtPlusPlus.core.block.base.BlockBaseModular,八角铁框架
miscutils:blockBlockBabbitAlloy,3502,true,miscutils,gtPlusPlus.core.block.base.BlockBaseModular,巴氏合金块
miscutils:blockBlockBlackTitanium,3503,true,miscutils,gtPlusPlus.core.block.base.BlockBaseModular,黑钛块
miscutils:blockBlockIndalloy140,3504,true,miscutils,gtPlusPlus.core.block.base.BlockBaseModular,铋铅合金140块
miscutils:blockBlockRhugnor,3505,true,miscutils,gtPlusPlus.core.block.base.BlockBaseModular,鲁格诺块
miscutils:blockBlockQuantum,3506,true,miscutils,gtPlusPlus.core.block.base.BlockBaseModular,量子合金块
miscutils:blockFrameGtQuantum,3507,true,miscutils,gtPlusPlus.core.block.base.BlockBaseModular,量子合金框架
miscutils:oreFluoriteF,3508,true,miscutils,gtPlusPlus.core.block.base.BlockBaseOre,氟石(F)矿石
miscutils:oreKoboldite,3509,true,miscutils,gtPlusPlus.core.block.base.BlockBaseOre,妖金矿石
miscutils:oreCrocoite,3510,true,miscutils,gtPlusPlus.core.block.base.BlockBaseOre,赤铅矿矿石
miscutils:oreGeikielite,3511,true,miscutils,gtPlusPlus.core.block.base.BlockBaseOre,镁钛矿矿石
miscutils:oreNichromite,3512,true,miscutils,gtPlusPlus.core.block.base.BlockBaseOre,镍铬矿矿石
miscutils:oreTitanite,3513,true,miscutils,gtPlusPlus.core.block.base.BlockBaseOre,榍石矿石
miscutils:oreZimbabweite,3514,true,miscutils,gtPlusPlus.core.block.base.BlockBaseOre,钛铌铅钠石矿石
miscutils:oreZirconolite,3515,true,miscutils,gtPlusPlus.core.block.base.BlockBaseOre,钛锆酸钙矿石
miscutils:oreGadoliniteCe,3516,true,miscutils,gtPlusPlus.core.block.base.BlockBaseOre,硅铍钇矿(Ce)矿石
miscutils:oreGadoliniteY,3517,true,miscutils,gtPlusPlus.core.block.base.BlockBaseOre,硅铍钇矿(Y)矿石
miscutils:oreLepersonnite,3518,true,miscutils,gtPlusPlus.core.block.base.BlockBaseOre,莱普生石矿石
miscutils:oreSamarskiteY,3519,true,miscutils,gtPlusPlus.core.block.base.BlockBaseOre,铌钇矿(Y)矿石
miscutils:oreSamarskiteYb,3520,true,miscutils,gtPlusPlus.core.block.base.BlockBaseOre,铌钇矿(Yb)矿石
miscutils:oreXenotime,3521,true,miscutils,gtPlusPlus.core.block.base.BlockBaseOre,磷钇矿矿石
miscutils:oreYttriaite,3522,true,miscutils,gtPlusPlus.core.block.base.BlockBaseOre,钇矿矿石
miscutils:oreYttrialite,3523,true,miscutils,gtPlusPlus.core.block.base.BlockBaseOre,硅钍钇矿矿石
miscutils:oreYttrocerite,3524,true,miscutils,gtPlusPlus.core.block.base.BlockBaseOre,铈钇矿矿石
miscutils:oreZircon,3525,true,miscutils,gtPlusPlus.core.block.base.BlockBaseOre,锆石矿石
miscutils:orePolycrase,3526,true,miscutils,gtPlusPlus.core.block.base.BlockBaseOre,锗铀钇矿矿石
miscutils:oreZircophyllite,3527,true,miscutils,gtPlusPlus.core.block.base.BlockBaseOre,锆星叶石矿石
miscutils:oreZirkelite,3528,true,miscutils,gtPlusPlus.core.block.base.BlockBaseOre,钛锆钍矿矿石
miscutils:oreLanthaniteLa,3529,true,miscutils,gtPlusPlus.core.block.base.BlockBaseOre,镧石(La)矿石
miscutils:oreLanthaniteCe,3530,true,miscutils,gtPlusPlus.core.block.base.BlockBaseOre,镧石(Ce)矿石
miscutils:oreLanthaniteNd,3531,true,miscutils,gtPlusPlus.core.block.base.BlockBaseOre,镧石(Nd)矿石
miscutils:oreAgarditeY,3532,true,miscutils,gtPlusPlus.core.block.base.BlockBaseOre,钇砷铜矿(Y)矿石
miscutils:oreAgarditeCd,3533,true,miscutils,gtPlusPlus.core.block.base.BlockBaseOre,钇砷铜矿(Cd)矿石
miscutils:oreAgarditeLa,3534,true,miscutils,gtPlusPlus.core.block.base.BlockBaseOre,钇砷铜矿(La)矿石
miscutils:oreAgarditeNd,3535,true,miscutils,gtPlusPlus.core.block.base.BlockBaseOre,钇砷铜矿(Nd)矿石
miscutils:oreHibonite,3536,true,miscutils,gtPlusPlus.core.block.base.BlockBaseOre,黑铝钙石矿石
miscutils:oreCerite,3537,true,miscutils,gtPlusPlus.core.block.base.BlockBaseOre,铈硅石矿石
miscutils:oreFluorcaphite,3538,true,miscutils,gtPlusPlus.core.block.base.BlockBaseOre,氟碳铈矿矿石
miscutils:oreFlorencite,3539,true,miscutils,gtPlusPlus.core.block.base.BlockBaseOre,磷铝铈矿矿石
miscutils:oreCryoliteF,3540,true,miscutils,gtPlusPlus.core.block.base.BlockBaseOre,冰晶石(F)矿石
miscutils:oreLautarite,3541,true,miscutils,gtPlusPlus.core.block.base.BlockBaseOre,碘钙石矿石
miscutils:oreLafossaite,3542,true,miscutils,gtPlusPlus.core.block.base.BlockBaseOre,铊盐矿石
miscutils:oreDemicheleiteBr,3543,true,miscutils,gtPlusPlus.core.block.base.BlockBaseOre,溴硫铋矿(Br)矿石
miscutils:oreComancheite,3544,true,miscutils,gtPlusPlus.core.block.base.BlockBaseOre,溴汞石矿石
miscutils:orePerroudite,3545,true,miscutils,gtPlusPlus.core.block.base.BlockBaseOre,溴硫银汞矿石
miscutils:oreHoneaite,3546,true,miscutils,gtPlusPlus.core.block.base.BlockBaseOre,碲化金铊矿石
miscutils:oreAlburnite,3547,true,miscutils,gtPlusPlus.core.block.base.BlockBaseOre,硫碲金锗矿矿石
miscutils:oreMiessiite,3548,true,miscutils,gtPlusPlus.core.block.base.BlockBaseOre,硅灰石矿石
miscutils:oreKashinite,3549,true,miscutils,gtPlusPlus.core.block.base.BlockBaseOre,硫铑铱矿矿石
miscutils:oreIrarsite,3550,true,miscutils,gtPlusPlus.core.block.base.BlockBaseOre,硫砷铱矿石
miscutils:oreGreenockite,3551,true,miscutils,gtPlusPlus.core.block.base.BlockBaseOre,硫镉矿石
miscutils:oreBariteRa,3552,true,miscutils,gtPlusPlus.core.block.base.BlockBaseOre,重晶石(Ra)矿石
miscutils:oreRadioactiveMineralMix,3553,true,miscutils,gtPlusPlus.core.block.base.BlockBaseOre,放射性矿物混合物矿石
miscutils:oreRareEarthI,3554,true,miscutils,gtPlusPlus.core.block.base.BlockBaseOre,稀土(I)矿石
miscutils:oreRareEarthII,3555,true,miscutils,gtPlusPlus.core.block.base.BlockBaseOre,稀土(II)矿石
miscutils:oreRareEarthIII,3556,true,miscutils,gtPlusPlus.core.block.base.BlockBaseOre,稀土(III)矿石
miscutils:miscutils_fluidBlockSludge,3557,true,miscutils,gtPlusPlus.core.block.general.fluids.BlockFluidSludge,污泥
miscutils:blockFishTrap,3558,true,miscutils,gtPlusPlus.core.block.machine.BlockFishTrap,捕鱼者
miscutils:blockInfiniteFluidTank,3559,true,miscutils,gtPlusPlus.core.block.general.BlockFluidTankInfinite,无限流体储罐
miscutils:blockMiningExplosives,3560,true,miscutils,gtPlusPlus.core.block.general.BlockMiningExplosives,矿用炸药
miscutils:blockHellFire,3561,true,miscutils,gtPlusPlus.core.block.general.BlockHellFire,地狱之火
miscutils:blockBlackGate,3562,true,miscutils,gtPlusPlus.core.block.general.antigrief.BlockWitherProof,凋灵笼子
miscutils:blockCircuitProgrammer,3563,true,miscutils,gtPlusPlus.core.block.machine.BlockCircuitProgrammer,电路编程器
miscutils:blockDecayablesChest,3564,true,miscutils,gtPlusPlus.core.block.machine.BlockDecayablesChest,铅封盒
miscutils:blockVolumetricFlaskSetter,3565,true,miscutils,gtPlusPlus.core.block.machine.BlockFlaskSetter,容量瓶配置器
miscutils:blockCactusCharcoal,3566,true,miscutils,gtPlusPlus.core.block.fuel.BlockCactusCharcoal,仙人掌炭块
miscutils:blockCactusCoke,3567,true,miscutils,gtPlusPlus.core.block.fuel.BlockCactusCoke,仙人掌焦炭块
miscutils:blockSugarCharcoal,3568,true,miscutils,gtPlusPlus.core.block.fuel.BlockSugarCharcoal,糖炭块
miscutils:blockSugarCoke,3569,true,miscutils,gtPlusPlus.core.block.fuel.BlockSugarCoke,糖焦炭块
miscutils:blockCompressedObsidian,3570,true,miscutils,gtPlusPlus.core.block.general.BlockCompressedObsidian,压缩黑曜石(9)
miscutils:FluidPyrotheum,3571,true,miscutils,gtPlusPlus.xmod.thermalfoundation.block.TFBlockFluidPyrotheum,烈焰之炽焱
miscutils:FluidCryotheum,3572,true,miscutils,gtPlusPlus.xmod.thermalfoundation.block.TFBlockFluidCryotheum,极寒之凛冰
miscutils:FluidEnder,3573,true,miscutils,gtPlusPlus.xmod.thermalfoundation.block.TFBlockFluidEnder,谐振熔融末影珍珠
miscutils:blockRainforestOakLog,3574,true,miscutils,gtPlusPlus.xmod.bop.blocks.rainforest.LogRainforestTree,雨林橡木
miscutils:blockRainforestOakLeaves,3575,true,miscutils,gtPlusPlus.xmod.bop.blocks.rainforest.LeavesRainforestTree,橡树树叶
miscutils:blockRainforestOakSapling,3576,true,miscutils,gtPlusPlus.xmod.bop.blocks.rainforest.SaplingRainforestTree,雨林橡树树苗
miscutils:blockPineLogLog,3577,true,miscutils,gtPlusPlus.xmod.bop.blocks.pine.LogPineTree,松树原木
miscutils:blockPineLeaves,3578,true,miscutils,gtPlusPlus.xmod.bop.blocks.pine.LeavesPineTree,松树叶
miscutils:blockPineSapling,3579,true,miscutils,gtPlusPlus.xmod.bop.blocks.pine.SaplingPineTree,松树树苗
cropsnh:cropSticks,3580,true,cropsnh,com.gtnewhorizon.cropsnh.blocks.BlockCropSticks,作物架
cropsnh:cropsnh.casings1,3581,true,cropsnh,com.gtnewhorizon.cropsnh.blocks.BlockCasingsCropsNH1,砖砌农业外壳
cropsnh:cropsnh.seedBed,3582,true,cropsnh,com.gtnewhorizon.cropsnh.blocks.BlockSeedBed,Unnamed
cropsnh:cropsnh.fertilizerUnit,3583,true,cropsnh,com.gtnewhorizon.cropsnh.blocks.BlockFertilizerUnit,Unnamed
cropsnh:cropsnh.advancedHarvestingUnit,3584,true,cropsnh,com.gtnewhorizon.cropsnh.blocks.BlockAdvancedHarvestingUnit,cropsnh.advancedHarvestingUnit.0.name
cropsnh:cropsnh.environmentalEnhancementUnit,3585,true,cropsnh,com.gtnewhorizon.cropsnh.blocks.BlockEnvironmentalEnhancementUnit,cropsnh.environmentalEnhancementUnit.0.name
cropsnh:cropsnh.growthAccelerationUnit,3586,true,cropsnh,com.gtnewhorizon.cropsnh.blocks.BlockGrowthAccelerationUnit,cropsnh.growthAccelerationUnit.0.name
cropsnh:cropsnh.overclockedGrowthAccelerationUnit,3587,true,cropsnh,com.gtnewhorizon.cropsnh.blocks.BlockOverclockedGrowthAccelerationUnit,cropsnh.overclockedGrowthAccelerationUnit.0.name
DraconicEvolution:xRayBlock,3588,true,DraconicEvolution,com.brandon3055.draconicevolution.common.blocks.XRayBlock,透视方块
DraconicEvolution:weatherController,3589,true,DraconicEvolution,com.brandon3055.draconicevolution.common.blocks.machine.WeatherController,气象控制器
DraconicEvolution:sunDial,3590,true,DraconicEvolution,com.brandon3055.draconicevolution.common.blocks.machine.SunDial,日晷
DraconicEvolution:draconiumOre,3591,true,DraconicEvolution,com.brandon3055.draconicevolution.common.blocks.DraconiumOre,龙矿
DraconicEvolution:grinder,3592,true,DraconicEvolution,com.brandon3055.draconicevolution.common.blocks.machine.Grinder,怪物粉碎机
DraconicEvolution:potentiometer,3593,true,DraconicEvolution,com.brandon3055.draconicevolution.common.blocks.Potentiometer,电位器
DraconicEvolution:rainSensor,3594,true,DraconicEvolution,com.brandon3055.draconicevolution.common.blocks.RainSensor,雨水传感器
DraconicEvolution:particleGenerator,3595,true,DraconicEvolution,com.brandon3055.draconicevolution.common.blocks.ParticleGenerator,粒子发生器
DraconicEvolution:playerDetector,3596,true,DraconicEvolution,com.brandon3055.draconicevolution.common.blocks.machine.PlayerDetector,玩家探测器
DraconicEvolution:playerDetectorAdvanced,3597,true,DraconicEvolution,com.brandon3055.draconicevolution.common.blocks.machine.PlayerDetectorAdvanced,高级玩家探测器
DraconicEvolution:energyInfuser,3598,true,DraconicEvolution,com.brandon3055.draconicevolution.common.blocks.machine.EnergyInfuser,能量注入器
DraconicEvolution:customSpawner,3599,true,DraconicEvolution,com.brandon3055.draconicevolution.common.blocks.CustomSpawner,稳定刷怪笼
DraconicEvolution:generator,3600,true,DraconicEvolution,com.brandon3055.draconicevolution.common.blocks.machine.Generator,发电机
DraconicEvolution:energyStorageCore,3601,true,DraconicEvolution,com.brandon3055.draconicevolution.common.blocks.multiblock.EnergyStorageCore,能量核心
DraconicEvolution:earth,3602,true,DraconicEvolution,com.brandon3055.draconicevolution.common.blocks.multiblock.Earth,地
DraconicEvolution:draconium,3603,true,DraconicEvolution,com.brandon3055.draconicevolution.common.blocks.DraconiumBlock,龙块
DraconicEvolution:invisibleMultiblock,3604,true,DraconicEvolution,com.brandon3055.draconicevolution.common.blocks.multiblock.InvisibleMultiblock,能量核心(隐藏)
DraconicEvolution:energyPylon,3605,true,DraconicEvolution,com.brandon3055.draconicevolution.common.blocks.multiblock.EnergyPylon,能量塔
DraconicEvolution:placedItem,3606,true,DraconicEvolution,com.brandon3055.draconicevolution.common.blocks.PlacedItem,放置的物品
DraconicEvolution:safetyFlame,3607,true,DraconicEvolution,com.brandon3055.draconicevolution.common.blocks.SafetyFlame,安全的火焰
DraconicEvolution:cKeyStone,3608,true,DraconicEvolution,com.brandon3055.draconicevolution.common.blocks.CKeyStone,创造锁
DraconicEvolution:dissEnchanter,3609,true,DraconicEvolution,com.brandon3055.draconicevolution.common.blocks.machine.DissEnchanter,祛魔台
DraconicEvolution:teleporterStand,3610,true,DraconicEvolution,com.brandon3055.draconicevolution.common.blocks.TeleporterStand,错位宝石底座
DraconicEvolution:draconiumChest,3611,true,DraconicEvolution,com.brandon3055.draconicevolution.common.blocks.DraconiumChest,龙箱
DraconicEvolution:draconicBlock,3612,true,DraconicEvolution,com.brandon3055.draconicevolution.common.blocks.DraconicBlock,觉醒龙块
DraconicEvolution:energyCrystal,3613,true,DraconicEvolution,com.brandon3055.draconicevolution.common.blocks.machine.EnergyCrystal,能量中继器
DraconicEvolution:infusedObsidian,3614,true,DraconicEvolution,com.brandon3055.draconicevolution.common.blocks.InfusedObsidian,注入龙力的黑曜石
DraconicEvolution:dislocatorReceptacle,3615,true,DraconicEvolution,com.brandon3055.draconicevolution.common.blocks.multiblock.DislocatorReceptacle,错位容器
DraconicEvolution:portal,3616,true,DraconicEvolution,com.brandon3055.draconicevolution.common.blocks.multiblock.Portal,门
DraconicEvolution:reactorCore,3617,true,DraconicEvolution,com.brandon3055.draconicevolution.common.blocks.multiblock.ReactorCore,反应堆核心
DraconicEvolution:flowGate,3618,true,DraconicEvolution,com.brandon3055.draconicevolution.common.blocks.machine.FlowGate,能量阀门
DraconicEvolution:reactorStabilizer,3619,true,DraconicEvolution,com.brandon3055.draconicevolution.common.blocks.multiblock.ReactorStabilizer,反应堆稳定器
DraconicEvolution:reactorEnergyInjector,3620,true,DraconicEvolution,com.brandon3055.draconicevolution.common.blocks.multiblock.ReactorEnergyInjector,反应堆能量喷射器
DraconicEvolution:chaosCrystal,3621,true,DraconicEvolution,com.brandon3055.draconicevolution.common.blocks.ChaosCrystal,混沌晶体
DraconicEvolution:upgradeModifier,3622,true,DraconicEvolution,com.brandon3055.draconicevolution.common.blocks.machine.UpgradeModifier,升级调整器
DraconicEvolution:dislocatorInhibitor,3623,true,DraconicEvolution,com.brandon3055.draconicevolution.common.blocks.machine.DislocatorInhibitor,错位宝石抑制器
DraconicEvolution:longRangeDislocator,3624,true,DraconicEvolution,com.brandon3055.draconicevolution.common.blocks.machine.LongRangeDislocator,长距离错位宝石
DraconicEvolution:chaosShardAtmos,3625,true,DraconicEvolution,com.brandon3055.draconicevolution.common.blocks.ChaosShardAtmos,混沌碎片
EMT:PortableNode,3626,true,EMT,emt.block.BlockPortableNode,便携式节点
EMT:ShieldBlock,3627,true,EMT,emt.block.BlockShield,护盾方块
EMT:EMTSolars,3628,true,EMT,emt.block.BlockSolars,压缩太阳能(1级)
EMT:EMTSolars2,3629,true,EMT,emt.block.BlockSolars,Double Compressed Aer Solar
EMT:EMTSolars3,3630,true,EMT,emt.block.BlockSolars,压缩太阳能(4级)
EMT:EMTSolars4,3631,true,EMT,emt.block.BlockSolars,混沌注魔太阳能(6级)
EMT:EMTSolars5,3632,true,EMT,emt.block.BlockSolars,地注魔太阳能(8级)
EMT:EMTMachines,3633,true,EMT,emt.block.BlockMachines,工业法杖充能站
EMT:EssentiaGenerators,3634,true,EMT,emt.block.BlockEssentiaGenerators,能量源质发电机
EMT:electricCloud,3635,true,EMT,emt.block.BlockElectricCloud,雷云之光
EnderZoo:blockConfusingCharge,3636,true,EnderZoo,crazypants.enderzoo.charge.BlockConfusingCharge,混乱炸药
EnderZoo:blockEnderCharge,3637,true,EnderZoo,crazypants.enderzoo.charge.BlockEnderCharge,末影炸药
EnderZoo:blockConcussionCharge,3638,true,EnderZoo,crazypants.enderzoo.charge.BlockConcussionCharge,震荡炸药
fether:nether_log,3639,true,fether,glowredman.fether.blocks.BlockNetherLog,地狱树原木
fether:nether_leaves,3640,true,fether,glowredman.fether.blocks.BlockNetherLeaves,地狱树叶
fether:nether_planks,3641,true,fether,net.minecraft.block.Block,地狱木板
fether:nether_sapling,3642,true,fether,glowredman.fether.blocks.BlockNetherSapling,地狱树苗
fether:nether_bed,3643,false,null,glowredman.fether.blocks.BlockNetherBed,null
fether:nether_garden,3644,true,fether,glowredman.fether.blocks.BlockNetherGarden,下界菜园
fether:ignis_fruit,3645,false,null,glowredman.fether.blocks.BlockIgnisFruit,null
fether:glow_flower,3646,true,fether,glowredman.fether.blocks.BlockGlowFlower,辉光花
fether:blood_leaf_crop,3647,false,null,glowredman.fether.blocks.BlockNetherCrops,null
fether:flesh_root_crop,3648,false,null,glowredman.fether.blocks.BlockNetherCrops,null
fether:marrow_berry_crop,3649,false,null,glowredman.fether.blocks.BlockNetherCrops,null
fether:glow_flower_crop,3650,false,null,glowredman.fether.blocks.BlockNetherCrops,null
ForgeRelocation:relocation.blockmovingrow,3651,true,ForgeRelocation,mrtjp.relocation.BlockMovingRow,tile.relocation.blockmovingrow|0.name
MCFrames:mcframes.motor,3652,true,MCFrames,mrtjp.mcframes.BlockMotor,Debug框架电机
MCFrames:mcframes.frame,3653,true,MCFrames,mrtjp.mcframes.BlockFrame,框架
gadomancy:BlockStickyJar,3654,true,gadomancy,makeo.gadomancy.common.blocks.BlockStickyJar,黏性罐子
gadomancy:BlockArcaneDropper,3655,true,gadomancy,makeo.gadomancy.common.blocks.BlockArcaneDropper,奥术投掷器
gadomancy:BlockInfusionClaw,3656,true,gadomancy,makeo.gadomancy.common.blocks.BlockInfusionClaw,注魔爪
gadomancy:BlockRemoteJar,3657,true,gadomancy,makeo.gadomancy.common.blocks.BlockRemoteJar,镜像罐子
gadomancy:BlockExtendedNodeJar,3658,true,gadomancy,makeo.gadomancy.common.blocks.BlockExtendedNodeJar,缸中节点
gadomancy:BlockNodeManipulator,3659,true,gadomancy,makeo.gadomancy.common.blocks.BlockNodeManipulator,tile.BlockNodeManipulator.0.name
gadomancy:BlockStoneMachine,3660,true,gadomancy,makeo.gadomancy.common.blocks.BlockStoneMachine,随机化核心
gadomancy:BlockAdditionalEldritchPortal,3661,true,gadomancy,makeo.gadomancy.common.blocks.BlockAdditionalEldritchPortal,邪术传送门
gadomancy:BlockAuraPylon,3662,true,gadomancy,makeo.gadomancy.common.blocks.BlockAuraPylon,魔灵法柱
gadomancy:BlockKnowledgeBook,3663,true,gadomancy,makeo.gadomancy.common.blocks.BlockKnowledgeBook,知识之书
gadomancy:BlockEssentiaCompressor,3664,true,gadomancy,makeo.gadomancy.common.blocks.BlockEssentiaCompressor,源质冷凝器
GalaxySpace:geothermalgenerator,3665,true,GalaxySpace,galaxyspace.core.block.machine.BlockGeothermalGenerator,岩浆发电机
GalaxySpace:fuelgenerator,3666,true,GalaxySpace,galaxyspace.core.block.machine.BlockFuelGenerator,燃油发电机
GalaxySpace:solarwindpanel,3667,true,GalaxySpace,galaxyspace.core.block.machine.BlockSolarWindPanel,太阳风发电机
GalaxySpace:assemblymachine,3668,true,GalaxySpace,galaxyspace.core.block.machine.BlockAssemblyMachine,熔合机
GalaxySpace:convertersurface,3669,true,GalaxySpace,galaxyspace.core.block.machine.BlockConverterSurface,草方块制造机
GalaxySpace:storagemoduleT3,3670,true,GalaxySpace,galaxyspace.core.block.machine.BlockStorageModuleT3,改良的储能簇
GalaxySpace:oxstoragemoduleT2,3671,true,GalaxySpace,galaxyspace.core.block.machine.BlockOxStorageModuleT2,改良的储氧模块
GalaxySpace:solarPanel,3672,true,GalaxySpace,galaxyspace.core.block.machine.BlockSolarPanel,混合太阳能板
GalaxySpace:metalsblock,3673,true,GalaxySpace,galaxyspace.core.block.BlockMetal,装饰铅块
GalaxySpace:futureglass,3674,true,GalaxySpace,galaxyspace.core.block.BlockFutureGlass,未来玻璃
GalaxySpace:futureglasses,3675,true,GalaxySpace,galaxyspace.core.block.BlockStainedFutureGlass,黑色未来玻璃
GalaxySpace:mercuryblocks,3676,true,GalaxySpace,galaxyspace.core.block.BlockTerraformableMeta,水星地表岩石
GalaxySpace:venusblocks,3677,true,GalaxySpace,galaxyspace.SolarSystem.planets.venus.block.VenusBlocks,金星地表岩石
GalaxySpace:leadore,3678,true,GalaxySpace,galaxyspace.core.block.BlockLeadOre,铅矿石
GalaxySpace:ceresblocks,3679,true,GalaxySpace,galaxyspace.SolarSystem.planets.ceres.blocks.CeresBlocks,谷神星地表岩石
GalaxySpace:ceresglowstone,3680,true,GalaxySpace,galaxyspace.core.block.BlockSpaceGlowstone,谷神星荧石
GalaxySpace:ceresTChestT4,3681,true,GalaxySpace,galaxyspace.core.block.BlockTreasureChestGS,4阶宝箱
GalaxySpace:ceresweb,3682,true,GalaxySpace,galaxyspace.core.block.BlockWebGS,谷神星网
GalaxySpace:plutoblocks,3683,true,GalaxySpace,galaxyspace.core.block.BlockTerraformableMeta,冥王星地表冰
GalaxySpace:plutoglowstone,3684,true,GalaxySpace,galaxyspace.core.block.BlockSpaceGlowstone,冥王星荧石
GalaxySpace:plutoTChestT8,3685,true,GalaxySpace,galaxyspace.core.block.BlockTreasureChestGS,8阶宝箱
GalaxySpace:haumeablocks,3686,true,GalaxySpace,galaxyspace.core.block.BlockTerraformable,妊神星岩石
GalaxySpace:makemakegrunt,3687,true,GalaxySpace,galaxyspace.core.block.BlockTerraformableMeta,鸟神星地表岩石
GalaxySpace:phobosblocks,3688,true,GalaxySpace,galaxyspace.SolarSystem.moons.phobos.block.PhobosBlocks,火卫一地表岩石
GalaxySpace:deimosblocks,3689,true,GalaxySpace,galaxyspace.SolarSystem.moons.deimos.block.DeimosBlocks,火卫二地表岩石
GalaxySpace:ioblocks,3690,true,GalaxySpace,galaxyspace.SolarSystem.moons.io.block.IOBlocks,木卫一地表岩石
GalaxySpace:ioglowstone,3691,true,GalaxySpace,galaxyspace.core.block.BlockSpaceGlowstone,木卫一荧石
GalaxySpace:ioTChestT5,3692,true,GalaxySpace,galaxyspace.core.block.BlockTreasureChestGS,5阶宝箱
GalaxySpace:ioweb,3693,true,GalaxySpace,galaxyspace.core.block.BlockWebGS,木卫一网
GalaxySpace:iodualstone,3694,true,GalaxySpace,galaxyspace.SolarSystem.moons.io.block.IOBlockDualStone,木卫一灰烬石
GalaxySpace:europagrunt,3695,true,GalaxySpace,galaxyspace.core.block.BlockTerraformableMeta,木卫二表面方块
GalaxySpace:europageyser,3696,true,GalaxySpace,galaxyspace.SolarSystem.moons.europa.block.EuropaBlockGeyzer,木卫二间歇泉
GalaxySpace:europaunderwatergeyser,3697,true,GalaxySpace,galaxyspace.SolarSystem.moons.europa.block.EuropaBlockUnderwaterGeyser,木卫二水下喷泉
GalaxySpace:ganymedeblocks,3698,true,GalaxySpace,galaxyspace.SolarSystem.moons.ganymede.block.GanymedeBlocks,木卫三地表岩石
GalaxySpace:callistoblocks,3699,true,GalaxySpace,galaxyspace.core.block.BlockTerraformableMeta,木卫四地表岩石
GalaxySpace:enceladusblocks,3700,true,GalaxySpace,galaxyspace.core.block.BlockTerraformableMeta,土卫二雪
GalaxySpace:enceladuscrystal,3701,true,GalaxySpace,galaxyspace.SolarSystem.moons.enceladus.block.EnceladusBlockCrystal,未知水晶
GalaxySpace:enceladusglowstone,3702,true,GalaxySpace,galaxyspace.core.block.BlockSpaceGlowstone,土卫二荧石
GalaxySpace:enceladusTChestT6,3703,true,GalaxySpace,galaxyspace.core.block.BlockTreasureChestGS,6阶宝箱
GalaxySpace:titanblocks,3704,true,GalaxySpace,galaxyspace.core.block.BlockTerraformableMeta,土卫六地表岩石
GalaxySpace:mirandablocks,3705,true,GalaxySpace,galaxyspace.core.block.BlockTerraformableMeta,天卫五地表岩石
GalaxySpace:oberonblocks,3706,true,GalaxySpace,galaxyspace.SolarSystem.moons.oberon.block.OberonBlocks,天卫四地表岩石
GalaxySpace:proteusblocks,3707,true,GalaxySpace,galaxyspace.SolarSystem.moons.proteus.block.ProteusBlocks,海卫八地表岩石
GalaxySpace:proteusglowstone,3708,true,GalaxySpace,galaxyspace.core.block.BlockSpaceGlowstone,海卫八荧石
GalaxySpace:proteusTChestT7,3709,true,GalaxySpace,galaxyspace.core.block.BlockTreasureChestGS,7阶宝箱
GalaxySpace:tritonblocks,3710,true,GalaxySpace,galaxyspace.SolarSystem.moons.triton.block.TritonBlocks,海卫一地表岩石
GalaxySpace:liquidmethane,3711,true,GalaxySpace,galaxyspace.core.block.BlockMethane,土卫六液态甲烷
GalaxySpace:biofuel,3712,true,GalaxySpace,galaxyspace.core.block.BlockBioFuel,生物燃料
GalaxySpace:acentauribbgrunt,3713,true,GalaxySpace,galaxyspace.ACentauriSystem.planets.aCentauriBb.block.ACentauriBbBlockGrunt,半人马Bb地表岩石
GalaxySpace:acentauribbsubgrunt,3714,true,GalaxySpace,galaxyspace.core.block.BlockTerraformable,半人马Bb地底岩石
GalaxySpace:barnardaCgrass,3715,true,GalaxySpace,galaxyspace.BarnardsSystem.planets.barnardaC.block.BarnardaCBlockGrass,巴纳德C草方块
GalaxySpace:barnardaCdirt,3716,true,GalaxySpace,galaxyspace.BarnardsSystem.planets.barnardaC.block.BarnardaCBlockDirt,巴纳德C泥土
GalaxySpace:barnardaCdandelions,3717,true,GalaxySpace,galaxyspace.BarnardsSystem.planets.barnardaC.block.BarnardaCBlockDandelions,巴纳德C蒲公英
GalaxySpace:barnardaCdandelion3,3718,true,GalaxySpace,galaxyspace.BarnardsSystem.planets.barnardaC.block.BarnardaCBlockDandelion3,巴纳德C蒲公英
GalaxySpace:barnardaCsapling,3719,true,GalaxySpace,galaxyspace.BarnardsSystem.planets.barnardaC.block.BarnardaCBlockSapling,巴纳德C树苗
GalaxySpace:barnardaClog,3720,true,GalaxySpace,galaxyspace.BarnardsSystem.planets.barnardaC.block.BarnardaCBlockLog,巴纳德C树木原木
GalaxySpace:barnardaCplanks,3721,true,GalaxySpace,galaxyspace.BarnardsSystem.planets.barnardaC.block.BarnardaCBlockPlanks,巴纳德C树木木板
GalaxySpace:barnardaCleaves,3722,true,GalaxySpace,galaxyspace.BarnardsSystem.planets.barnardaC.block.BarnardaCBlockLeaves,巴纳德C树叶
GalaxySpace:barnardaCcrystal,3723,true,GalaxySpace,galaxyspace.BarnardsSystem.planets.barnardaC.block.BarnardaCBlockCrystal,彩虹水晶
GalaxySpace:barnardaCreed,3724,true,GalaxySpace,galaxyspace.BarnardsSystem.planets.barnardaC.block.BarnardaCBlockReed,巴纳德C蒲公英
GalaxySpace:barnardaEgrunt,3725,true,GalaxySpace,galaxyspace.core.block.BlockTerraformable,巴纳德E地表岩石
GalaxySpace:barnardaEsubgrunt,3726,true,GalaxySpace,galaxyspace.core.block.BlockTerraformable,巴纳德E地底岩石
GalaxySpace:barnardaEoreiron,3727,true,GalaxySpace,galaxyspace.core.block.BlockTerraformable,巴纳德E铁矿石
GalaxySpace:barnardaEoregold,3728,true,GalaxySpace,galaxyspace.core.block.BlockTerraformable,巴纳德E金矿石
GalaxySpace:barnardaFgrunt,3729,true,GalaxySpace,galaxyspace.core.block.BlockTerraformable,巴纳德F地表岩石
GalaxySpace:barnardaFsubgrunt,3730,true,GalaxySpace,galaxyspace.core.block.BlockTerraformable,巴纳德F地底岩石
GalaxySpace:unknowwater,3731,true,GalaxySpace,galaxyspace.BarnardsSystem.planets.barnardaC.block.BarnardaCBlockUnknowWater,不明液体
GalaxySpace:vegabgrunt,3732,true,GalaxySpace,galaxyspace.core.block.BlockTerraformable,织女一B地表岩石
GalaxySpace:vegabsubgrunt,3733,true,GalaxySpace,galaxyspace.core.block.BlockTerraformable,织女一B地底岩石
GalaxySpace:tcetieblocks,3734,true,GalaxySpace,galaxyspace.core.block.BlockTerraformableMeta,鲸鱼座T星E地表岩石
GalaxySpace:tcetiedandelions,3735,true,GalaxySpace,galaxyspace.TCetiSystem.planets.tcetiE.block.TCetiEBlockDandelions,鲸鱼座T星E藻类
GraviSuite:BlockRelocatorPortal,3736,true,GraviSuite,gravisuite.BlockRelocatorPortal,重新定位入口.name
openmodularturrets:baseTierWood,3737,true,openmodularturrets,openmodularturrets.blocks.turretbases.BlockTurretBaseTierOne,炮塔基座(一级)
openmodularturrets:baseTierOneBlock,3738,true,openmodularturrets,openmodularturrets.blocks.turretbases.BlockTurretBaseTierTwo,炮塔基座(二级)
openmodularturrets:baseTierTwoBlock,3739,true,openmodularturrets,openmodularturrets.blocks.turretbases.BlockTurretBaseTierThree,炮塔基座(三级)
openmodularturrets:baseTierThreeBlock,3740,true,openmodularturrets,openmodularturrets.blocks.turretbases.BlockTurretBaseTierFour,炮塔基座(四级)
openmodularturrets:baseTierFourBlock,3741,true,openmodularturrets,openmodularturrets.blocks.turretbases.BlockTurretBaseTierFive,炮塔基座(五级)
openmodularturrets:expanderPowerTierOne,3742,true,openmodularturrets,openmodularturrets.blocks.expanders.BlockExpanderPowerTierOne,基座能量扩容(一级)
openmodularturrets:expanderPowerTierTwo,3743,true,openmodularturrets,openmodularturrets.blocks.expanders.BlockExpanderPowerTierTwo,基座能量扩容(二级)
openmodularturrets:expanderPowerTierThree,3744,true,openmodularturrets,openmodularturrets.blocks.expanders.BlockExpanderPowerTierThree,基座能量扩容(三级)
openmodularturrets:expanderPowerTierFour,3745,true,openmodularturrets,openmodularturrets.blocks.expanders.BlockExpanderPowerTierFour,基座能量扩容(四级)
openmodularturrets:expanderPowerTierFive,3746,true,openmodularturrets,openmodularturrets.blocks.expanders.BlockExpanderPowerTierFive,基座能量扩容(五级)
openmodularturrets:expanderInvTierOne,3747,true,openmodularturrets,openmodularturrets.blocks.expanders.BlockExpanderInvTierOne,基座存储扩容(一级)
openmodularturrets:expanderInvTierTwo,3748,true,openmodularturrets,openmodularturrets.blocks.expanders.BlockExpanderInvTierTwo,基座存储扩容(二级)
openmodularturrets:expanderInvTierThree,3749,true,openmodularturrets,openmodularturrets.blocks.expanders.BlockExpanderInvTierThree,基座存储扩容(三级)
openmodularturrets:expanderInvTierFour,3750,true,openmodularturrets,openmodularturrets.blocks.expanders.BlockExpanderInvTierFour,基座存储扩容(四级)
openmodularturrets:expanderInvTierFive,3751,true,openmodularturrets,openmodularturrets.blocks.expanders.BlockExpanderInvTierFive,基座存储扩容(五级)
openmodularturrets:hardWallTierOne,3752,true,openmodularturrets,openmodularturrets.blocks.misc.BlockHardWallTierOne,坚固墙壁(一级)
openmodularturrets:hardWallTierTwo,3753,true,openmodularturrets,openmodularturrets.blocks.misc.BlockHardWallTierTwo,坚固墙壁(二级)
openmodularturrets:hardWallTierThree,3754,true,openmodularturrets,openmodularturrets.blocks.misc.BlockHardWallTierThree,坚固墙壁(三级)
openmodularturrets:hardWallTierFour,3755,true,openmodularturrets,openmodularturrets.blocks.misc.BlockHardWallTierFour,坚固墙壁(四级)
openmodularturrets:hardWallTierFive,3756,true,openmodularturrets,openmodularturrets.blocks.misc.BlockHardWallTierFive,坚固墙壁(五级)
openmodularturrets:fenceTierOne,3757,true,openmodularturrets,openmodularturrets.blocks.misc.BlockFenceTierOne,护栏(一级)
openmodularturrets:fenceTierTwo,3758,true,openmodularturrets,openmodularturrets.blocks.misc.BlockFenceTierTwo,护栏(二级)
openmodularturrets:fenceTierThree,3759,true,openmodularturrets,openmodularturrets.blocks.misc.BlockFenceTierThree,护栏(三级)
openmodularturrets:fenceTierFour,3760,true,openmodularturrets,openmodularturrets.blocks.misc.BlockFenceTierFour,护栏(四级)
openmodularturrets:fenceTierFive,3761,true,openmodularturrets,openmodularturrets.blocks.misc.BlockFenceTierFive,护栏(五级)
openmodularturrets:disposeItemTurret,3762,true,openmodularturrets,openmodularturrets.blocks.turretheads.BlockDisposableTurret,低级投射炮塔
openmodularturrets:potatoCannonTurret,3763,true,openmodularturrets,openmodularturrets.blocks.turretheads.BlockPotatoCannonTurret,土豆加农炮塔
openmodularturrets:machineGunTurret,3764,true,openmodularturrets,openmodularturrets.blocks.turretheads.BlockGunTurret,机关枪炮塔
openmodularturrets:incendiaryTurret,3765,true,openmodularturrets,openmodularturrets.blocks.turretheads.BlockIncendiaryTurret,燃烧弹炮塔
openmodularturrets:grenadeTurret,3766,true,openmodularturrets,openmodularturrets.blocks.turretheads.BlockGrenadeTurret,榴弹发射炮塔
openmodularturrets:relativisticTurret,3767,true,openmodularturrets,openmodularturrets.blocks.turretheads.BlockRelativisticTurret,相位力场炮塔
openmodularturrets:rocketTurret,3768,true,openmodularturrets,openmodularturrets.blocks.turretheads.BlockRocketTurret,火箭发射炮塔
openmodularturrets:teleporterTurret,3769,true,openmodularturrets,openmodularturrets.blocks.turretheads.BlockTeleporterTurret,传送炮塔
openmodularturrets:laserTurret,3770,true,openmodularturrets,openmodularturrets.blocks.turretheads.BlockLaserTurret,激光炮塔
openmodularturrets:railGunTurret,3771,true,openmodularturrets,openmodularturrets.blocks.turretheads.BlockRailGunTurret,磁轨炮炮塔
openmodularturrets:leverBlock,3772,true,openmodularturrets,openmodularturrets.blocks.misc.LeverBlock,炮塔基座曲柄
kubatech:defc.casing,3773,true,kubatech,kubatech.loaders.block.defc.BlockDEFCCasing,defc.casing.0.name
kubatech:kubablocks,3774,true,kubatech,kubatech.loaders.block.kubablock.KubaBlock,茶接收器
kekztech:kekztech_yszceramicelectrolyteunit_block,3775,true,kekztech,kekztech.common.blocks.BlockYSZUnit,钇锆陶瓷电解质单元
kekztech:kekztech_gdcceramicelectrolyteunit_block,3776,true,kekztech,kekztech.common.blocks.BlockGDCUnit,钆铈陶瓷电解质单元
kekztech:kekztech_tfftstoragefield_block,3777,true,kekztech,kekztech.common.blocks.BlockTFFTStorageField,T.F.F.T机械方块
kekztech:kekztech_thaumiumreinforcedjar_block,3778,true,kekztech,kekztech.common.blocks.BlockThaumiumReinforcedJar,神秘源质罐子
kekztech:kekztech_ichorjar_block,3779,true,kekztech,kekztech.common.blocks.BlockIchorJar,灵液源质罐子
kekztech:kekztech_lapotronicenergyunit_block,3780,true,kekztech,kekztech.common.blocks.BlockLapotronicEnergyUnit,兰波顿超级电容机械方块
kekztech:kekztech_largehextile_block,3781,true,kekztech,kekztech.common.blocks.BlockLargeHexPlate,大六角瓷砖
ToxicEverglades:fluidSludge,3782,true,ToxicEverglades,gtPlusPlus.core.block.base.BlockBaseFluid,不流动的废水
ToxicEverglades:dimensionDarkWorld_portal,3783,true,ToxicEverglades,toxiceverglades.block.BlockEvergladesPortal,未来的掠影
ToxicEverglades:blockDarkWorldGround,3784,true,ToxicEverglades,toxiceverglades.block.BlockDarkWorldGround,不稳定的土壤
ToxicEverglades:blockDarkWorldGround2,3785,true,ToxicEverglades,toxiceverglades.block.BlockDarkWorldPollutedDirt,污染的土壤
ToxicEverglades:blockDarkWorldPortalFrame,3786,true,ToxicEverglades,toxiceverglades.block.BlockDarkWorldPortalFrame,遏制框架
TaintedMagic:BlockShadowOre,3787,true,TaintedMagic,taintedmagic.common.blocks.BlockShadowOre,暗影矿石
TaintedMagic:BlockWarpwoodLog,3788,true,TaintedMagic,taintedmagic.common.blocks.BlockWarpwoodLog,扭曲之木
TaintedMagic:BlockShadowmetal,3789,true,TaintedMagic,taintedmagic.common.blocks.BlockShadowmetal,暗影方块
TaintedMagic:BlockWarpwoodPlanks,3790,true,TaintedMagic,taintedmagic.common.blocks.BlockWarpwoodPlanks,扭曲木板
TaintedMagic:BlockWarpwoodLeaves,3791,true,TaintedMagic,taintedmagic.common.blocks.BlockWarpwoodLeaves,扭曲树叶
TaintedMagic:BlockWarpwoodSapling,3792,true,TaintedMagic,taintedmagic.common.blocks.BlockWarpwoodSapling,扭曲树苗
thaumicbases:quicksilverBlock,3793,true,thaumicbases,tb.common.block.TBBlockDeco,水银块
thaumicbases:quicksilverBrick,3794,true,thaumicbases,tb.common.block.TBBlockDeco,水银砖块
thaumicbases:crystalBlock,3795,true,thaumicbases,tb.common.block.BlockCrystalBlock,风之魔晶块
thaumicbases:blockSalisMundus,3796,true,thaumicbases,tb.common.block.TBBlockDeco,世界盐块
thaumicbases:thauminiteBlock,3797,true,thaumicbases,tb.common.block.TBBlockDeco,秘晶块
thaumicbases:voidBlock,3798,true,thaumicbases,tb.common.block.BlockVoid,虚空金属块
thaumicbases:pyrofluid,3799,true,thaumicbases,tb.common.block.BlockPyrofluid,魔力熔岩
thaumicbases:overchanter,3800,true,thaumicbases,tb.common.block.BlockOverchanter,超吟附魔台
thaumicbases:cryingObsidian,3801,true,thaumicbases,tb.common.block.BlockCryingObelisk,尖叫黑曜石
thaumicbases:advAlchFurnace,3802,true,thaumicbases,tb.common.block.BlockAdvAlchemicalFurnace,神秘炼金炉
thaumicbases:relocator,3803,true,thaumicbases,tb.common.block.BlockRelocator,扩展奥术悬浮台
thaumicbases:thaumicAnvil,3804,true,thaumicbases,tb.common.block.BlockThaumicAnvil,神秘铁砧
thaumicbases:voidAnvil,3805,true,thaumicbases,tb.common.block.BlockVoidAnvil,虚空金属砧
thaumicbases:campfire,3806,true,thaumicbases,tb.common.block.BlockCampfire,奥术营火
thaumicbases:brazier,3807,true,thaumicbases,tb.common.block.BlockBrazier,奥术火盆
thaumicbases:eldritchArk,3808,true,thaumicbases,tb.common.block.TBBlockDeco,镶金黑曜石
thaumicbases:ironGreatwood,3809,true,thaumicbases,tb.common.block.TBBlockDeco,复合框架宏伟之木
thaumicbases:oldBrick,3810,true,thaumicbases,tb.common.block.TBBlockDeco,远古砖块
thaumicbases:oldLapis,3811,true,thaumicbases,tb.common.block.TBBlockDeco,远古青金石块
thaumicbases:oldIron,3812,true,thaumicbases,tb.common.block.TBSidedBlock,远古铁块
thaumicbases:oldGold,3813,true,thaumicbases,tb.common.block.TBSidedBlock,远古金块
thaumicbases:oldDiamond,3814,true,thaumicbases,tb.common.block.TBSidedBlock,远古钻石块
thaumicbases:oldCobble,3815,true,thaumicbases,tb.common.block.TBBlockDeco,远古圆石
thaumicbases:oldCobbleMossy,3816,true,thaumicbases,tb.common.block.TBBlockDeco,远古苔石
thaumicbases:oldGravel,3817,true,thaumicbases,net.minecraft.block.BlockFalling,远古沙砾
thaumicbases:genericSlab,3818,true,thaumicbases,tb.common.block.BlockHalfSlab,远古镶金黑曜石台阶
thaumicbases:genericSlab_full,3819,true,thaumicbases,tb.common.block.BlockHalfSlab,远古镶金黑曜石台阶
thaumicbases:crystalSlab,3820,true,thaumicbases,tb.common.block.BlockCrystalSlab,风之魔晶台阶
thaumicbases:crystalSlab_full,3821,true,thaumicbases,tb.common.block.BlockCrystalSlab,风之魔晶台阶
thaumicbases:tobacco,3822,true,thaumicbases,tb.common.block.BlockTBPlant,烟草
thaumicbases:spike,3823,true,thaumicbases,tb.common.block.BlockSpike,铁钉
thaumicbases:plax,3824,true,thaumicbases,tb.common.block.BlockTBPlant,纤化麦
thaumicbases:aureliaPetal,3825,true,thaumicbases,tb.common.block.BlockAureliaLeaf,灵气花瓣
thaumicbases:aurelia,3826,true,thaumicbases,tb.common.block.BlockAureliaPlant,灵气花
thaumicbases:metalleat,3827,true,thaumicbases,tb.common.block.BlockTBPlant,金属草
thaumicbases:lucrite,3828,true,thaumicbases,tb.common.block.BlockLucritePlant,炼金草
thaumicbases:knose,3829,true,thaumicbases,tb.common.block.BlockKnose,神秘玫瑰
thaumicbases:sweed,3830,true,thaumicbases,tb.common.block.BlockSweed,芦苇
thaumicbases:lazullia,3831,true,thaumicbases,tb.common.block.BlockTBPlant,青金草
thaumicbases:rainbowCactus,3832,true,thaumicbases,tb.common.block.BlockRainbowCactus,彩虹仙人掌
thaumicbases:redlonStem,3833,true,thaumicbases,tb.common.block.BlockRedlonStem,红石瓜
thaumicbases:ashroom,3834,true,thaumicbases,tb.common.block.BlockAshroom,始源蘑菇
thaumicbases:flaxium,3835,true,thaumicbases,tb.common.block.BlockFlaxium,咒波花
thaumicbases:glieonia,3836,true,thaumicbases,tb.common.block.BlockTBPlant,荧光花
thaumicbases:briar,3837,true,thaumicbases,tb.common.block.BlockBriar,治愈草
thaumicbases:voidPlant,3838,true,thaumicbases,tb.common.block.BlockTBPlant,虚空植物
thaumicbases:goldenOakSapling,3839,true,thaumicbases,tb.common.block.BlockTBSapling,黄金橡树树苗
thaumicbases:genLeaves,3840,true,thaumicbases,tb.common.block.BlockTBLeaves,黄金橡树树叶
thaumicbases:genLogs,3841,true,thaumicbases,tb.common.block.BlockTBLog,和平树原木
thaumicbases:enderPlanks,3842,true,thaumicbases,tb.common.block.TBBlockDeco,末影树木板
thaumicbases:nodeManipulator,3843,true,thaumicbases,tb.common.block.BlockNodeManipulator,节点调节器
thaumicbases:nodeLinker,3844,true,thaumicbases,tb.common.block.BlockNodeLinker,节点链接器
thaumicbases:entityDeconstructor,3845,true,thaumicbases,tb.common.block.BlockEntityDeconstructor,实体解构器
ThaumicExploration:trashJar,3846,true,ThaumicExploration,flaxbeard.thaumicexploration.block.BlockTrashJar,泯灭之罐
ThaumicExploration:boundChest,3847,true,ThaumicExploration,flaxbeard.thaumicexploration.block.BlockBoundChest,绑定箱子
ThaumicExploration:floatCandle,3848,true,ThaumicExploration,flaxbeard.thaumicexploration.block.BlockFloatyCandle,白色浮烛
ThaumicExploration:meltyIce,3849,true,ThaumicExploration,flaxbeard.thaumicexploration.block.BlockBootsIce,冰
ThaumicExploration:boundJar,3850,true,ThaumicExploration,flaxbeard.thaumicexploration.block.BlockBoundJar,绑定罐子
ThaumicExploration:thinkTankJar,3851,true,ThaumicExploration,flaxbeard.thaumicexploration.block.BlockThinkTank,冥想之缸
ThaumicExploration:everfullUrn,3852,true,ThaumicExploration,flaxbeard.thaumicexploration.block.BlockEverfullUrn,无尽之壶
ThaumicExploration:everburnUrn,3853,true,ThaumicExploration,flaxbeard.thaumicexploration.block.BlockEverburnUrn,炼狱之壶
ThaumicExploration:soulBrazier,3854,true,ThaumicExploration,flaxbeard.thaumicexploration.block.BlockSoulBrazier,灵魂火盆
ThaumicExploration:crucibleSouls,3855,true,ThaumicExploration,flaxbeard.thaumicexploration.block.BlockCrucibleSouls,灵魂坩埚
ThaumicExploration:replicator,3856,true,ThaumicExploration,flaxbeard.thaumicexploration.block.BlockReplicator,神秘复制器
hydroenergy:tile.water0,3857,true,hydroenergy,com.sinthoras.hydroenergy.blocks.HEWaterStill,水
hydroenergy:tile.water1,3858,true,hydroenergy,com.sinthoras.hydroenergy.blocks.HEWaterStill,水
hydroenergy:tile.water2,3859,true,hydroenergy,com.sinthoras.hydroenergy.blocks.HEWaterStill,水
hydroenergy:tile.water3,3860,true,hydroenergy,com.sinthoras.hydroenergy.blocks.HEWaterStill,水
hydroenergy:tile.water4,3861,true,hydroenergy,com.sinthoras.hydroenergy.blocks.HEWaterStill,水
hydroenergy:tile.water5,3862,true,hydroenergy,com.sinthoras.hydroenergy.blocks.HEWaterStill,水
hydroenergy:tile.water6,3863,true,hydroenergy,com.sinthoras.hydroenergy.blocks.HEWaterStill,水
hydroenergy:tile.water7,3864,true,hydroenergy,com.sinthoras.hydroenergy.blocks.HEWaterStill,水
hydroenergy:tile.water8,3865,true,hydroenergy,com.sinthoras.hydroenergy.blocks.HEWaterStill,水
hydroenergy:tile.water9,3866,true,hydroenergy,com.sinthoras.hydroenergy.blocks.HEWaterStill,水
hydroenergy:tile.water10,3867,true,hydroenergy,com.sinthoras.hydroenergy.blocks.HEWaterStill,水
hydroenergy:tile.water11,3868,true,hydroenergy,com.sinthoras.hydroenergy.blocks.HEWaterStill,水
hydroenergy:tile.water12,3869,true,hydroenergy,com.sinthoras.hydroenergy.blocks.HEWaterStill,水
hydroenergy:tile.water13,3870,true,hydroenergy,com.sinthoras.hydroenergy.blocks.HEWaterStill,水
hydroenergy:tile.water14,3871,true,hydroenergy,com.sinthoras.hydroenergy.blocks.HEWaterStill,水
hydroenergy:tile.water15,3872,true,hydroenergy,com.sinthoras.hydroenergy.blocks.HEWaterStill,水
irontank:ironTank,3873,true,irontank,com.indemnity83.irontank.block.BlockExtendedTank,铁储罐
irontank:goldTank,3874,true,irontank,com.indemnity83.irontank.block.BlockExtendedTank,金储罐
irontank:diamondTank,3875,true,irontank,com.indemnity83.irontank.block.BlockExtendedTank,钻石储罐
irontank:obsidianTank,3876,true,irontank,com.indemnity83.irontank.block.BlockExtendedTank,黑曜石储罐
irontank:emeraldTank,3877,true,irontank,com.indemnity83.irontank.block.BlockExtendedTank,铝储罐
irontank:copperTank,3878,true,irontank,com.indemnity83.irontank.block.BlockExtendedTank,铜储罐
irontank:silverTank,3879,true,irontank,com.indemnity83.irontank.block.BlockExtendedTank,钢储罐
irontank:stainlesssteelTank,3880,true,irontank,com.indemnity83.irontank.block.BlockExtendedTank,不锈钢储罐
irontank:titaniumTank,3881,true,irontank,com.indemnity83.irontank.block.BlockExtendedTank,钛储罐
irontank:tungstensteelTank,3882,true,irontank,com.indemnity83.irontank.block.BlockExtendedTank,钨钢储罐
JABBA:barrel,3883,true,JABBA,mcp.mobius.betterbarrels.common.blocks.BlockBarrel,更好的桶
LogisticsPipes:logisticsSolidBlock,3884,true,LogisticsPipes,logisticspipes.blocks.LogisticsSolidBlock,物流焊接台
LogisticsPipes:logisticsPipeBlock,3885,true,LogisticsPipes,logisticspipes.pipes.basic.LogisticsBlockGenericPipe,LogisticsPipes管道方块
lootgames:LootGamesDungeonWall,3886,true,lootgames,eu.usrv.legacylootgames.blocks.DungeonBrick,地牢墙壁
lootgames:LootGamesDungeonLight,3887,true,lootgames,eu.usrv.legacylootgames.blocks.DungeonLightSource,地牢灯
lootgames:LootGamesMasterBlock,3888,true,lootgames,ru.timeconqueror.lootgames.common.block.PuzzleMasterBlock,谜题大师
lootgames:smart_subordinate,3889,true,lootgames,ru.timeconqueror.lootgames.api.block.SmartSubordinateBlock,智能助手
lootgames:board_border,3890,true,lootgames,ru.timeconqueror.lootgames.api.block.BoardBorderBlock,边框
lootgames:gol_activator,3891,true,lootgames,ru.timeconqueror.lootgames.common.block.GOLActivatorBlock,游戏灯
lootgames:ms_activator,3892,true,lootgames,ru.timeconqueror.lootgames.common.block.MSActivatorBlock,扫雷
lootgames:sdk_activator,3893,true,lootgames,ru.timeconqueror.lootgames.common.block.SudokuActivatorBlock,数独
lootgames:gol_master,3894,true,lootgames,ru.timeconqueror.lootgames.api.block.GameMasterBlock,游戏灯
lootgames:ms_master,3895,true,lootgames,ru.timeconqueror.lootgames.api.block.GameMasterBlock,扫雷
lootgames:sdk_master,3896,true,lootgames,ru.timeconqueror.lootgames.api.block.GameMasterBlock,数独
lootgames:GOLMasterBlock,3897,true,lootgames,eu.usrv.legacylootgames.gol.blocks.LegacyLightGameBlock,游戏灯
malisisdoors:door_acacia,3898,true,malisisdoors,net.malisis.doors.door.block.Door,金合欢木门
malisisdoors:door_birch,3899,true,malisisdoors,net.malisis.doors.door.block.Door,白桦木门
malisisdoors:door_dark_oak,3900,true,malisisdoors,net.malisis.doors.door.block.Door,深色橡木门
malisisdoors:door_jungle,3901,true,malisisdoors,net.malisis.doors.door.block.Door,丛林木门
malisisdoors:door_spruce,3902,true,malisisdoors,net.malisis.doors.door.block.Door,云杉木门
malisisdoors:wood_sliding_door,3903,true,malisisdoors,net.malisis.doors.door.block.Door,木框玻璃门
malisisdoors:iron_sliding_door,3904,true,malisisdoors,net.malisis.doors.door.block.Door,铁框玻璃门
malisisdoors:jail_door,3905,true,malisisdoors,net.malisis.doors.door.block.Door,监狱门
malisisdoors:laboratory_door,3906,true,malisisdoors,net.malisis.doors.door.block.Door,实验室门
malisisdoors:factory_door,3907,true,malisisdoors,net.malisis.doors.door.block.Door,工厂门
malisisdoors:shoji_door,3908,true,malisisdoors,net.malisis.doors.door.block.Door,障子门
malisisdoors:curtain_black,3909,true,malisisdoors,net.malisis.doors.door.block.Door,黑色幕布
malisisdoors:curtain_red,3910,true,malisisdoors,net.malisis.doors.door.block.Door,红色幕布
malisisdoors:curtain_green,3911,true,malisisdoors,net.malisis.doors.door.block.Door,绿色幕布
malisisdoors:curtain_brown,3912,true,malisisdoors,net.malisis.doors.door.block.Door,棕色幕布
malisisdoors:curtain_blue,3913,true,malisisdoors,net.malisis.doors.door.block.Door,蓝色幕布
malisisdoors:curtain_purple,3914,true,malisisdoors,net.malisis.doors.door.block.Door,紫色幕布
malisisdoors:curtain_cyan,3915,true,malisisdoors,net.malisis.doors.door.block.Door,青色幕布
malisisdoors:curtain_silver,3916,true,malisisdoors,net.malisis.doors.door.block.Door,银色幕布
malisisdoors:curtain_gray,3917,true,malisisdoors,net.malisis.doors.door.block.Door,灰色幕布
malisisdoors:curtain_pink,3918,true,malisisdoors,net.malisis.doors.door.block.Door,粉色幕布
malisisdoors:curtain_lime,3919,true,malisisdoors,net.malisis.doors.door.block.Door,黄绿色幕布
malisisdoors:curtain_yellow,3920,true,malisisdoors,net.malisis.doors.door.block.Door,黄色幕布
malisisdoors:curtain_light_blue,3921,true,malisisdoors,net.malisis.doors.door.block.Door,淡蓝色幕布
malisisdoors:curtain_magenta,3922,true,malisisdoors,net.malisis.doors.door.block.Door,品红色幕布
malisisdoors:curtain_orange,3923,true,malisisdoors,net.malisis.doors.door.block.Door,橙色幕布
malisisdoors:curtain_white,3924,true,malisisdoors,net.malisis.doors.door.block.Door,白色幕布
malisisdoors:saloon,3925,true,malisisdoors,net.malisis.doors.door.block.SaloonDoorBlock,酒馆门
malisisdoors:acaciaFenceGate,3926,true,malisisdoors,net.malisis.doors.door.block.FenceGate,金合欢木栅栏门
malisisdoors:birchFenceGate,3927,true,malisisdoors,net.malisis.doors.door.block.FenceGate,白桦木栅栏门
malisisdoors:darkOakFenceGate,3928,true,malisisdoors,net.malisis.doors.door.block.FenceGate,深色橡木栅栏门
malisisdoors:jungleFenceGate,3929,true,malisisdoors,net.malisis.doors.door.block.FenceGate,丛林木栅栏门
malisisdoors:spruceFenceGate,3930,true,malisisdoors,net.malisis.doors.door.block.FenceGate,云杉木栅栏门
malisisdoors:camoFenceGate,3931,true,malisisdoors,net.malisis.doors.door.block.FenceGate,混色栅栏门
malisisdoors:iron_trapdoor,3932,true,malisisdoors,net.malisis.doors.trapdoor.block.TrapDoor,铁制活板门
malisisdoors:sliding_trapdoor,3933,true,malisisdoors,net.malisis.doors.trapdoor.block.TrapDoor,滑动活板门
malisisdoors:trapdoor_acacia,3934,true,malisisdoors,net.malisis.doors.trapdoor.block.TrapDoor,金合欢木活板门
malisisdoors:trapdoor_birch,3935,true,malisisdoors,net.malisis.doors.trapdoor.block.TrapDoor,白桦木活板门
malisisdoors:trapdoor_dark_oak,3936,true,malisisdoors,net.malisis.doors.trapdoor.block.TrapDoor,深色橡木活板门
malisisdoors:trapdoor_jungle,3937,true,malisisdoors,net.malisis.doors.trapdoor.block.TrapDoor,丛林木活板门
malisisdoors:trapdoor_spruce,3938,true,malisisdoors,net.malisis.doors.trapdoor.block.TrapDoor,云杉木活板门
malisisdoors:player_sensor,3939,true,malisisdoors,net.malisis.doors.block.PlayerSensor,玩家感应器
malisisdoors:vanishing_block,3940,true,malisisdoors,net.malisis.doors.block.VanishingBlock,消失的木框架
malisisdoors:vanishing_block_diamond,3941,true,malisisdoors,net.malisis.doors.block.VanishingDiamondBlock,消失的钻石框架
malisisdoors:block_mixer,3942,true,malisisdoors,net.malisis.doors.block.BlockMixer,方块混合器
malisisdoors:mixed_block,3943,true,malisisdoors,net.malisis.doors.block.MixedBlock,混合方块
malisisdoors:garage_door,3944,true,malisisdoors,net.malisis.doors.block.GarageDoor,车库门
malisisdoors:door_factory,3945,true,malisisdoors,net.malisis.doors.block.DoorFactory,制门工厂
malisisdoors:null,3946,true,malisisdoors,net.malisis.doors.door.block.CustomDoor,"未命名方块,请报告给作者."
malisisdoors:rustyHatch,3947,true,malisisdoors,net.malisis.doors.door.block.RustyHatch,生锈舱门
malisisdoors:rustyLadder,3948,true,malisisdoors,net.malisis.doors.block.RustyLadder,生锈铁梯
malisisdoors:carriage_door,3949,true,malisisdoors,net.malisis.doors.door.block.BigDoor,宅门
malisisdoors:medieval_door,3950,true,malisisdoors,net.malisis.doors.door.block.BigDoor,中世纪门
malisisdoors:forcefieldDoor,3951,true,malisisdoors,net.malisis.doors.door.block.ForcefieldDoor,力场
malisisdoors:medieval_door_collisionHelper_MEDIEVAL,3952,true,malisisdoors,net.malisis.doors.door.block.CollisionHelperBlock,中世纪门碰撞箱帮助器
malisisdoors:carriage_door_collisionHelper_CARRIAGE,3953,true,malisisdoors,net.malisis.doors.door.block.CollisionHelperBlock,中世纪门碰撞箱帮助器
modernmarkings:tile.floor_marking_black_singleline,3954,true,modernmarkings,modernmarkings.blocks.MarkingFloor,黑色线条地面标识
modernmarkings:tile.floor_marking_white_arrow,3955,true,modernmarkings,modernmarkings.blocks.MarkingFloor,白色箭头地面标识
modernmarkings:tile.floor_marking_white_lane,3956,true,modernmarkings,modernmarkings.blocks.MarkingFloor,白色车道地面标识
modernmarkings:tile.floor_marking_white_lane_cross,3957,true,modernmarkings,modernmarkings.blocks.MarkingFloor,白色十字路口地面标识
modernmarkings:tile.floor_marking_white_singleline,3958,true,modernmarkings,modernmarkings.blocks.MarkingFloor,白色线条地面标识
modernmarkings:tile.floor_marking_white_square,3959,true,modernmarkings,modernmarkings.blocks.MarkingFloor,白色方形地面标识
modernmarkings:tile.floor_marking_whiteblack_hazardline,3960,true,modernmarkings,modernmarkings.blocks.MarkingFloor,白色危险线地面标识
modernmarkings:tile.floor_marking_noentry,3961,true,modernmarkings,modernmarkings.blocks.MarkingFloor,禁止通行地面标识
modernmarkings:tile.floor_marking_nostep,3962,true,modernmarkings,modernmarkings.blocks.MarkingFloor,No Step 地面标识
modernmarkings:tile.floor_marking_exit,3963,true,modernmarkings,modernmarkings.blocks.MarkingFloor,出口地面标识
modernmarkings:tile.floor_marking_yellow_arrow,3964,true,modernmarkings,modernmarkings.blocks.MarkingFloor,黄色箭头地面标识
modernmarkings:tile.floor_marking_yellow_hazardline,3965,true,modernmarkings,modernmarkings.blocks.MarkingFloor,黄色危险线地面标识
modernmarkings:tile.floor_marking_yellow_lane,3966,true,modernmarkings,modernmarkings.blocks.MarkingFloor,黄色车道地面标识
modernmarkings:tile.floor_marking_yellow_sideline,3967,true,modernmarkings,modernmarkings.blocks.MarkingFloor,黄色边缘线地面标识
modernmarkings:tile.floor_marking_yellow_singleline,3968,true,modernmarkings,modernmarkings.blocks.MarkingFloor,黄色线条地面标识
modernmarkings:tile.floor_marking_yellow_square,3969,true,modernmarkings,modernmarkings.blocks.MarkingFloor,黄色方形地面标识
modernmarkings:tile.floor_marking_yellow_stripes,3970,true,modernmarkings,modernmarkings.blocks.MarkingFloor,黄色条纹地面标识
modernmarkings:tile.floor_marking_yellow_t_crossing,3971,true,modernmarkings,modernmarkings.blocks.MarkingFloor,黄色T字路口地面标识
modernmarkings:tile.floor_marking_yellow_crossing,3972,true,modernmarkings,modernmarkings.blocks.MarkingFloor,黄色十字路口地面标识
modernmarkings:tile.floor_marking_yellow_turn,3973,true,modernmarkings,modernmarkings.blocks.MarkingFloor,黄色转弯地面标记
modernmarkings:tile.floor_marking_yellow_end,3974,true,modernmarkings,modernmarkings.blocks.MarkingFloor,黄色末端地面标记
modernmarkings:tile.floor_marking_danger_yellow,3975,true,modernmarkings,modernmarkings.blocks.MarkingFloor,黄色危险地面标识
modernmarkings:tile.floor_marking_white_t_crossing,3976,true,modernmarkings,modernmarkings.blocks.MarkingFloor,白色T字路口地面标识
modernmarkings:tile.floor_marking_white_crossing,3977,true,modernmarkings,modernmarkings.blocks.MarkingFloor,白色十字路口地面标识
modernmarkings:tile.floor_marking_white_turn,3978,true,modernmarkings,modernmarkings.blocks.MarkingFloor,白色转弯地面标记
modernmarkings:tile.floor_marking_white_end,3979,true,modernmarkings,modernmarkings.blocks.MarkingFloor,白色末端地面标记
modernmarkings:tile.floor_marking_white_sideline,3980,true,modernmarkings,modernmarkings.blocks.MarkingFloor,白色边缘线地面标识
modernmarkings:tile.floor_marking_green_t_crossing,3981,true,modernmarkings,modernmarkings.blocks.MarkingFloor,绿色T字路口地面标识
modernmarkings:tile.floor_marking_green_crossing,3982,true,modernmarkings,modernmarkings.blocks.MarkingFloor,绿色十字路口地面标识
modernmarkings:tile.floor_marking_green_turn,3983,true,modernmarkings,modernmarkings.blocks.MarkingFloor,绿色转弯地面标记
modernmarkings:tile.floor_marking_green_end,3984,true,modernmarkings,modernmarkings.blocks.MarkingFloor,绿色末端地面标记
modernmarkings:tile.floor_marking_green_sideline,3985,true,modernmarkings,modernmarkings.blocks.MarkingFloor,绿色边缘线地面标识
modernmarkings:tile.floor_marking_green_square,3986,true,modernmarkings,modernmarkings.blocks.MarkingFloor,绿色方形地面标记
modernmarkings:tile.floor_marking_green_hazardline,3987,true,modernmarkings,modernmarkings.blocks.MarkingFloor,绿色危险线地面标识
modernmarkings:tile.floor_marking_green_singleline,3988,true,modernmarkings,modernmarkings.blocks.MarkingFloor,绿色线条地面标识
modernmarkings:tile.floor_marking_blue_t_crossing,3989,true,modernmarkings,modernmarkings.blocks.MarkingFloor,蓝色十字路口地面标识
modernmarkings:tile.floor_marking_blue_crossing,3990,true,modernmarkings,modernmarkings.blocks.MarkingFloor,蓝色十字路口地面标识
modernmarkings:tile.floor_marking_blue_turn,3991,true,modernmarkings,modernmarkings.blocks.MarkingFloor,蓝色转弯地面标记
modernmarkings:tile.floor_marking_blue_end,3992,true,modernmarkings,modernmarkings.blocks.MarkingFloor,蓝色末端地面标记
modernmarkings:tile.floor_marking_blue_sideline,3993,true,modernmarkings,modernmarkings.blocks.MarkingFloor,蓝色边缘线地面标识
modernmarkings:tile.floor_marking_blue_square,3994,true,modernmarkings,modernmarkings.blocks.MarkingFloor,蓝色方形地面标记
modernmarkings:tile.floor_marking_blue_hazardline,3995,true,modernmarkings,modernmarkings.blocks.MarkingFloor,蓝色危险线地面标识
modernmarkings:tile.floor_marking_blue_singleline,3996,true,modernmarkings,modernmarkings.blocks.MarkingFloor,蓝色线条地面标识
modernmarkings:tile.floor_marking_red_t_crossing,3997,true,modernmarkings,modernmarkings.blocks.MarkingFloor,红色十字路口地面标识
modernmarkings:tile.floor_marking_red_crossing,3998,true,modernmarkings,modernmarkings.blocks.MarkingFloor,红色十字路口地面标识
modernmarkings:tile.floor_marking_red_turn,3999,true,modernmarkings,modernmarkings.blocks.MarkingFloor,红色转弯地面标记
modernmarkings:tile.floor_marking_red_end,4000,true,modernmarkings,modernmarkings.blocks.MarkingFloor,红色末端地面标记
modernmarkings:tile.floor_marking_red_sideline,4001,true,modernmarkings,modernmarkings.blocks.MarkingFloor,红色边缘线地面标识
modernmarkings:tile.floor_marking_red_square,4002,true,modernmarkings,modernmarkings.blocks.MarkingFloor,红色方形地面标记
modernmarkings:tile.floor_marking_red_hazardline,4003,true,modernmarkings,modernmarkings.blocks.MarkingFloor,红色危险线地面标识
modernmarkings:tile.floor_marking_red_singleline,4004,true,modernmarkings,modernmarkings.blocks.MarkingFloor,红色线条地面标识
modernmarkings:tile.floor_marking_danger_red,4005,true,modernmarkings,modernmarkings.blocks.MarkingFloor,红色危险地面标识
modernmarkings:tile.floor_marking_redx,4006,true,modernmarkings,modernmarkings.blocks.MarkingFloor,红色 X 形地面标识
modernmarkings:tile.floor_marking_orange_t_crossing,4007,true,modernmarkings,modernmarkings.blocks.MarkingFloor,橙色十字路口地面标识
modernmarkings:tile.floor_marking_orange_crossing,4008,true,modernmarkings,modernmarkings.blocks.MarkingFloor,橙色十字路口地面标识
modernmarkings:tile.floor_marking_orange_turn,4009,true,modernmarkings,modernmarkings.blocks.MarkingFloor,橙色转弯地面标记
modernmarkings:tile.floor_marking_orange_end,4010,true,modernmarkings,modernmarkings.blocks.MarkingFloor,橙色末端地面标记
modernmarkings:tile.floor_marking_orange_sideline,4011,true,modernmarkings,modernmarkings.blocks.MarkingFloor,橙色边缘线地面标识
modernmarkings:tile.floor_marking_orange_square,4012,true,modernmarkings,modernmarkings.blocks.MarkingFloor,橙色方形地面标记
modernmarkings:tile.floor_marking_orange_hazardline,4013,true,modernmarkings,modernmarkings.blocks.MarkingFloor,橙色危险线地面标识
modernmarkings:tile.floor_marking_orange_singleline,4014,true,modernmarkings,modernmarkings.blocks.MarkingFloor,橙色线条地面标识
modernmarkings:tile.floor_marking_letter_a,4015,true,modernmarkings,modernmarkings.blocks.MarkingFloor,字母A地面标识
modernmarkings:tile.floor_marking_letter_b,4016,true,modernmarkings,modernmarkings.blocks.MarkingFloor,字母B地面标识
modernmarkings:tile.floor_marking_letter_c,4017,true,modernmarkings,modernmarkings.blocks.MarkingFloor,字母C地面标识
modernmarkings:tile.floor_marking_letter_d,4018,true,modernmarkings,modernmarkings.blocks.MarkingFloor,字母D地面标识
modernmarkings:tile.floor_marking_letter_e,4019,true,modernmarkings,modernmarkings.blocks.MarkingFloor,字母E地面标识
modernmarkings:tile.floor_marking_letter_f,4020,true,modernmarkings,modernmarkings.blocks.MarkingFloor,字母F地面标识
modernmarkings:tile.floor_marking_letter_g,4021,true,modernmarkings,modernmarkings.blocks.MarkingFloor,字母G地面标识
modernmarkings:tile.floor_marking_letter_h,4022,true,modernmarkings,modernmarkings.blocks.MarkingFloor,字母H地面标识
modernmarkings:tile.floor_marking_letter_i,4023,true,modernmarkings,modernmarkings.blocks.MarkingFloor,字母I地面标识
modernmarkings:tile.floor_marking_letter_j,4024,true,modernmarkings,modernmarkings.blocks.MarkingFloor,字母J地面标识
modernmarkings:tile.floor_marking_letter_k,4025,true,modernmarkings,modernmarkings.blocks.MarkingFloor,字母K地面标识
modernmarkings:tile.floor_marking_letter_l,4026,true,modernmarkings,modernmarkings.blocks.MarkingFloor,字母L地面标识
modernmarkings:tile.floor_marking_letter_m,4027,true,modernmarkings,modernmarkings.blocks.MarkingFloor,字母M地面标识
modernmarkings:tile.floor_marking_letter_n,4028,true,modernmarkings,modernmarkings.blocks.MarkingFloor,字母N地面标识
modernmarkings:tile.floor_marking_letter_o,4029,true,modernmarkings,modernmarkings.blocks.MarkingFloor,字母O地面标识
modernmarkings:tile.floor_marking_letter_p,4030,true,modernmarkings,modernmarkings.blocks.MarkingFloor,字母P地面标识
modernmarkings:tile.floor_marking_letter_q,4031,true,modernmarkings,modernmarkings.blocks.MarkingFloor,字母Q地面标识
modernmarkings:tile.floor_marking_letter_r,4032,true,modernmarkings,modernmarkings.blocks.MarkingFloor,字母R地面标识
modernmarkings:tile.floor_marking_letter_s,4033,true,modernmarkings,modernmarkings.blocks.MarkingFloor,字母S地面标识
modernmarkings:tile.floor_marking_letter_t,4034,true,modernmarkings,modernmarkings.blocks.MarkingFloor,字母T地面标识
modernmarkings:tile.floor_marking_letter_u,4035,true,modernmarkings,modernmarkings.blocks.MarkingFloor,字母U地面标识
modernmarkings:tile.floor_marking_letter_v,4036,true,modernmarkings,modernmarkings.blocks.MarkingFloor,字母V地面标识
modernmarkings:tile.floor_marking_letter_w,4037,true,modernmarkings,modernmarkings.blocks.MarkingFloor,字母W地面标识
modernmarkings:tile.floor_marking_letter_x,4038,true,modernmarkings,modernmarkings.blocks.MarkingFloor,字母X地面标识
modernmarkings:tile.floor_marking_letter_y,4039,true,modernmarkings,modernmarkings.blocks.MarkingFloor,字母Y地面标识
modernmarkings:tile.floor_marking_letter_z,4040,true,modernmarkings,modernmarkings.blocks.MarkingFloor,字母Z地面标识
modernmarkings:tile.wall_marking_exit,4041,true,modernmarkings,modernmarkings.blocks.MarkingWall,出口墙面标识
modernmarkings:tile.wall_marking_unit,4042,true,modernmarkings,modernmarkings.blocks.MarkingWall,UNIT 墙面标记
modernmarkings:tile.wall_marking_first_aid,4043,true,modernmarkings,modernmarkings.blocks.MarkingWall,急救墙面标记
modernmarkings:tile.wall_marking_fire_extinguisher,4044,true,modernmarkings,modernmarkings.blocks.MarkingWall,灭火器墙面标记
modernmarkings:tile.wall_marking_number_0,4045,true,modernmarkings,modernmarkings.blocks.MarkingWall,0 墙面标识
modernmarkings:tile.wall_marking_number_1,4046,true,modernmarkings,modernmarkings.blocks.MarkingWall,1 墙面标识
modernmarkings:tile.wall_marking_number_2,4047,true,modernmarkings,modernmarkings.blocks.MarkingWall,2 墙面标识
modernmarkings:tile.wall_marking_number_3,4048,true,modernmarkings,modernmarkings.blocks.MarkingWall,3 墙面标识
modernmarkings:tile.wall_marking_number_4,4049,true,modernmarkings,modernmarkings.blocks.MarkingWall,4 墙面标识
modernmarkings:tile.wall_marking_number_5,4050,true,modernmarkings,modernmarkings.blocks.MarkingWall,5 墙面标识
modernmarkings:tile.wall_marking_number_6,4051,true,modernmarkings,modernmarkings.blocks.MarkingWall,6 墙面标识
modernmarkings:tile.wall_marking_number_7,4052,true,modernmarkings,modernmarkings.blocks.MarkingWall,7 墙面标识
modernmarkings:tile.wall_marking_number_8,4053,true,modernmarkings,modernmarkings.blocks.MarkingWall,8 墙面标识
modernmarkings:tile.wall_marking_number_9,4054,true,modernmarkings,modernmarkings.blocks.MarkingWall,9 墙面标识
modernmarkings:tile.wall_marking_number_no,4055,true,modernmarkings,modernmarkings.blocks.MarkingWall,No. 墙面标识
modernmarkings:tile.wall_marking_number_numero,4056,true,modernmarkings,modernmarkings.blocks.MarkingWall,号码墙面标识
modernmarkings:tile.wall_marking_number_dash,4057,true,modernmarkings,modernmarkings.blocks.MarkingWall,点墙面标识
modernmarkings:tile.wall_marking_number_comma,4058,true,modernmarkings,modernmarkings.blocks.MarkingWall,逗号墙面标识
modernmarkings:tile.wall_marking_number_period,4059,true,modernmarkings,modernmarkings.blocks.MarkingWall,前缀墙面标识
modernmarkings:tile.wall_marking_symbol_chemical,4060,true,modernmarkings,modernmarkings.blocks.MarkingWall,化学墙面标识
modernmarkings:tile.wall_marking_symbol_electric,4061,true,modernmarkings,modernmarkings.blocks.MarkingWall,电子墙面标识
modernmarkings:tile.wall_marking_symbol_fire,4062,true,modernmarkings,modernmarkings.blocks.MarkingWall,火焰墙面标识
modernmarkings:tile.wall_marking_symbol_fluid,4063,true,modernmarkings,modernmarkings.blocks.MarkingWall,流体墙面标识
modernmarkings:tile.wall_marking_symbol_frost,4064,true,modernmarkings,modernmarkings.blocks.MarkingWall,冰冻墙面标识
modernmarkings:tile.wall_marking_symbol_gears,4065,true,modernmarkings,modernmarkings.blocks.MarkingWall,齿轮墙面标识
modernmarkings:tile.wall_marking_symbol_laser,4066,true,modernmarkings,modernmarkings.blocks.MarkingWall,激光墙面标识
modernmarkings:tile.wall_marking_symbol_magic,4067,true,modernmarkings,modernmarkings.blocks.MarkingWall,魔法墙面标识
modernmarkings:tile.wall_marking_symbol_mob,4068,true,modernmarkings,modernmarkings.blocks.MarkingWall,怪物墙面标识
modernmarkings:tile.wall_marking_symbol_pinch,4069,true,modernmarkings,modernmarkings.blocks.MarkingWall,百分号墙面标识
modernmarkings:tile.wall_marking_symbol_production,4070,true,modernmarkings,modernmarkings.blocks.MarkingWall,生产墙面标识
modernmarkings:tile.wall_marking_symbol_radiation,4071,true,modernmarkings,modernmarkings.blocks.MarkingWall,辐射 1 墙面标识
modernmarkings:tile.wall_marking_symbol_radiation_2,4072,true,modernmarkings,modernmarkings.blocks.MarkingWall,辐射 2 墙面标记
modernmarkings:tile.wall_marking_symbol_storage,4073,true,modernmarkings,modernmarkings.blocks.MarkingWall,存储墙面标识
modernmarkings:tile.wall_marking_warning_danger,4074,true,modernmarkings,modernmarkings.blocks.MarkingWall,警告墙面标识
modernmarkings:tile.wall_marking_arrowleft,4075,true,modernmarkings,modernmarkings.blocks.MarkingWall,左箭头墙面标识
modernmarkings:tile.wall_marking_arrowright,4076,true,modernmarkings,modernmarkings.blocks.MarkingWall,右箭头墙面标识
modernmarkings:tile.wall_marking_hazardline_left,4077,true,modernmarkings,modernmarkings.blocks.MarkingWall,危险线左角落墙面标识
modernmarkings:tile.wall_marking_hazardline_right,4078,true,modernmarkings,modernmarkings.blocks.MarkingWall,危险线右角落墙面标识
modernmarkings:tile.wall_marking_hazard_diamond,4079,true,modernmarkings,modernmarkings.blocks.MarkingWall,危险菱形墙面标识
modernmarkings:tile.wall_marking_voltage_eu,4080,true,modernmarkings,modernmarkings.blocks.MarkingWall,EU 墙面标识
modernmarkings:tile.wall_marking_voltage_ev,4081,true,modernmarkings,modernmarkings.blocks.MarkingWall,EV 墙面标识
modernmarkings:tile.wall_marking_voltage_fe,4082,true,modernmarkings,modernmarkings.blocks.MarkingWall,FE 墙面标识
modernmarkings:tile.wall_marking_voltage_hv,4083,true,modernmarkings,modernmarkings.blocks.MarkingWall,HV 墙面标识
modernmarkings:tile.wall_marking_voltage_iv,4084,true,modernmarkings,modernmarkings.blocks.MarkingWall,IV 墙面标识
modernmarkings:tile.wall_marking_voltage_luv,4085,true,modernmarkings,modernmarkings.blocks.MarkingWall,LuV 墙面标识
modernmarkings:tile.wall_marking_voltage_lv,4086,true,modernmarkings,modernmarkings.blocks.MarkingWall,LV 墙面标识
modernmarkings:tile.wall_marking_voltage_max,4087,true,modernmarkings,modernmarkings.blocks.MarkingWall,MAX 墙面标识
modernmarkings:tile.wall_marking_voltage_mv,4088,true,modernmarkings,modernmarkings.blocks.MarkingWall,MV 墙面标识
modernmarkings:tile.wall_marking_voltage_pert,4089,true,modernmarkings,modernmarkings.blocks.MarkingWall,每刻墙面标识
modernmarkings:tile.wall_marking_voltage_rf,4090,true,modernmarkings,modernmarkings.blocks.MarkingWall,RF 墙面标识
modernmarkings:tile.wall_marking_voltage_uev,4091,true,modernmarkings,modernmarkings.blocks.MarkingWall,UEV 墙面标识
modernmarkings:tile.wall_marking_voltage_uhv,4092,true,modernmarkings,modernmarkings.blocks.MarkingWall,UHV 墙面标识
modernmarkings:tile.wall_marking_voltage_uiv,4093,true,modernmarkings,modernmarkings.blocks.MarkingWall,UIV 墙面标识
modernmarkings:tile.wall_marking_voltage_umv,4094,true,modernmarkings,modernmarkings.blocks.MarkingWall,UMV 墙面标识
modernmarkings:tile.wall_marking_voltage_uv,4095,true,modernmarkings,modernmarkings.blocks.MarkingWall,UV 墙面标识
modernmarkings:tile.wall_marking_voltage_uxv,10547,true,modernmarkings,modernmarkings.blocks.MarkingWall,UXV 墙面标识
modernmarkings:tile.wall_marking_voltage_zpm,10548,true,modernmarkings,modernmarkings.blocks.MarkingWall,ZPM 墙面标识
modernmarkings:tile.wall_marking_letter_a,10549,true,modernmarkings,modernmarkings.blocks.MarkingWall,字母 A 墙面标识
modernmarkings:tile.wall_marking_letter_b,10550,true,modernmarkings,modernmarkings.blocks.MarkingWall,字母 B 墙面标识
modernmarkings:tile.wall_marking_letter_c,10551,true,modernmarkings,modernmarkings.blocks.MarkingWall,字母 C 墙面标识
modernmarkings:tile.wall_marking_letter_d,10552,true,modernmarkings,modernmarkings.blocks.MarkingWall,字母 D 墙面标识
modernmarkings:tile.wall_marking_letter_e,10553,true,modernmarkings,modernmarkings.blocks.MarkingWall,字母 E 墙面标识
modernmarkings:tile.wall_marking_letter_f,10554,true,modernmarkings,modernmarkings.blocks.MarkingWall,字母 F 墙面标识
modernmarkings:tile.wall_marking_letter_g,10555,true,modernmarkings,modernmarkings.blocks.MarkingWall,字母 G 墙面标识
modernmarkings:tile.wall_marking_letter_h,10556,true,modernmarkings,modernmarkings.blocks.MarkingWall,字母 H 墙面标识
modernmarkings:tile.wall_marking_letter_i,10557,true,modernmarkings,modernmarkings.blocks.MarkingWall,字母 I 墙面标识
modernmarkings:tile.wall_marking_letter_j,10558,true,modernmarkings,modernmarkings.blocks.MarkingWall,字母 J 墙面标识
modernmarkings:tile.wall_marking_letter_k,10559,true,modernmarkings,modernmarkings.blocks.MarkingWall,字母 K 墙面标识
modernmarkings:tile.wall_marking_letter_l,10560,true,modernmarkings,modernmarkings.blocks.MarkingWall,字母 L 墙面标识
modernmarkings:tile.wall_marking_letter_m,10561,true,modernmarkings,modernmarkings.blocks.MarkingWall,字母 M 墙面标识
modernmarkings:tile.wall_marking_letter_n,10562,true,modernmarkings,modernmarkings.blocks.MarkingWall,字母 N 墙面标识
modernmarkings:tile.wall_marking_letter_o,10563,true,modernmarkings,modernmarkings.blocks.MarkingWall,字母 O 墙面标识
modernmarkings:tile.wall_marking_letter_p,10564,true,modernmarkings,modernmarkings.blocks.MarkingWall,字母 P 墙面标识
modernmarkings:tile.wall_marking_letter_q,10565,true,modernmarkings,modernmarkings.blocks.MarkingWall,字母 Q 墙面标识
modernmarkings:tile.wall_marking_letter_r,10566,true,modernmarkings,modernmarkings.blocks.MarkingWall,字母 R 墙面标识
modernmarkings:tile.wall_marking_letter_s,10567,true,modernmarkings,modernmarkings.blocks.MarkingWall,字母 S 墙面标识
modernmarkings:tile.wall_marking_letter_t,10568,true,modernmarkings,modernmarkings.blocks.MarkingWall,字母 T 墙面标识
modernmarkings:tile.wall_marking_letter_u,10569,true,modernmarkings,modernmarkings.blocks.MarkingWall,字母 U 墙面标识
modernmarkings:tile.wall_marking_letter_v,10570,true,modernmarkings,modernmarkings.blocks.MarkingWall,字母 V 墙面标识
modernmarkings:tile.wall_marking_letter_w,10571,true,modernmarkings,modernmarkings.blocks.MarkingWall,字母 W 墙面标识
modernmarkings:tile.wall_marking_letter_x,10572,true,modernmarkings,modernmarkings.blocks.MarkingWall,字母 X 墙面标识
modernmarkings:tile.wall_marking_letter_y,10573,true,modernmarkings,modernmarkings.blocks.MarkingWall,字母 Y 墙面标识
modernmarkings:tile.wall_marking_letter_z,10574,true,modernmarkings,modernmarkings.blocks.MarkingWall,字母 Z 墙面标识
reavaritia:tile.ExtremeAnvil,10576,true,reavaritia,com.reavaritia.common.blocks.BlockExtremeAnvil,终焉之砧
reavaritia:tile.NeutronCollector,10577,true,reavaritia,com.reavaritia.common.blocks.BlockNeutronCollector,中子态素收集器
reavaritia:tile.DenseNeutronCollector,10578,true,reavaritia,com.reavaritia.common.blocks.BlockNeutronCollector,致密中子态素收集器
reavaritia:tile.DenserNeutronCollector,10579,true,reavaritia,com.reavaritia.common.blocks.BlockNeutronCollector,高致密中子态素收集器
reavaritia:tile.DensestNeutronCollector,10580,true,reavaritia,com.reavaritia.common.blocks.BlockNeutronCollector,终极致密中子态素收集器
reavaritia:tile.BlockSoulFarmland,10581,true,reavaritia,com.reavaritia.common.blocks.BlockSoulFarmland,灵魂耕地
sciencenotleisure:tile.CompressedStargateTier0,10602,true,sciencenotleisure,com.science.gtnl.common.block.blocks.BlocksCompressedStargate,压缩星门
sciencenotleisure:tile.CompressedStargateTier1,10603,true,sciencenotleisure,com.science.gtnl.common.block.blocks.BlocksCompressedStargate,压缩星门-一重
sciencenotleisure:tile.CompressedStargateTier2,10604,true,sciencenotleisure,com.science.gtnl.common.block.blocks.BlocksCompressedStargate,压缩星门-二重
sciencenotleisure:tile.CompressedStargateTier3,10605,true,sciencenotleisure,com.science.gtnl.common.block.blocks.BlocksCompressedStargate,压缩星门-三重
sciencenotleisure:tile.CompressedStargateTier4,10606,true,sciencenotleisure,com.science.gtnl.common.block.blocks.BlocksCompressedStargate,压缩星门-四重
sciencenotleisure:tile.CompressedStargateTier5,10607,true,sciencenotleisure,com.science.gtnl.common.block.blocks.BlocksCompressedStargate,压缩星门-五重
sciencenotleisure:tile.CompressedStargateTier6,10608,true,sciencenotleisure,com.science.gtnl.common.block.blocks.BlocksCompressedStargate,压缩星门-六重
sciencenotleisure:tile.CompressedStargateTier7,10609,true,sciencenotleisure,com.science.gtnl.common.block.blocks.BlocksCompressedStargate,压缩星门-七重
sciencenotleisure:tile.CompressedStargateTier8,10610,true,sciencenotleisure,com.science.gtnl.common.block.blocks.BlocksCompressedStargate,压缩星门-八重
sciencenotleisure:tile.CompressedStargateTier9,10611,true,sciencenotleisure,com.science.gtnl.common.block.blocks.BlocksCompressedStargate,压缩星门-九重
sciencenotleisure:tile.PlayerLeash,10612,true,sciencenotleisure,com.science.gtnl.common.block.blocks.BlockPlayerLeash,拴绳结界
sciencenotleisure:tile.SearedLadder,10613,true,sciencenotleisure,com.science.gtnl.common.block.blocks.BlockSearedLadder,焦黑梯子
sciencenotleisure:tile.DirePatternEncoder,10614,true,sciencenotleisure,com.science.gtnl.common.block.blocks.BlockDirePatternEncoder,终极样板编码台
sciencenotleisure:tile.MEChisel,10615,true,sciencenotleisure,com.science.gtnl.common.block.blocks.BlockMEChisel,ME雕凿机
sciencenotleisure:tile.SuperInterface,10616,true,sciencenotleisure,com.science.gtnl.common.block.blocks.BlockSuperInterface,超级ME接口
sciencenotleisure:tile.SuperDualInterface,10617,true,sciencenotleisure,com.science.gtnl.common.block.blocks.BlockSuperDualInterface,超级二合一ME接口
sciencenotleisure:tile.BeamFormer,10618,true,sciencenotleisure,com.science.gtnl.common.block.blocks.BlockBeamFormer,ME光束成型器
sciencenotleisure:tile.CardboardBox,10619,true,sciencenotleisure,com.science.gtnl.common.block.blocks.BlockCardboardBox,纸箱
sciencenotleisure:tile.EternalGregTechWorkshopRenderer,10620,true,sciencenotleisure,com.science.gtnl.common.block.blocks.BlockEternalGregTechWorkshopRender,永恒格雷工坊渲染器
sciencenotleisure:tile.NanoPhagocytosisPlantRenderer,10621,true,sciencenotleisure,com.science.gtnl.common.block.blocks.BlockNanoPhagocytosisPlantRender,纳米吞噬厂渲染器
sciencenotleisure:tile.RealArtificialStarRenderer,10622,true,sciencenotleisure,com.science.gtnl.common.block.blocks.BlockArtificialStarRender,真·湮灭发电机渲染器
sciencenotleisure:tile.PlayerDoll,10623,true,sciencenotleisure,com.science.gtnl.common.block.blocks.BlockPlayerDoll,玩偶
sciencenotleisure:tile.LaserBeacon,10624,true,sciencenotleisure,com.science.gtnl.common.block.blocks.BlockLaserBeacon,激光激发信标
sciencenotleisure:tile.WaterCandle,10625,true,sciencenotleisure,com.science.gtnl.common.block.blocks.BlockWaterCandle,水蜡烛
sciencenotleisure:tile.DimensionRespawnAnchor,10626,true,sciencenotleisure,com.science.gtnl.common.block.blocks.BlockDimensionRespawnAnchor,维度重生锚
sciencenotleisure:tile.EssentiaHatch,10627,true,sciencenotleisure,com.science.gtnl.common.block.blocks.BlockEssentiaHatch,源质输入仓
sciencenotleisure:tile.EnderElevatorBlock,10628,true,sciencenotleisure,com.science.gtnl.common.block.blocks.BlockEnderElevator,末影电梯 (方块)
sciencenotleisure:tile.EnderElevatorSlab,10629,true,sciencenotleisure,com.science.gtnl.common.block.blocks.BlockEnderElevator,末影电梯 (台阶)
sciencenotleisure:tile.EnderElevatorCarpet,10630,true,sciencenotleisure,com.science.gtnl.common.block.blocks.BlockEnderElevator,末影电梯 (地毯)
sciencenotleisure:tile.MetaBlock,10631,true,sciencenotleisure,com.science.gtnl.common.block.casings.base.MetaBlockBase,测试方块
sciencenotleisure:tile.MetaBlockGlow,10632,true,sciencenotleisure,com.science.gtnl.common.block.casings.glow.MetaBlockGlow,强化萤石机械方块
sciencenotleisure:tile.MetaBlockGlass,10633,true,sciencenotleisure,com.science.gtnl.common.block.casings.glass.MetaBlockGlass,盖亚玻璃
sciencenotleisure:tile.MetaBlockColumn,10634,true,sciencenotleisure,com.science.gtnl.common.block.casings.column.MetaBlockColumn,砖砌青铜外壳
sciencenotleisure:tile.MetaCasing,10635,true,sciencenotleisure,com.science.gtnl.common.block.casings.casing.MetaCasing,测试机械方块
sciencenotleisure:tile.MetaCasing02,10636,true,sciencenotleisure,com.science.gtnl.common.block.casings.casing.MetaCasing,抗震安全外壳
sciencenotleisure:tile.honey,10637,true,sciencenotleisure,com.science.gtnl.common.block.blocks.BlockHoneyFluid,蜂蜜
sciencenotleisure:tile.shimmer,10638,true,sciencenotleisure,com.science.gtnl.common.block.blocks.BlockShimmerFluid,微光
sciencenotleisure:blockGiantBrickuoiaSapling,10639,true,sciencenotleisure,com.science.gtnl.common.block.blocks.BlockSaplingBrickuoia,巨型红砖树苗
neenergistics:tile.pattern_interface,10684,true,neenergistics,com.github.vfyjxf.nee.block.BlockPatternInterface,样板接口
openprinter:openprinter.printer,10685,true,openprinter,pcl.openprinter.blocks.BlockPrinter,开放式打印机
openprinter:openprinter.shredder,10686,true,openprinter,pcl.openprinter.blocks.BlockShredder,开放式碎纸机
openprinter:openprinter.filecabinet,10687,true,openprinter,pcl.openprinter.blocks.BlockFileCabinet,开放式文件柜
opensecurity:magreader,10694,true,opensecurity,pcl.opensecurity.blocks.BlockMagReader,磁卡片输入机
opensecurity:rfidreader,10695,true,opensecurity,pcl.opensecurity.blocks.BlockRFIDReader,RFID读写器
opensecurity:rfidwriter,10696,true,opensecurity,pcl.opensecurity.blocks.BlockCardWriter,写卡器
opensecurity:alarm,10697,true,opensecurity,pcl.opensecurity.blocks.BlockAlarm,警铃
opensecurity:entitydetector,10698,true,opensecurity,pcl.opensecurity.blocks.BlockEntityDetector,实体探测器
opensecurity:doorcontroller,10699,true,opensecurity,pcl.opensecurity.blocks.BlockDoorController,门控器
opensecurity:SecurityDoor,10700,true,opensecurity,pcl.opensecurity.blocks.BlockSecurityDoor,防盗门
opensecurity:SecurityDoorPrivate,10701,true,opensecurity,pcl.opensecurity.blocks.BlockSecurityDoorPrivate,防盗门
opensecurity:opensecurity.DataBlock,10702,true,opensecurity,pcl.opensecurity.blocks.BlockData,数据块
opensecurity:opensecurity.SwitchableHub,10703,true,opensecurity,pcl.opensecurity.blocks.BlockSwitchableHub,可切换集线器
opensecurity:opensecurity.BlockKVM,10704,true,opensecurity,pcl.opensecurity.blocks.BlockKVM,KVM切换器
opensecurity:energyTurretBlock,10705,true,opensecurity,pcl.opensecurity.blocks.BlockEnergyTurret,能源炮塔
opensecurity:keypadLock,10706,true,opensecurity,pcl.opensecurity.blocks.BlockKeypadLock,按键
opensecurity:biometricScanner,10707,true,opensecurity,pcl.opensecurity.blocks.BlockBiometricReader,生物计量读写器
personalspace:personalPortal,10718,true,personalspace,me.eigenraven.personalspace.block.PortalBlock,私人维度传送门
personalspace:personalPortal_migration2,10719,true,personalspace,me.eigenraven.personalspace.block.PortalBlock,继承私人维度传送门(UtilityWorlds迁移)
personalspace:personalPortal_migration3,10720,true,personalspace,me.eigenraven.personalspace.block.PortalBlock,继承私人维度传送门(UtilityWorlds迁移)
personalspace:personalPortal_migration4,10721,true,personalspace,me.eigenraven.personalspace.block.PortalBlock,继承私人维度传送门(UtilityWorlds迁移)
RIO:tile.remote_interface,10737,true,RIO,remoteio.common.block.BlockRemoteInterface,远程接口
RIO:tile.remote_inventory,10738,true,RIO,remoteio.common.block.BlockRemoteInventory,远程背包接口
RIO:tile.machine,10739,true,RIO,remoteio.common.block.BlockMachine,蓄水箱
RIO:skylight,10740,true,RIO,remoteio.common.block.BlockSkylight,天窗
RIO:intelligentWorkbench,10741,true,RIO,remoteio.common.block.BlockIntelligentWorkbench,智能工作台
salisarcana:blockCustomPlank,10751,true,salisarcana,dev.rndmorris.salisarcana.common.blocks.BlockPlank,宏伟之木木板
SGCraft:stargateRing,10754,true,SGCraft,gcewing.sg.blocks.SGRingBlock,星门外环方块
SGCraft:stargateBase,10755,true,SGCraft,gcewing.sg.blocks.SGBaseBlock,星门底座方块
SGCraft:stargateController,10756,true,SGCraft,gcewing.sg.blocks.DHDBlock,星门控制器
SGCraft:naquadahBlock,10757,true,SGCraft,gcewing.sg.blocks.NaquadahBlock,硅岩合金块
SGCraft:naquadahOre,10758,true,SGCraft,gcewing.sg.blocks.NaquadahOreBlock,硅岩矿石
SGCraft:ic2PowerUnit,10767,true,SGCraft,gcewing.sg.compat.ic2.IC2PowerBlock,IC2星门能量单元
SGCraft:rfPowerUnit,10768,true,SGCraft,gcewing.sg.compat.rf.RFPowerBlock,RF星门能量单元
SGCraft:ocInterface,10769,true,SGCraft,gcewing.sg.compat.oc.OCInterfaceBlock,星门OC接口
sleepingbag:sleepingBagBlock,10771,true,sleepingbag,ru.npo6ka.sleepingbag.blocks.BlockSleepingBag,睡袋
StevesFactoryManager:BlockMachineManagerName,10775,true,StevesFactoryManager,vswe.stevesfactory.blocks.BlockManager,工厂管理器
StevesFactoryManager:BlockCableName,10776,true,StevesFactoryManager,vswe.stevesfactory.blocks.BlockCable,工厂线缆
StevesFactoryManager:BlockCableRelayName,10777,true,StevesFactoryManager,vswe.stevesfactory.blocks.BlockCableRelay,物品栏中转站
StevesFactoryManager:BlockCableOutputName,10778,true,StevesFactoryManager,vswe.stevesfactory.blocks.BlockCableOutput,红石信号发射器
StevesFactoryManager:BlockCableInputName,10779,true,StevesFactoryManager,vswe.stevesfactory.blocks.BlockCableInput,红石信号接收器
StevesFactoryManager:BlockCableCreativeName,10780,true,StevesFactoryManager,vswe.stevesfactory.blocks.BlockCableCreative,创造物品供应器
StevesFactoryManager:BlockCableIntakeName,10781,true,StevesFactoryManager,vswe.stevesfactory.blocks.BlockCableIntake,物品阀门
StevesFactoryManager:BlockCableBUDName,10782,true,StevesFactoryManager,vswe.stevesfactory.blocks.BlockCableBUD,方块更新检测器
StevesFactoryManager:BlockCableBreakerName,10783,true,StevesFactoryManager,vswe.stevesfactory.blocks.BlockCableBreaker,方块交互器
StevesFactoryManager:BlockCableClusterName,10784,true,StevesFactoryManager,vswe.stevesfactory.blocks.BlockCableCluster,集线器
StevesFactoryManager:BlockCableCamouflageName,10785,true,StevesFactoryManager,vswe.stevesfactory.blocks.BlockCableCamouflages,伪装方块
StevesFactoryManager:BlockCableSignName,10786,true,StevesFactoryManager,vswe.stevesfactory.blocks.BlockCableSign,告示牌更新器
StevesAddons:cable_rf,10789,true,StevesAddons,stevesaddons.blocks.BlockCableRF,RF节点
StevesAddons:cable_ae,10790,true,StevesAddons,stevesaddons.blocks.BlockCableAE,AE连接器
StorageDrawers:fullDrawers1,10791,true,StorageDrawers,com.jaquadro.minecraft.storagedrawers.block.BlockDrawers,橡木抽屉
StorageDrawers:fullDrawers2,10792,true,StorageDrawers,com.jaquadro.minecraft.storagedrawers.block.BlockDrawers,橡木抽屉(1x2)
StorageDrawers:fullDrawers4,10793,true,StorageDrawers,com.jaquadro.minecraft.storagedrawers.block.BlockDrawers,橡木抽屉(2x2)
StorageDrawers:halfDrawers2,10794,true,StorageDrawers,com.jaquadro.minecraft.storagedrawers.block.BlockDrawers,小型橡木抽屉(1x2)
StorageDrawers:halfDrawers4,10795,true,StorageDrawers,com.jaquadro.minecraft.storagedrawers.block.BlockDrawers,小型橡木抽屉(2x2)
StorageDrawers:controller,10796,true,StorageDrawers,com.jaquadro.minecraft.storagedrawers.block.BlockController,抽屉管理器
StorageDrawers:controllerSlave,10797,true,StorageDrawers,com.jaquadro.minecraft.storagedrawers.block.BlockSlave,附属管理器
StorageDrawers:trim,10798,true,StorageDrawers,com.jaquadro.minecraft.storagedrawers.block.BlockTrim,橡木桥接方块
StorageDrawers:framingTable,10799,true,StorageDrawers,com.jaquadro.minecraft.storagedrawers.block.BlockFramingTable,成型台
StorageDrawers:fullCustom1,10800,true,StorageDrawers,com.jaquadro.minecraft.storagedrawers.block.BlockDrawersCustom,自定义抽屉
StorageDrawers:fullCustom2,10801,true,StorageDrawers,com.jaquadro.minecraft.storagedrawers.block.BlockDrawersCustom,自定义抽屉(1x2)
StorageDrawers:fullCustom4,10802,true,StorageDrawers,com.jaquadro.minecraft.storagedrawers.block.BlockDrawersCustom,自定义抽屉(2x2)
StorageDrawers:halfCustom2,10803,true,StorageDrawers,com.jaquadro.minecraft.storagedrawers.block.BlockDrawersCustom,小型自定义抽屉(1x2)
StorageDrawers:halfCustom4,10804,true,StorageDrawers,com.jaquadro.minecraft.storagedrawers.block.BlockDrawersCustom,小型自定义抽屉(2x2)
StorageDrawers:trimCustom,10805,true,StorageDrawers,com.jaquadro.minecraft.storagedrawers.block.BlockTrimCustom,自定义桥接方块
StorageDrawersBop:fullDrawers1,10818,true,StorageDrawersBop,com.jaquadro.minecraft.storagedrawers.block.pack.BlockDrawersPack,神圣橡树抽屉
StorageDrawersBop:fullDrawers2,10819,true,StorageDrawersBop,com.jaquadro.minecraft.storagedrawers.block.pack.BlockDrawersPack,神圣橡树抽屉(1x2)
StorageDrawersBop:fullDrawers4,10820,true,StorageDrawersBop,com.jaquadro.minecraft.storagedrawers.block.pack.BlockDrawersPack,神圣橡树抽屉(2x2)
StorageDrawersBop:halfDrawers2,10821,true,StorageDrawersBop,com.jaquadro.minecraft.storagedrawers.block.pack.BlockDrawersPack,小型神圣橡树抽屉(1x2)
StorageDrawersBop:halfDrawers4,10822,true,StorageDrawersBop,com.jaquadro.minecraft.storagedrawers.block.pack.BlockDrawersPack,小型神圣橡树抽屉(2x2)
StorageDrawersBop:trim,10823,true,StorageDrawersBop,com.jaquadro.minecraft.storagedrawers.block.pack.BlockTrimPack,神圣橡树桥接方块
StorageDrawersForestry:fullDrawers1A,10824,true,StorageDrawersForestry,com.jaquadro.minecraft.storagedrawers.block.pack.BlockDrawersPack,落叶树抽屉
StorageDrawersForestry:fullDrawers1B,10825,true,StorageDrawersForestry,com.jaquadro.minecraft.storagedrawers.block.pack.BlockDrawersPack,高槿树抽屉
StorageDrawersForestry:fullDrawers2A,10826,true,StorageDrawersForestry,com.jaquadro.minecraft.storagedrawers.block.pack.BlockDrawersPack,落叶树抽屉(1x2)
StorageDrawersForestry:fullDrawers2B,10827,true,StorageDrawersForestry,com.jaquadro.minecraft.storagedrawers.block.pack.BlockDrawersPack,高槿树抽屉(1x2)
StorageDrawersForestry:fullDrawers4A,10828,true,StorageDrawersForestry,com.jaquadro.minecraft.storagedrawers.block.pack.BlockDrawersPack,落叶树抽屉(2x2)
StorageDrawersForestry:fullDrawers4B,10829,true,StorageDrawersForestry,com.jaquadro.minecraft.storagedrawers.block.pack.BlockDrawersPack,高槿树抽屉(2x2)
StorageDrawersForestry:halfDrawers2A,10830,true,StorageDrawersForestry,com.jaquadro.minecraft.storagedrawers.block.pack.BlockDrawersPack,小型落叶树抽屉(1x2)
StorageDrawersForestry:halfDrawers2B,10831,true,StorageDrawersForestry,com.jaquadro.minecraft.storagedrawers.block.pack.BlockDrawersPack,小型高槿树抽屉(1x2)
StorageDrawersForestry:halfDrawers4A,10832,true,StorageDrawersForestry,com.jaquadro.minecraft.storagedrawers.block.pack.BlockDrawersPack,小型落叶树抽屉(2x2)
StorageDrawersForestry:halfDrawers4B,10833,true,StorageDrawersForestry,com.jaquadro.minecraft.storagedrawers.block.pack.BlockDrawersPack,小型高槿树抽屉(2x2)
StorageDrawersForestry:trimA,10834,true,StorageDrawersForestry,com.jaquadro.minecraft.storagedrawers.block.pack.BlockTrimPack,落叶树桥接方块
StorageDrawersForestry:trimB,10835,true,StorageDrawersForestry,com.jaquadro.minecraft.storagedrawers.block.pack.BlockTrimPack,高槿树桥接方块
StorageDrawersMisc:fullDrawers1_0,10836,true,StorageDrawersMisc,com.jaquadro.minecraft.storagedrawers.block.pack.BlockDrawersPack,红木抽屉
StorageDrawersMisc:fullDrawers1_1,10837,true,StorageDrawersMisc,com.jaquadro.minecraft.storagedrawers.block.pack.BlockDrawersPack,黄色木抽屉
StorageDrawersMisc:fullDrawers2_0,10838,true,StorageDrawersMisc,com.jaquadro.minecraft.storagedrawers.block.pack.BlockDrawersPack,红木抽屉(1x2)
StorageDrawersMisc:fullDrawers2_1,10839,true,StorageDrawersMisc,com.jaquadro.minecraft.storagedrawers.block.pack.BlockDrawersPack,黄色木抽屉(1x2)
StorageDrawersMisc:fullDrawers4_0,10840,true,StorageDrawersMisc,com.jaquadro.minecraft.storagedrawers.block.pack.BlockDrawersPack,红木抽屉(2x2)
StorageDrawersMisc:fullDrawers4_1,10841,true,StorageDrawersMisc,com.jaquadro.minecraft.storagedrawers.block.pack.BlockDrawersPack,黄色木抽屉(2x2)
StorageDrawersMisc:halfDrawers2_0,10842,true,StorageDrawersMisc,com.jaquadro.minecraft.storagedrawers.block.pack.BlockDrawersPack,小型红木抽屉(1x2)
StorageDrawersMisc:halfDrawers2_1,10843,true,StorageDrawersMisc,com.jaquadro.minecraft.storagedrawers.block.pack.BlockDrawersPack,小型黄色木抽屉(1x2)
StorageDrawersMisc:halfDrawers4_0,10844,true,StorageDrawersMisc,com.jaquadro.minecraft.storagedrawers.block.pack.BlockDrawersPack,小型红木抽屉(2x2)
StorageDrawersMisc:halfDrawers4_1,10845,true,StorageDrawersMisc,com.jaquadro.minecraft.storagedrawers.block.pack.BlockDrawersPack,小型黄色木抽屉(2x2)
StorageDrawersMisc:trim_0,10846,true,StorageDrawersMisc,com.jaquadro.minecraft.storagedrawers.block.pack.BlockTrimPack,红木桥接方块
StorageDrawersMisc:trim_1,10847,true,StorageDrawersMisc,com.jaquadro.minecraft.storagedrawers.block.pack.BlockTrimPack,黄色木桥接方块
StorageDrawersNatura:fullDrawers1,10848,true,StorageDrawersNatura,com.jaquadro.minecraft.storagedrawers.block.pack.BlockDrawersPack,桉树抽屉
StorageDrawersNatura:fullDrawers2,10849,true,StorageDrawersNatura,com.jaquadro.minecraft.storagedrawers.block.pack.BlockDrawersPack,桉树抽屉(1x2)
StorageDrawersNatura:fullDrawers4,10850,true,StorageDrawersNatura,com.jaquadro.minecraft.storagedrawers.block.pack.BlockDrawersPack,桉树抽屉(2x2)
StorageDrawersNatura:halfDrawers2,10851,true,StorageDrawersNatura,com.jaquadro.minecraft.storagedrawers.block.pack.BlockDrawersPack,小型桉树抽屉(1x2)
StorageDrawersNatura:halfDrawers4,10852,true,StorageDrawersNatura,com.jaquadro.minecraft.storagedrawers.block.pack.BlockDrawersPack,小型桉树抽屉(2x2)
StorageDrawersNatura:trim,10853,true,StorageDrawersNatura,com.jaquadro.minecraft.storagedrawers.block.pack.BlockTrimPack,桉树桥接方块
ThaumicHorizons:synthNode,10871,true,ThaumicHorizons,com.kentington.thaumichorizons.common.blocks.BlockSyntheticNode,天域碎片
ThaumicHorizons:alchemite,10872,true,ThaumicHorizons,com.kentington.thaumichorizons.common.blocks.BlockAlchemite,炼金炸药
ThaumicHorizons:visDynamo,10873,true,ThaumicHorizons,com.kentington.thaumichorizons.common.blocks.BlockVisDynamo,Vis反应炉
ThaumicHorizons:essentiaDynamo,10874,true,ThaumicHorizons,com.kentington.thaumichorizons.common.blocks.BlockEssentiaDynamo,源质反应炉
ThaumicHorizons:nodeMonitor,10875,true,ThaumicHorizons,com.kentington.thaumichorizons.common.blocks.BlockNodeMonitor,节点透视之镜
ThaumicHorizons:soulSieve,10876,true,ThaumicHorizons,com.kentington.thaumichorizons.common.blocks.BlockSoulExtractor,灵魂滤网
ThaumicHorizons:inspiratron,10877,true,ThaumicHorizons,com.kentington.thaumichorizons.common.blocks.BlockInspiratron,摄魂之脑
ThaumicHorizons:soulforge,10878,true,ThaumicHorizons,com.kentington.thaumichorizons.common.blocks.BlockSoulforge,灵魂熔炼炉
ThaumicHorizons:soulJar,10879,true,ThaumicHorizons,com.kentington.thaumichorizons.common.blocks.BlockSoulJar,停滞罐子
ThaumicHorizons:bloodInfuser,10880,true,ThaumicHorizons,com.kentington.thaumichorizons.common.blocks.BlockBloodInfuser,血液转化器
ThaumicHorizons:vat,10881,true,ThaumicHorizons,com.kentington.thaumichorizons.common.blocks.BlockVat,治愈之缸
ThaumicHorizons:vatSolid,10882,true,ThaumicHorizons,com.kentington.thaumichorizons.common.blocks.BlockVatSolid,治愈之缸
ThaumicHorizons:vatInterior,10883,true,ThaumicHorizons,com.kentington.thaumichorizons.common.blocks.BlockVatInterior,缸内
ThaumicHorizons:soulBeacon,10884,true,ThaumicHorizons,com.kentington.thaumichorizons.common.blocks.BlockSoulBeacon,灵魂信标
ThaumicHorizons:modMatrix,10885,true,ThaumicHorizons,com.kentington.thaumichorizons.common.blocks.BlockModifiedMatrix,改版符文矩阵
ThaumicHorizons:chocolate,10886,true,ThaumicHorizons,com.kentington.thaumichorizons.common.blocks.BlockChocolate,巧克力块
ThaumicHorizons:evanescent,10887,true,ThaumicHorizons,com.kentington.thaumichorizons.common.blocks.BlockEvanescent,遗忘之
ThaumicHorizons:light,10888,true,ThaumicHorizons,com.kentington.thaumichorizons.common.blocks.BlockLight,光球
ThaumicHorizons:lightSolar,10889,true,ThaumicHorizons,com.kentington.thaumichorizons.common.blocks.BlockLightSolar,光球
ThaumicHorizons:transductionAmplifier,10890,true,ThaumicHorizons,com.kentington.thaumichorizons.common.blocks.BlockTransductionAmplifier,传导增幅器
ThaumicHorizons:recombinator,10891,true,ThaumicHorizons,com.kentington.thaumichorizons.common.blocks.BlockRecombinator,因果重组器
ThaumicHorizons:vortexStabilizer,10892,true,ThaumicHorizons,com.kentington.thaumichorizons.common.blocks.BlockVortexStabilizer,漩涡弱化设备
ThaumicHorizons:vortexTH,10893,true,ThaumicHorizons,com.kentington.thaumichorizons.common.blocks.BlockVortex,异界漩涡
ThaumicHorizons:voidTH,10894,true,ThaumicHorizons,com.kentington.thaumichorizons.common.blocks.BlockVoid,异界边境
ThaumicHorizons:cloudTH,10895,true,ThaumicHorizons,com.kentington.thaumichorizons.common.blocks.BlockCloud,云
ThaumicHorizons:cloudGlowingTH,10896,true,ThaumicHorizons,com.kentington.thaumichorizons.common.blocks.BlockCloud,云
ThaumicHorizons:brainTH,10897,true,ThaumicHorizons,com.kentington.thaumichorizons.common.blocks.BlockBrain,大脑团
ThaumicHorizons:dustTH,10898,true,ThaumicHorizons,com.kentington.thaumichorizons.common.blocks.BlockDust,尘埃
ThaumicHorizons:eyeTH,10899,true,ThaumicHorizons,com.kentington.thaumichorizons.common.blocks.BlockEyes,眼簇
ThaumicHorizons:boneTH,10900,true,ThaumicHorizons,com.kentington.thaumichorizons.common.blocks.BlockBone,骨头
ThaumicHorizons:fleshTH,10901,true,ThaumicHorizons,com.kentington.thaumichorizons.common.blocks.BlockFlesh,肉疙瘩
ThaumicHorizons:spikeTH,10902,true,ThaumicHorizons,com.kentington.thaumichorizons.common.blocks.BlockSpike,金属钉
ThaumicHorizons:spikeWoodTH,10903,true,ThaumicHorizons,com.kentington.thaumichorizons.common.blocks.BlockSpike,木钉
ThaumicHorizons:spikeToothTH,10904,true,ThaumicHorizons,com.kentington.thaumichorizons.common.blocks.BlockSpike,牙齿
ThaumicHorizons:crystalTH,10905,true,ThaumicHorizons,com.kentington.thaumichorizons.common.blocks.BlockCrystal,白色水晶
ThaumicHorizons:crystalDeep,10906,true,ThaumicHorizons,com.kentington.thaumichorizons.common.blocks.BlockCrystalDeep,深度水晶
ThaumicHorizons:leviathanTH,10907,true,ThaumicHorizons,com.kentington.thaumichorizons.common.blocks.BlockLeviathan,原始化石
ThaumicHorizons:slotTH,10908,true,ThaumicHorizons,com.kentington.thaumichorizons.common.blocks.BlockSlot,要石容器
ThaumicHorizons:portalTH,10909,true,ThaumicHorizons,com.kentington.thaumichorizons.common.blocks.BlockPortalTH,"未命名方块,请报告给作者."
ThaumicHorizons:gatewayTH,10910,true,ThaumicHorizons,com.kentington.thaumichorizons.common.blocks.BlockGatewayPortal,异界之门
thaumicinsurgence:tile.arcaneMarble,10956,true,thaumicinsurgence,thaumicinsurgence.block.BlockArcaneMarble,奥术大理石块
thaumicinsurgence:tile.arcaneMarbleBrick,10957,true,thaumicinsurgence,thaumicinsurgence.block.BlockArcaneMarbleBrick,奥术大理石砖
thaumicinsurgence:infusionIntercepter,10958,true,thaumicinsurgence,thaumicinsurgence.block.BlockInfusionIntercepter,注魔截流者
thaumicinsurgence:matrixAlpha,10959,true,thaumicinsurgence,thaumicinsurgence.block.BlockInfusionMatrixAlpha,奥术大理石祭坛
thaumicinsurgence:pillarAlpha,10960,true,thaumicinsurgence,thaumicinsurgence.block.BlockInfusionPillarAlpha,奥术大理石柱
thaumicinsurgence:marblePedestal,10961,true,thaumicinsurgence,thaumicinsurgence.block.BlockPedestalAlpha,大理石基座
ThaumicMachina:nodeTransmodifier,10968,true,ThaumicMachina,jcm2606.thaumicmachina.block.BlockNodeTransmodifier,节点传输调节器
ThaumicMachina:metaphysicalBrick,10969,true,ThaumicMachina,jcm2606.thaumicmachina.block.metaphysical.BlockMetaphysicalBrick,形而上学砖块
ThaumicMachina:metaphysicalRose,10970,true,ThaumicMachina,jcm2606.thaumicmachina.block.metaphysical.BlockMetaphysicalRose,形而上学玫瑰
tinkersdefense:Block_CrestMount,10974,true,tinkersdefense,gmail.Lance5057.blocks.CrestMount,纹章坐骑
tinkersdefense:Block_ArmorAnvil,10975,true,tinkersdefense,gmail.Lance5057.blocks.ArmorAnvil,护甲铁砧
tinkersdefense:Block_JewelersBench,10976,true,tinkersdefense,gmail.Lance5057.blocks.JewelersBench,珠宝商席
tinkersdefense:aeonsteelblock,10978,true,tinkersdefense,gmail.Lance5057.blocks.AeonSteelBlock,伊恩钢块
tinkersdefense:moltenaeonsteel,10979,true,tinkersdefense,gmail.Lance5057.liquids.moltenAeonsteelFluid,熔融伊恩钢
tinkersdefense:QueensGoldblock,10981,true,tinkersdefense,gmail.Lance5057.blocks.QueensGoldBlock,女王之金块
tinkersdefense:moltenQueensGold,10982,true,tinkersdefense,gmail.Lance5057.liquids.moltenQueensGoldFluid,熔融女王之金
tinkersdefense:Dogbeariumblock,10984,true,tinkersdefense,gmail.Lance5057.blocks.DogbeariumBlock,多格比合金块
tinkersdefense:moltenDogbearium,10985,true,tinkersdefense,gmail.Lance5057.liquids.moltenDogbeariumFluid,熔融多格比合金
TMechworks:RedstoneMachine,10990,true,TMechworks,tmechworks.blocks.RedstoneMachine,造桥器
TMechworks:Dynamo,10991,true,TMechworks,tmechworks.blocks.DynamoBlock,发电机
TMechworks:SignalBus,10992,true,TMechworks,tmechworks.blocks.SignalBus,信号总线
TMechworks:SignalTerminal,10993,true,TMechworks,tmechworks.blocks.SignalTerminal,信号终端
TMechworks:MeshFilter,10994,true,TMechworks,tmechworks.blocks.FilterBlock,无网滤清器
WarpTheory:blockVanish,10996,true,WarpTheory,shukaro.warptheory.block.BlockVanish,"未命名方块,请报告给作者."
WitchingGadgets:WG_WallMirror,11026,true,WitchingGadgets,witchinggadgets.common.blocks.BlockWallMirror,墙上的魔镜
WitchingGadgets:WG_VoidWalkway,11027,true,WitchingGadgets,witchinggadgets.common.blocks.BlockVoidWalkway,虚空走道
WitchingGadgets:WG_StoneDevice,11028,true,WitchingGadgets,witchinggadgets.common.blocks.BlockWGStoneDevice,虚无砖块
WitchingGadgets:WG_WoodenDevice,11029,true,WitchingGadgets,witchinggadgets.common.blocks.BlockWGWoodenDevice,纺车
WitchingGadgets:WG_MetalDevice,11030,true,WitchingGadgets,witchinggadgets.common.blocks.BlockWGMetalDevice,源质泵
WitchingGadgets:WG_RoseVine,11031,true,WitchingGadgets,witchinggadgets.common.blocks.BlockRoseVines,玫瑰藤
WitchingGadgets:WG_CustomAir,11032,true,WitchingGadgets,witchinggadgets.common.blocks.BlockModifiedAiry,微光
eyeofharmonybuffer:blockWindmill,11060,true,eyeofharmonybuffer,com.EyeOfHarmonyBuffer.common.Block.BlockWindmill,tile.blockWindmill.name
eyeofharmonybuffer:SingularityStabilizationRingCasings,11061,true,eyeofharmonybuffer,com.EyeOfHarmonyBuffer.common.Block.BlockClass.Casings.SingularityStabilizationRingCasings,奇点稳定环-LV
NHUtilities:ChaosDragonEgg,11085,true,NHUtilities,com.xir.NHUtilities.common.blocks.CustomDragonEgg,混沌龙蛋
NHUtilities:AncientDragonEgg,11086,true,NHUtilities,com.xir.NHUtilities.common.blocks.CustomDragonEgg,上古末影龙蛋
NHUtilities:LunchDispatcher,11087,true,NHUtilities,com.xir.NHUtilities.common.blocks.LunchDispatcher,午餐分配器(AE-Wireless)
NHUtilities:MetaBlock,11089,true,NHUtilities,com.xir.NHUtilities.common.blocks.metaBlockImpl.MetaBlock,block.MetaBlock.0.name
123Technology:tile.rockerrender,11107,true,123Technology,com.newmaa.othtech.common.blocks.oterender.BlockRocketRender,tile.rockerrender.name
123Technology:modelAyanami,11110,true,123Technology,com.newmaa.othtech.common.blocks.ModelAyanami,绫波丽
123Technology:modelAsuka,11111,true,123Technology,com.newmaa.othtech.common.blocks.ModelAsuka,明日香
123Technology:modelTallHat,11112,true,123Technology,com.newmaa.othtech.common.blocks.ModelTallHat,白色圣诞礼帽(Block)
123Technology:antimoniaGrassBlock,11113,true,123Technology,com.newmaa.othtech.common.blocks.antimonia.BlockAntimoniaGrass,锑草方块
123Technology:antimoniaDirtBlock,11114,true,123Technology,com.newmaa.othtech.common.blocks.antimonia.BlockAntimoniaDirt,锑土
123Technology:antimoniaStoneBlock,11115,true,123Technology,com.newmaa.othtech.common.blocks.antimonia.BlockAntimoniaStone,锑石
123Technology:aquaregiaoth,11116,true,123Technology,com.newmaa.othtech.common.blocks.fluids.FluidAquaRegia,王水
123Technology:LCL,11117,true,123Technology,com.newmaa.othtech.common.blocks.fluids.FluidLCL,LCL
programmablehatches:proghatches.proxy,11133,true,programmablehatches,reobf.proghatches.ae.BlockStorageProxy,ME存储代理(进阶)
programmablehatches:proghatches.iohub,11134,true,programmablehatches,reobf.proghatches.block.BlockIOHub,IO枢纽
programmablehatches:proghatches.chunk_loading_alert,11135,true,programmablehatches,reobf.proghatches.block.BlockAnchorAlert,警告锚(目前禁用)
programmablehatches:proghatches.submitter,11136,true,programmablehatches,reobf.proghatches.ae.BlockCyclicPatternSubmitter,循环样板提交器(WIP)
programmablehatches:proghatches.peripheral_station,11137,true,programmablehatches,reobf.proghatches.oc.TileWirelessPeripheralStation.Block,无线外设驱动站
programmablehatches:proghatches.card_reader,11138,true,programmablehatches,reobf.proghatches.oc.BlockCardReader,传感器卡片读卡器
programmablehatches:proghatches.reactor_syncer,11139,true,programmablehatches,reobf.proghatches.block.BlockReactorSyncer,反应堆更新同步器
programmablehatches:proghatches.craftingdumper.0,11150,true,programmablehatches,reobf.proghatches.ae.BlockCraftingCondenser,合成转储器
programmablehatches:proghatches.craftingdumper.1,11151,true,programmablehatches,reobf.proghatches.ae.BlockCraftingCondenser,4倍速合成转储器
programmablehatches:proghatches.craftingdumper.2,11152,true,programmablehatches,reobf.proghatches.ae.BlockCraftingCondenser,16倍速合成转储器
programmablehatches:proghatches.craftingdumper.3,11153,true,programmablehatches,reobf.proghatches.ae.BlockCraftingCondenser,64倍速合成转储器
programmablehatches:proghatches.craftingdumper.4,11154,true,programmablehatches,reobf.proghatches.ae.BlockCraftingCondenser,256倍速合成转储器
programmablehatches:proghatches.craftingdumper.5,11155,true,programmablehatches,reobf.proghatches.ae.BlockCraftingCondenser,1024倍速合成转储器
programmablehatches:proghatches.craftingdumper.6,11156,true,programmablehatches,reobf.proghatches.ae.BlockCraftingCondenser,4096倍速合成转储器
programmablehatches:proghatches.craftingdumper.7,11157,true,programmablehatches,reobf.proghatches.ae.BlockCraftingCondenser,16384倍速合成转储器
programmablehatches:proghatches.craftingdumper.8,11158,true,programmablehatches,reobf.proghatches.ae.BlockCraftingCondenser,超光速合成转储器
programmablehatches:circuit_interceptor,11160,true,programmablehatches,reobf.proghatches.ae.BlockStockingCircuitRequestInterceptor,CPU提取请求拦截器(编程器电路)
programmablehatches:autofillerMKII,11161,true,programmablehatches,reobf.proghatches.ae.BlockAutoFillerMKII,进阶流体自动装填机
programmablehatches:orbswitcher,11162,true,programmablehatches,reobf.proghatches.ae.BlockOrbSwitcher,催化剂物品切换器(WIP)
programmablehatches:proghatches.ma_iface,11163,true,programmablehatches,reobf.proghatches.ae.BlockMolecularAssemblerInterface,分子装配接口(WIP)
programmablehatches:request_tunnel,11165,true,programmablehatches,reobf.proghatches.ae.BlockRequestTunnel,合成请求隧道
Torcherino:torcherino,11167,true,Torcherino,com.czqwq.Torcherino.block.BlockTorcherino,加速火把
Torcherino:compressed_torcherino,11168,true,Torcherino,com.czqwq.Torcherino.block.BlockCompressedTorcherino,压缩加速火把
Torcherino:double_compressed_torcherino,11169,true,Torcherino,com.czqwq.Torcherino.block.BlockDoubleCompressedTorcherino,双重压缩加速火把
Torcherino:torcherino_classic,11170,true,Torcherino,com.czqwq.Torcherino.block.BlockTorcherinoClassic,加速火把(传统)
Torcherino:compressed_torcherino_classic,11171,true,Torcherino,com.czqwq.Torcherino.block.BlockCompressedTorcherinoClassic,压缩加速火把(传统)
Torcherino:double_compressed_torcherino_classic,11172,true,Torcherino,com.czqwq.Torcherino.block.BlockDoubleCompressedTorcherinoClassic,双重压缩加速火把(传统)
Torcherino:wireless_torcherino,11173,true,Torcherino,com.czqwq.Torcherino.block.BlockWirelessTorcherino,无线加速火把
Torcherino:compressed_wireless_torcherino,11174,true,Torcherino,com.czqwq.Torcherino.block.BlockCompressedWirelessTorcherino,压缩无线加速火把
Torcherino:double_compressed_wireless_torcherino,11175,true,Torcherino,com.czqwq.Torcherino.block.BlockDoubleCompressedWirelessTorcherino,双重压缩无线加速火把
TwistSpaceTechnology:tst.blockcasings.multi,11191,true,TwistSpaceTechnology,com.Nxer.TwistSpaceTechnology.common.block.meta.multiuse.BlockMultiUseCore,tst.blockcasings.multi.0.name
TwistSpaceTechnology:tile.LaserBeacon,11192,true,TwistSpaceTechnology,com.Nxer.TwistSpaceTechnology.common.block.BlockLaserBeacon,激光激发信标
TwistSpaceTechnology:MetaBlock01,11193,true,TwistSpaceTechnology,com.Nxer.TwistSpaceTechnology.common.block.meta.TstMetaBlock,测试方块
TwistSpaceTechnology:MetaBlockCasing01,11194,true,TwistSpaceTechnology,com.Nxer.TwistSpaceTechnology.common.block.meta.casing.TstMetaBlockCasing,Test Casing
TwistSpaceTechnology:MetaBlockCasing02,11195,true,TwistSpaceTechnology,com.Nxer.TwistSpaceTechnology.common.block.meta.casing.TstMetaBlockCasing,凝血机械方块
TwistSpaceTechnology:PhotonControllerUpgrades,11196,true,TwistSpaceTechnology,com.Nxer.TwistSpaceTechnology.common.block.meta.casing.PhotonControllerUpgradeCasing,光量子增幅器LV Tier
TwistSpaceTechnology:SpaceTimeOscillator,11197,true,TwistSpaceTechnology,com.Nxer.TwistSpaceTechnology.common.block.meta.casing.TstMetaBlockStructureCasing,时空振荡器T1
TwistSpaceTechnology:SpaceTimeConstraintor,11198,true,TwistSpaceTechnology,com.Nxer.TwistSpaceTechnology.common.block.meta.casing.TstMetaBlockStructureCasing,时空约束器T1
TwistSpaceTechnology:SpaceTimeMerger,11199,true,TwistSpaceTechnology,com.Nxer.TwistSpaceTechnology.common.block.meta.casing.TstMetaBlockStructureCasing,时空归并器T1
TwistSpaceTechnology:StabilisationFieldGenerator,11200,true,TwistSpaceTechnology,com.Nxer.TwistSpaceTechnology.common.block.meta.casing.TstMetaBlockStructureCasing,稳定力场发生器框架
TwistSpaceTechnology:EnergySustainmentMatrix,11201,true,TwistSpaceTechnology,com.Nxer.TwistSpaceTechnology.common.block.meta.casing.TstMetaBlockStructureCasing,能量维持矩阵框架
TwistSpaceTechnology:BlockArcaneHole,11202,true,TwistSpaceTechnology,com.Nxer.TwistSpaceTechnology.common.block.BlockArcaneHole,奥术裂隙
TwistSpaceTechnology:BlockPowerChair,11203,true,TwistSpaceTechnology,com.Nxer.TwistSpaceTechnology.common.block.BlockPowerChair,抛瓦椅
TwistSpaceTechnology:tst.star,11204,true,TwistSpaceTechnology,com.Nxer.TwistSpaceTechnology.common.block.BlockStar,tile.tst.star.name
TwistSpaceTechnology:tst.eyeofwoodrender,11205,true,TwistSpaceTechnology,com.Nxer.TwistSpaceTechnology.common.block.BlockEyeOfWoodRender,tile.tst.eyeofwoodrender.name
TwistSpaceTechnology:tst.largesolarboilerrender,11206,true,TwistSpaceTechnology,com.Nxer.TwistSpaceTechnology.common.block.BlockLargeSolarBoilerRender,tile.tst.largesolarboilerrender.name
TwistSpaceTechnology:TimeBendingSpeedRune,11207,true,TwistSpaceTechnology,com.Nxer.TwistSpaceTechnology.common.block.bloodMagic.BlockTimeBendingSpeedRune,时间扭曲速度符文
betterquesting:submit_station,11225,true,betterquesting,betterquesting.blocks.BlockSubmitStation,提交站(OSS)
betterquesting:observation_station,11226,true,betterquesting,betterquesting.blocks.BlockObservationStation,观测站(OOS)
dreamcraft:BabyChest,11233,true,dreamcraft,com.dreammaster.modbabychest.BlockBabyChest,微型箱
cb4bq:BlockDLB,11236,true,cb4bq,lokko12.CB4BQ.BlockDLB,默认加载方块
cb4bq:BlockHSB,11237,true,cb4bq,lokko12.CB4BQ.BlockHSB,极限模式开关
cb4bq:BlockREB,11238,true,cb4bq,lokko12.CB4BQ.BlockREB,重置任务方块
Translocator:translocator,11295,true,Translocator,codechicken.translocator.BlockTranslocator,物品转运器
Translocator:craftingGrid,11296,true,Translocator,codechicken.translocator.BlockCraftingGrid,合成格
EnderStorage:enderChest,11297,true,EnderStorage,codechicken.enderstorage.common.BlockEnderStorage,高级末影箱子
cookingforblockheads:cookingtable,11311,true,cookingforblockheads,net.blay09.mods.cookingforblockheads.block.BlockCookingTable,烹饪桌
cookingforblockheads:cookingoven,11312,true,cookingforblockheads,net.blay09.mods.cookingforblockheads.block.BlockOven,烤箱
cookingforblockheads:counter,11313,true,cookingforblockheads,net.blay09.mods.cookingforblockheads.block.BlockCounter,厨柜
cookingforblockheads:countercorner,11314,true,cookingforblockheads,net.blay09.mods.cookingforblockheads.block.BlockCounterCorner,厨柜转角
cookingforblockheads:cabinet,11315,true,cookingforblockheads,net.blay09.mods.cookingforblockheads.block.BlockCabinet,储藏柜
cookingforblockheads:cabinetcorner,11316,true,cookingforblockheads,net.blay09.mods.cookingforblockheads.block.BlockCabinetCorner,储藏柜转角
cookingforblockheads:fridge,11317,true,cookingforblockheads,net.blay09.mods.cookingforblockheads.block.BlockFridge,冰箱
cookingforblockheads:white_kitchen_floor,11318,true,cookingforblockheads,net.blay09.mods.cookingforblockheads.block.BlockKitchenFloor,白色厨房地板
cookingforblockheads:orange_kitchen_floor,11319,true,cookingforblockheads,net.blay09.mods.cookingforblockheads.block.BlockKitchenFloor,橙色厨房地板
cookingforblockheads:magenta_kitchen_floor,11320,true,cookingforblockheads,net.blay09.mods.cookingforblockheads.block.BlockKitchenFloor,品红厨房地板
cookingforblockheads:light_blue_kitchen_floor,11321,true,cookingforblockheads,net.blay09.mods.cookingforblockheads.block.BlockKitchenFloor,淡蓝厨房地板
cookingforblockheads:yellow_kitchen_floor,11322,true,cookingforblockheads,net.blay09.mods.cookingforblockheads.block.BlockKitchenFloor,黄色厨房地板
cookingforblockheads:lime_kitchen_floor,11323,true,cookingforblockheads,net.blay09.mods.cookingforblockheads.block.BlockKitchenFloor,黄绿厨房地板
cookingforblockheads:pink_kitchen_floor,11324,true,cookingforblockheads,net.blay09.mods.cookingforblockheads.block.BlockKitchenFloor,粉色厨房地板
cookingforblockheads:gray_kitchen_floor,11325,true,cookingforblockheads,net.blay09.mods.cookingforblockheads.block.BlockKitchenFloor,灰色厨房地板
cookingforblockheads:light_gray_kitchen_floor,11326,true,cookingforblockheads,net.blay09.mods.cookingforblockheads.block.BlockKitchenFloor,淡灰厨房地板
cookingforblockheads:cyan_kitchen_floor,11327,true,cookingforblockheads,net.blay09.mods.cookingforblockheads.block.BlockKitchenFloor,青色厨房地板
cookingforblockheads:purple_kitchen_floor,11328,true,cookingforblockheads,net.blay09.mods.cookingforblockheads.block.BlockKitchenFloor,紫色厨房地板
cookingforblockheads:blue_kitchen_floor,11329,true,cookingforblockheads,net.blay09.mods.cookingforblockheads.block.BlockKitchenFloor,蓝色厨房地板
cookingforblockheads:brown_kitchen_floor,11330,true,cookingforblockheads,net.blay09.mods.cookingforblockheads.block.BlockKitchenFloor,棕色厨房地板
cookingforblockheads:green_kitchen_floor,11331,true,cookingforblockheads,net.blay09.mods.cookingforblockheads.block.BlockKitchenFloor,绿色厨房地板
cookingforblockheads:red_kitchen_floor,11332,true,cookingforblockheads,net.blay09.mods.cookingforblockheads.block.BlockKitchenFloor,红色厨房地板
cookingforblockheads:black_kitchen_floor,11333,true,cookingforblockheads,net.blay09.mods.cookingforblockheads.block.BlockKitchenFloor,黑色厨房地板
cookingforblockheads:sink,11334,true,cookingforblockheads,net.blay09.mods.cookingforblockheads.block.BlockSink,水槽
cookingforblockheads:toolrack,11335,true,cookingforblockheads,net.blay09.mods.cookingforblockheads.block.BlockToolRack,厨具架
cookingforblockheads:toaster,11336,true,cookingforblockheads,net.blay09.mods.cookingforblockheads.block.BlockToaster,吐司机
gtneioreplugin:blockDimensionDisplay_Ow,11337,true,gtneioreplugin,gtneioreplugin.plugin.block.BlockDimensionDisplay,主世界
gtneioreplugin:blockDimensionDisplay_Ne,11338,true,gtneioreplugin,gtneioreplugin.plugin.block.BlockDimensionDisplay,下界
gtneioreplugin:blockDimensionDisplay_TF,11339,true,gtneioreplugin,gtneioreplugin.plugin.block.BlockDimensionDisplay,暮色森林
gtneioreplugin:blockDimensionDisplay_ED,11340,true,gtneioreplugin,gtneioreplugin.plugin.block.BlockDimensionDisplay,末地
gtneioreplugin:blockDimensionDisplay_EA,11341,true,gtneioreplugin,gtneioreplugin.plugin.block.BlockDimensionDisplay,末地小行星
gtneioreplugin:blockDimensionDisplay_Eg,11342,true,gtneioreplugin,gtneioreplugin.plugin.block.BlockDimensionDisplay,废土世界
gtneioreplugin:blockDimensionDisplay_Mo,11343,true,gtneioreplugin,gtneioreplugin.plugin.block.BlockDimensionDisplay,月球
gtneioreplugin:blockDimensionDisplay_De,11344,true,gtneioreplugin,gtneioreplugin.plugin.block.BlockDimensionDisplay,火卫二
gtneioreplugin:blockDimensionDisplay_Ma,11345,true,gtneioreplugin,gtneioreplugin.plugin.block.BlockDimensionDisplay,火星
gtneioreplugin:blockDimensionDisplay_Ph,11346,true,gtneioreplugin,gtneioreplugin.plugin.block.BlockDimensionDisplay,火卫一
gtneioreplugin:blockDimensionDisplay_As,11347,true,gtneioreplugin,gtneioreplugin.plugin.block.BlockDimensionDisplay,小行星
gtneioreplugin:blockDimensionDisplay_Ca,11348,true,gtneioreplugin,gtneioreplugin.plugin.block.BlockDimensionDisplay,木卫四
gtneioreplugin:blockDimensionDisplay_Ce,11349,true,gtneioreplugin,gtneioreplugin.plugin.block.BlockDimensionDisplay,谷神星
gtneioreplugin:blockDimensionDisplay_Eu,11350,true,gtneioreplugin,gtneioreplugin.plugin.block.BlockDimensionDisplay,木卫二
gtneioreplugin:blockDimensionDisplay_Ga,11351,true,gtneioreplugin,gtneioreplugin.plugin.block.BlockDimensionDisplay,木卫三
gtneioreplugin:blockDimensionDisplay_Rb,11352,true,gtneioreplugin,gtneioreplugin.plugin.block.BlockDimensionDisplay,罗斯128b
gtneioreplugin:blockDimensionDisplay_Io,11353,true,gtneioreplugin,gtneioreplugin.plugin.block.BlockDimensionDisplay,木卫一
gtneioreplugin:blockDimensionDisplay_Me,11354,true,gtneioreplugin,gtneioreplugin.plugin.block.BlockDimensionDisplay,水星
gtneioreplugin:blockDimensionDisplay_Ve,11355,true,gtneioreplugin,gtneioreplugin.plugin.block.BlockDimensionDisplay,金星
gtneioreplugin:blockDimensionDisplay_En,11356,true,gtneioreplugin,gtneioreplugin.plugin.block.BlockDimensionDisplay,土卫二
gtneioreplugin:blockDimensionDisplay_Mi,11357,true,gtneioreplugin,gtneioreplugin.plugin.block.BlockDimensionDisplay,天卫五
gtneioreplugin:blockDimensionDisplay_Ob,11358,true,gtneioreplugin,gtneioreplugin.plugin.block.BlockDimensionDisplay,天卫四
gtneioreplugin:blockDimensionDisplay_Ti,11359,true,gtneioreplugin,gtneioreplugin.plugin.block.BlockDimensionDisplay,土卫六
gtneioreplugin:blockDimensionDisplay_Ra,11360,true,gtneioreplugin,gtneioreplugin.plugin.block.BlockDimensionDisplay,罗斯128ba
gtneioreplugin:blockDimensionDisplay_Pr,11361,true,gtneioreplugin,gtneioreplugin.plugin.block.BlockDimensionDisplay,海卫八
gtneioreplugin:blockDimensionDisplay_Tr,11362,true,gtneioreplugin,gtneioreplugin.plugin.block.BlockDimensionDisplay,海卫一
gtneioreplugin:blockDimensionDisplay_Ha,11363,true,gtneioreplugin,gtneioreplugin.plugin.block.BlockDimensionDisplay,妊神星
gtneioreplugin:blockDimensionDisplay_KB,11364,true,gtneioreplugin,gtneioreplugin.plugin.block.BlockDimensionDisplay,柯伊伯带
gtneioreplugin:blockDimensionDisplay_MM,11365,true,gtneioreplugin,gtneioreplugin.plugin.block.BlockDimensionDisplay,鸟神星
gtneioreplugin:blockDimensionDisplay_Pl,11366,true,gtneioreplugin,gtneioreplugin.plugin.block.BlockDimensionDisplay,冥王星
gtneioreplugin:blockDimensionDisplay_BC,11367,true,gtneioreplugin,gtneioreplugin.plugin.block.BlockDimensionDisplay,巴纳德C
gtneioreplugin:blockDimensionDisplay_BE,11368,true,gtneioreplugin,gtneioreplugin.plugin.block.BlockDimensionDisplay,巴纳德E
gtneioreplugin:blockDimensionDisplay_BF,11369,true,gtneioreplugin,gtneioreplugin.plugin.block.BlockDimensionDisplay,巴纳德F
gtneioreplugin:blockDimensionDisplay_CB,11370,true,gtneioreplugin,gtneioreplugin.plugin.block.BlockDimensionDisplay,半人马Bb
gtneioreplugin:blockDimensionDisplay_TE,11371,true,gtneioreplugin,gtneioreplugin.plugin.block.BlockDimensionDisplay,鲸鱼座T星E
gtneioreplugin:blockDimensionDisplay_VB,11372,true,gtneioreplugin,gtneioreplugin.plugin.block.BlockDimensionDisplay,织女一B
gtneioreplugin:blockDimensionDisplay_An,11373,true,gtneioreplugin,gtneioreplugin.plugin.block.BlockDimensionDisplay,阿努比斯
gtneioreplugin:blockDimensionDisplay_Ho,11374,true,gtneioreplugin,gtneioreplugin.plugin.block.BlockDimensionDisplay,荷鲁斯
gtneioreplugin:blockDimensionDisplay_Mh,11375,true,gtneioreplugin,gtneioreplugin.plugin.block.BlockDimensionDisplay,马赫斯
gtneioreplugin:blockDimensionDisplay_MB,11376,true,gtneioreplugin,gtneioreplugin.plugin.block.BlockDimensionDisplay,迈罕带
gtneioreplugin:blockDimensionDisplay_Np,11377,true,gtneioreplugin,gtneioreplugin.plugin.block.BlockDimensionDisplay,奈佩里
gtneioreplugin:blockDimensionDisplay_Se,11378,true,gtneioreplugin,gtneioreplugin.plugin.block.BlockDimensionDisplay,赛特
gtneioreplugin:blockDimensionDisplay_DD,11379,true,gtneioreplugin,gtneioreplugin.plugin.block.BlockDimensionDisplay,T10: 漆黑世界
ProjRed|Illumination:projectred.illumination.lamp,11390,true,ProjRed|Illumination,mrtjp.projectred.illumination.BlockLamp,白色灯
ProjRed|Illumination:projectred.illumination.airousLight,11391,true,ProjRed|Illumination,mrtjp.projectred.illumination.BlockAirousLight,含金灯
bartworks:coloredFluidBlock,11392,true,bartworks,bartworks.common.blocks.BlockBioFluid,生物流质方块
bartworks:bw.blockores.01,11407,true,bartworks,bartworks.system.material.BWMetaGeneratedOres,NULL矿石
bartworks:bw.blockores.natural.01,11408,true,bartworks,bartworks.system.material.BWMetaGeneratedOres,NULL矿石
bartworks:bw.blockores.02,11409,true,bartworks,bartworks.system.material.BWMetaGeneratedOres,贫瘠NULL矿石
bartworks:bw.blockores.natural.02,11410,true,bartworks,bartworks.system.material.BWMetaGeneratedOres,贫瘠NULL矿石
bartworks:bw.blockores.03,11411,true,bartworks,bartworks.system.material.BWMetaGeneratedOres,NULL矿石
bartworks:bw.blockores.natural.03,11412,true,bartworks,bartworks.system.material.BWMetaGeneratedOres,NULL矿石
bartworks:bw.blockores.04,11413,true,bartworks,bartworks.system.material.BWMetaGeneratedOres,贫瘠NULL矿石
bartworks:bw.blockores.natural.04,11414,true,bartworks,bartworks.system.material.BWMetaGeneratedOres,贫瘠NULL矿石
bartworks:bw.werkstoffblocks.01,11415,true,bartworks,bartworks.system.material.BWMetaGeneratedWerkstoffBlocks,_NULL块
bartworks:bw.werkstoffblockscasing.01,11416,true,bartworks,bartworks.system.material.BWMetaGeneratedBlocksCasing,_NULL机械方块
bartworks:bw.werkstoffblockscasingadvanced.01,11417,true,bartworks,bartworks.system.material.BWMetaGeneratedBlocksCasing,强化_NULL机械方块
bartworks:BW_FakeGlasBlock,11450,true,bartworks,bartworks.common.blocks.BWBlocksGlass,硼玻璃方块
bartworks:BW_FakeGlasBlocks2,11451,true,bartworks,bartworks.common.blocks.BWBlocksGlass2,硼玻璃方块
bartworks:BW_Machinery_Casings,11452,true,bartworks,bartworks.common.blocks.BWBlocks,镍锌铁氧体块
bartworks:BWRotorBlock,11458,true,bartworks,bartworks.common.blocks.BWMachineBlockContainer,原始动力轴箱
bartworks:BWHeatedWaterPumpBlock,11459,true,bartworks,bartworks.common.blocks.BWTileEntityContainer,简易斯特林水泵
bartworks:BW_ItemBlocks,11462,true,bartworks,bartworks.common.blocks.BWBlocks,刻蚀青金石单元
bartworks:GT_LESU_CASING,11463,true,bartworks,bartworks.common.blocks.BWBlocks,LESU机械方块
IC2NuclearControl:blockNuclearControlMain,11471,true,IC2NuclearControl,shedar.mods.ic2.nuclearcontrol.blocks.BlockNuclearControlMain,温度监控器
IC2NuclearControl:blockNuclearControlLight,11472,true,IC2NuclearControl,shedar.mods.ic2.nuclearcontrol.blocks.BlockNuclearControlLight,白色灯
IC2NuclearControl:networkLink,11489,true,IC2NuclearControl,shedar.mods.ic2.nuclearcontrol.crossmod.appeng.BlockNetworkLink,ME网络监视器
miscutils:miscutils.blockcasings,11495,true,miscutils,gtPlusPlus.xmod.gregtech.common.blocks.GregtechMetaCasingBlocks,离心机机械方块
miscutils:gtplusplus.blockcasings.2,11496,true,miscutils,gtPlusPlus.xmod.gregtech.common.blocks.GregtechMetaCasingBlocks2,热处理机械方块
miscutils:gtplusplus.blockcasings.3,11497,true,miscutils,gtPlusPlus.xmod.gregtech.common.blocks.GregtechMetaCasingBlocks3,水产机械方块
miscutils:gtplusplus.blockcasings.4,11498,true,miscutils,gtPlusPlus.xmod.gregtech.common.blocks.GregtechMetaCasingBlocks4,gtplusplus.blockcasings.4.0.name
miscutils:gtplusplus.blockcasings.5,11499,true,miscutils,gtPlusPlus.xmod.gregtech.common.blocks.GregtechMetaCasingBlocks5,艾萨研磨机外围机械方块
miscutils:gtplusplus.blockcasings.6,11500,true,miscutils,gtPlusPlus.xmod.gregtech.common.blocks.GregtechMetaCasingBlocks6,聚变机械方块MK IV
miscutils:gtplusplus.blocktieredcasings.1,11501,true,miscutils,gtPlusPlus.xmod.gregtech.common.blocks.GregtechMetaTieredCasingBlocks1,基本外壳 I
miscutils:gtplusplus.blockspecialcasings.1,11502,true,miscutils,gtPlusPlus.xmod.gregtech.common.blocks.GregtechMetaSpecialMultiCasings,涡轮轴方块
miscutils:gtplusplus.blockspecialcasings.3,11503,true,miscutils,gtPlusPlus.xmod.gregtech.common.blocks.GregtechMetaSpecialMultiCasings2,谐振机械方块 I
miscutils:gtplusplus.blockspecialcasings.2,11504,true,miscutils,gtPlusPlus.xmod.gregtech.common.blocks.GregtechMetaSpecialMachineCasings,强化青铜机械方块
miscutils:gtplusplus.blockcasings.pipesgears,11505,true,miscutils,gtPlusPlus.xmod.gregtech.common.blocks.GregtechMetaCasingBlocksPipeGearbox,埃格林钢齿轮箱机械方块
FloodLights:electricFloodlight,11507,true,FloodLights,de.keridos.floodlights.block.BlockElectricFloodlight,电力泛光灯
FloodLights:carbonFloodlight,11508,true,FloodLights,de.keridos.floodlights.block.BlockCarbonFloodlight,节能泛光灯
FloodLights:tilePhantomLight,11509,true,FloodLights,de.keridos.floodlights.block.BlockPhantomLight,幻影灯
FloodLights:smallElectricFloodlightMetaBlock,11510,true,FloodLights,de.keridos.floodlights.block.BlockSmallElectricFloodlight,小型荧光灯
FloodLights:uvFloodlight,11511,true,FloodLights,de.keridos.floodlights.block.BlockUVLight,紫外线泛光灯
FloodLights:tileUVLight,11512,true,FloodLights,de.keridos.floodlights.block.BlockUVLightBlock,紫外线灯
FloodLights:growLight,11513,true,FloodLights,de.keridos.floodlights.block.BlockGrowLight,催生灯
gtnhintergalactic:spaceelevatorcable,11524,true,gtnhintergalactic,gtnhintergalactic.block.BlockSpaceElevatorCable,太空电梯线缆
gtnhintergalactic:gt.blockcasingsSE,11525,true,gtnhintergalactic,gtnhintergalactic.block.BlockCasingSpaceElevator,太空电梯基座机械方块
gtnhintergalactic:gt.blockcasingsSEMotor,11526,true,gtnhintergalactic,gtnhintergalactic.block.BlockCasingSpaceElevatorMotor,太空电梯加速轨道MK-I
gtnhintergalactic:dysonswarmparts,11527,true,gtnhintergalactic,gtnhintergalactic.block.BlockCasingDysonSwarm,戴森云控制能量接收基座机械方块
gtnhintergalactic:gassiphoncasing,11528,true,gtnhintergalactic,gtnhintergalactic.block.BlockCasingGasSiphon,行星虹吸机械方块
littletiles:LTColoredBlock,11537,true,littletiles,com.creativemd.littletiles.common.blocks.BlockLTColored,可染色方块（清澈）
littletiles:BlockLittleTiles,11538,true,littletiles,com.creativemd.littletiles.common.blocks.BlockTile,小瓷砖
openglasses:openglassesterminal,11540,true,openglasses,com.bymarcin.openglasses.block.OpenGlassesTerminalBlock,眼镜终端
ProjRed|Exploration:projectred.exploration.ore,11545,true,ProjRed|Exploration,mrtjp.projectred.exploration.BlockOre,红宝石矿石
ProjRed|Exploration:projectred.exploration.stone,11546,true,ProjRed|Exploration,mrtjp.projectred.exploration.BlockDecoratives,大理石
ProjRed|Exploration:projectred.exploration.stonewalls,11547,true,ProjRed|Exploration,mrtjp.projectred.exploration.BlockDecorativeWalls,大理石墙壁
ProjRed|Exploration:projectred.exploration.lily,11548,true,ProjRed|Exploration,mrtjp.projectred.exploration.BlockLily,百合花
ProjRed|Exploration:projectred.exploration.barrel,11550,true,ProjRed|Exploration,mrtjp.projectred.exploration.BlockBarrel,物品储存桶
ProjRed|Expansion:projectred.expansion.machine1,11600,true,ProjRed|Expansion,mrtjp.projectred.expansion.BlockMachine,感应炉
ProjRed|Expansion:projectred.expansion.machine2,11601,true,ProjRed|Expansion,mrtjp.projectred.expansion.BlockMachine,方块破坏机
ProjRed|Fabrication:projectred.integration.icblock,11603,true,ProjRed|Fabrication,mrtjp.projectred.fabrication.BlockICMachine,IC工作台
vendingmachine:casing,11607,true,vendingmachine,com.cubefury.vendingmachine.blocks.VendingMachineCasing,自动售货机机械方块
Avaritia:infinitato,11635,true,Avaritia,fox.spiteful.avaritia.compat.botania.BlockInfinitato,无尽小土豆
appliedcooking:kitchen_station,11667,true,appliedcooking,com.asdflj.appliedcooking.common.block.BlockKitchenStation,厨房站
gtswn:NetworkQuantumNode_GTswn,11674,true,gtswn,com.miaokatze.gtswn.common.block.BlockNetworkQuantumNode,ME网络量子节点
Torcherino:compressed_decelerate_torcherino,11676,true,Torcherino,com.czqwq.Torcherino.block.BlockCompressedDecelerateTorcherino,压缩减速火把
Torcherino:double_compressed_decelerate_torcherino,11677,true,Torcherino,com.czqwq.Torcherino.block.BlockDoubleCompressedDecelerateTorcherino,双重压缩减速火把
Torcherino:decelerate_torcherino,11678,true,Torcherino,com.czqwq.Torcherino.block.BlockDecelerateTorcherino,减速火把
ae2_qof:wireless_transceiver,11681,true,ae2_qof,com.wztwzt.ae2_qof.wireless.BlockWirelessTransceiver,AE 无线收发器
ae2_qof:ex_io_port,11682,true,ae2_qof,com.wztwzt.ae2_qof.block.BlockExIOPort,强化 IO 端口
ae_wireless_nexus:wireless_connector,11685,true,ae_wireless_nexus,cn.dancingsnow.ae_wireless_nexus.block.BlockWirelessConnector,ME无线连接器
ae_wireless_nexus:wireless_controller,11686,true,ae_wireless_nexus,cn.dancingsnow.ae_wireless_nexus.block.BlockWirelessController,ME无线网络控制器
ae2_qof:merged_terminal,11687,true,ae2_qof,com.wztwzt.ae2_qof.merged.BlockMergedTerminal,样板与接口终端
ae2_qof:quest_detector,11690,true,ae2_qof,com.wztwzt.ae2_qof.block.BlockQuestDetector,ME 任务检测器
