Fluid,Amount,Empty Container,Empty Container Display Name,Empty Container Item,Filled Container,Filled Container Display Name,Filled Container Item
"1,1dimethylhydrazine",1000,1xic2.itemCellEmpty@0,空单元,IC2:itemCellEmpty,1xgt.metaitem.01@30654,偏二甲肼单元,gregtech:gt.metaitem.01
"1,3dimethylbenzene",1000,1xic2.itemCellEmpty@0,空单元,IC2:itemCellEmpty,1xgt.metaitem.01@30763,间二甲苯单元,gregtech:gt.metaitem.01
"1,4-butanediol",1000,1xic2.itemCellEmpty@0,空单元,IC2:itemCellEmpty,1xgt.bwMetaGeneratedcell@11301,"1,4-丁二醇单元",bartworks:gt.bwMetaGeneratedcell
"1,4dimethylbenzene",1000,1xic2.itemCellEmpty@0,空单元,IC2:itemCellEmpty,1xgt.metaitem.01@30762,对二甲苯单元,gregtech:gt.metaitem.01
2-ethyl-1-hexanol,1000,1xic2.itemCellEmpty@0,空单元,IC2:itemCellEmpty,1xgt.bwMetaGeneratedcell@10059,2-乙基己醇单元,bartworks:gt.bwMetaGeneratedcell
2nitrochlorobenzene,1000,1xic2.itemCellEmpty@0,空单元,IC2:itemCellEmpty,1xgt.metaitem.01@30592,2-硝基氯苯单元,gregtech:gt.metaitem.01
"3,3diaminobenzidine",1000,1xic2.itemCellEmpty@0,空单元,IC2:itemCellEmpty,1xgt.metaitem.01@30597,"3,3'-二氨基联苯胺单元",gregtech:gt.metaitem.01
"3,3dichlorobenzidine",1000,1xic2.itemCellEmpty@0,空单元,IC2:itemCellEmpty,1xgt.metaitem.01@30596,"3,3'-二氯联苯胺单元",gregtech:gt.metaitem.01
4nitroaniline,1000,1xic2.itemCellEmpty@0,空单元,IC2:itemCellEmpty,1xgt.metaitem.01@30780,4-硝基苯胺单元,gregtech:gt.metaitem.01
a.l.s,1000,1xic2.itemCellEmpty@0,空单元,IC2:itemCellEmpty,1xgt.bwMetaGeneratedcell@12307,A.L.S单元,bartworks:gt.bwMetaGeneratedcell
acetaldehyde,1000,1xic2.itemCellEmpty@0,空单元,IC2:itemCellEmpty,1xgt.metaitem.01@30786,乙醛单元,gregtech:gt.metaitem.01
aceticacid,1000,1xic2.itemCellEmpty@0,空单元,IC2:itemCellEmpty,1xgt.metaitem.01@30670,乙酸单元,gregtech:gt.metaitem.01
acetone,1000,1xic2.itemCellEmpty@0,空单元,IC2:itemCellEmpty,1xgt.metaitem.01@30672,丙酮单元,gregtech:gt.metaitem.01
acetylene,1000,1xic2.itemCellEmpty@0,空单元,IC2:itemCellEmpty,1xgt.metaitem.01@30781,乙炔单元,gregtech:gt.metaitem.01
acid,1000,1xitem.misc@8,玻璃罐,Genetics:misc,1xitem.containerCylinder@64,酸液玻璃罐,BinnieCore:containerCylinder
acid,2000,1xitem.capsule.magic@0,空魔力胶囊,MagicBees:capsule.magic,1xitem.capsule.magic@12,酸魔力胶囊,MagicBees:capsule.magic
acid,1000,1xitem.glassBottle@0,玻璃瓶,minecraft:glass_bottle,1xitem.containerGlass@64,酸液瓶,BinnieCore:containerGlass
acid,8000,1xitem.capsule.void@0,空虚空胶囊,MagicBees:capsule.void,1xitem.capsule.void@12,酸虚空胶囊,MagicBees:capsule.void
acid,1000,1xitem.bucket@0,铁桶,minecraft:bucket,1xitem.containerBucket@64,酸液桶,BinnieCore:containerBucket
acid,1000,1xitem.for.refractoryEmpty@0,耐火胶囊,Forestry:refractoryEmpty,1xitem.containerRefractory@64,酸液耐火胶囊,BinnieCore:containerRefractory
acid,1000,1xitem.for.waxCapsule@0,蜂蜡胶囊,Forestry:waxCapsule,1xitem.containerCapsule@64,酸液胶囊,BinnieCore:containerCapsule
acid,1000,1xitem.for.canEmpty@0,罐,Forestry:canEmpty,1xitem.containerCan@64,酸液胶囊,BinnieCore:containerCan
acid naquadah emulsion,1000,1xic2.itemCellEmpty@0,空单元,IC2:itemCellEmpty,1xgt.bwMetaGeneratedcell@10036,酸性硅岩乳液单元,bartworks:gt.bwMetaGeneratedcell
acidic iridium solution,1000,1xic2.itemCellEmpty@0,空单元,IC2:itemCellEmpty,1xgt.bwMetaGeneratedcell@75,酸性铱溶液单元,bartworks:gt.bwMetaGeneratedcell
acidic osmium solution,1000,1xic2.itemCellEmpty@0,空单元,IC2:itemCellEmpty,1xgt.bwMetaGeneratedcell@72,酸性锇溶液单元,bartworks:gt.bwMetaGeneratedcell
activatednetherite,1000,1xic2.itemCellEmpty@0,空单元,IC2:itemCellEmpty,1xgt.metaitem.01@30133,活性下界合金单元,gregtech:gt.metaitem.01
activatedwastewater,1000,1xic2.itemCellEmpty@0,空单元,IC2:itemCellEmpty,1xgt.metaitem.01@30187,活性废液单元,gregtech:gt.metaitem.01
advancedglue,1000,1xic2.itemCellEmpty@0,空单元,IC2:itemCellEmpty,1xgt.metaitem.01@30567,高级胶水单元,gregtech:gt.metaitem.01
agitatingslurry,1000,1xic2.itemCellEmpty@0,空单元,IC2:itemCellEmpty,1xgt.metaitem.01@30184,搅拌泥浆单元,gregtech:gt.metaitem.01
air,2000,1xic2.itemCellEmpty@0,空单元,IC2:itemCellEmpty,1xic2.itemCellEmpty@5,压缩空气单元,IC2:itemCellEmpty
allylchloride,1000,1xic2.itemCellEmpty@0,空单元,IC2:itemCellEmpty,1xgt.metaitem.01@30682,烯丙基氯单元,gregtech:gt.metaitem.01
aluminum.molten,1000,1xitem.bucket@0,铁桶,minecraft:bucket,1xitem.tconstruct.bucket@4,桶装熔融铝,TConstruct:buckets
aluminum.molten,1000,1xitem.iguana.tcon.clayBucketFired@0,黏土桶(烤制),IguanaTweaksTConstruct:clayBucketFired,1xitem.iguana.tcon.clayBucket@4,黏土桶(熔融铝),IguanaTweaksTConstruct:clayBucketsTinkers
aluminumbrass.molten,1000,1xitem.bucket@0,铁桶,minecraft:bucket,1xitem.tconstruct.bucket@8,桶装熔融铝黄铜,TConstruct:buckets
aluminumbrass.molten,1000,1xitem.iguana.tcon.clayBucketFired@0,黏土桶(烤制),IguanaTweaksTConstruct:clayBucketFired,1xitem.iguana.tcon.clayBucket@8,黏土桶(熔融黄铜),IguanaTweaksTConstruct:clayBucketsTinkers
alumite.molten,1000,1xitem.bucket@0,铁桶,minecraft:bucket,1xitem.tconstruct.bucket@10,桶装熔融锌曜钢,TConstruct:buckets
alumite.molten,1000,1xitem.iguana.tcon.clayBucketFired@0,黏土桶(烤制),IguanaTweaksTConstruct:clayBucketFired,1xitem.iguana.tcon.clayBucket@10,黏土桶(熔融耐酸铝),IguanaTweaksTConstruct:clayBucketsTinkers
ammonia,1000,1xic2.itemCellEmpty@0,空单元,IC2:itemCellEmpty,1xgt.metaitem.01@30659,氨单元,gregtech:gt.metaitem.01
ammonium bisulfate,1000,1xic2.itemCellEmpty@0,空单元,IC2:itemCellEmpty,1xgt.bwMetaGeneratedcell@25129,硫酸氢铵单元,bartworks:gt.bwMetaGeneratedcell
ammonium chloride,1000,1xic2.itemCellEmpty@0,空单元,IC2:itemCellEmpty,1xgt.bwMetaGeneratedcell@50,氯化铵单元,bartworks:gt.bwMetaGeneratedcell
ammonium nitrate solution,1000,1xic2.itemCellEmpty@0,空单元,IC2:itemCellEmpty,1xgt.bwMetaGeneratedcell@11036,硝酸铵溶液单元,bartworks:gt.bwMetaGeneratedcell
ammonium persulfate,1000,1xic2.itemCellEmpty@0,空单元,IC2:itemCellEmpty,1xgt.bwMetaGeneratedcell@25130,过硫酸铵单元,bartworks:gt.bwMetaGeneratedcell
aniline,1000,1xic2.itemCellEmpty@0,空单元,IC2:itemCellEmpty,1xitem.aniline@0,苯胺单元,miscutils:aniline
antimatter,1000,1xic2.itemCellEmpty@0,空单元,IC2:itemCellEmpty,1xgt.metaitem.01@30158,半稳定反物质单元,gregtech:gt.metaitem.01
antimony pentachloride,1000,1xic2.itemCellEmpty@0,空单元,IC2:itemCellEmpty,1xgt.bwMetaGeneratedcell@10032,五氯化锑单元,bartworks:gt.bwMetaGeneratedcell
antimony pentachloride solution,1000,1xic2.itemCellEmpty@0,空单元,IC2:itemCellEmpty,1xgt.bwMetaGeneratedcell@10031,五氯化锑溶液单元,bartworks:gt.bwMetaGeneratedcell
antimony pentafluoride,1000,1xic2.itemCellEmpty@0,空单元,IC2:itemCellEmpty,1xgt.bwMetaGeneratedcell@10033,五氟化锑单元,bartworks:gt.bwMetaGeneratedcell
antimony pentafluoride solution,1000,1xic2.itemCellEmpty@0,空单元,IC2:itemCellEmpty,1xgt.bwMetaGeneratedcell@10107,五氟化锑溶液单元,bartworks:gt.bwMetaGeneratedcell
antimony trichloride solution,1000,1xic2.itemCellEmpty@0,空单元,IC2:itemCellEmpty,1xgt.bwMetaGeneratedcell@10030,三氯化锑溶液单元,bartworks:gt.bwMetaGeneratedcell
antimony trifluoride,1000,1xic2.itemCellEmpty@0,空单元,IC2:itemCellEmpty,1xgt.bwMetaGeneratedcell@25098,三氟化锑单元,bartworks:gt.bwMetaGeneratedcell
aqua regia,1000,1xic2.itemCellEmpty@0,空单元,IC2:itemCellEmpty,1xgt.bwMetaGeneratedcell@48,王水单元,bartworks:gt.bwMetaGeneratedcell
ardite.molten,1000,1xitem.bucket@0,铁桶,minecraft:bucket,1xitem.tconstruct.bucket@6,桶装熔融阿迪特,TConstruct:buckets
ardite.molten,1000,1xitem.iguana.tcon.clayBucketFired@0,黏土桶(烤制),IguanaTweaksTConstruct:clayBucketFired,1xitem.iguana.tcon.clayBucket@6,黏土桶(熔融阿迪特),IguanaTweaksTConstruct:clayBucketsTinkers
argon,1000,1xic2.itemCellEmpty@0,空单元,IC2:itemCellEmpty,1xgt.metaitem.01@30024,氩单元,gregtech:gt.metaitem.01
bacterialsludge,1000,1xic2.itemCellEmpty@0,空单元,IC2:itemCellEmpty,1xgt.metaitem.98@1,菌泥 Cell,gregtech:gt.metaitem.98
bacterialsludge,1000,1xitem.bucket@0,铁桶,minecraft:bucket,1xitem.bucketSludge@0,菌泥桶,GalacticraftMars:item.bucketSludge
barnarda c sappy,1000,1xic2.itemCellEmpty@0,空单元,IC2:itemCellEmpty,1xgt.bwMetaGeneratedcell@25054,巴纳德C树汁单元,bartworks:gt.bwMetaGeneratedcell
bastnasite rarer earth oxide suspension,1000,1xic2.itemCellEmpty@0,空单元,IC2:itemCellEmpty,1xgt.bwMetaGeneratedcell@11115,氟碳镧铈罕土氧化物悬浊液单元,bartworks:gt.bwMetaGeneratedcell
bauxiteslurry,1000,1xic2.itemCellEmpty@0,空单元,IC2:itemCellEmpty,1xgt.metaitem.01@30409,铝土泥浆单元,gregtech:gt.metaitem.01
benzaldehyde,1000,1xic2.itemCellEmpty@0,空单元,IC2:itemCellEmpty,1xgt.bwMetaGeneratedcell@25015,苯甲醇单元,bartworks:gt.bwMetaGeneratedcell
benzene,1000,1xic2.itemCellEmpty@0,空单元,IC2:itemCellEmpty,1xgt.metaitem.01@30686,苯单元,gregtech:gt.metaitem.01
benzenediazonium tetrafluoroborate,1000,1xic2.itemCellEmpty@0,空单元,IC2:itemCellEmpty,1xgt.bwMetaGeneratedcell@25096,四氟硼酸重氮苯单元,bartworks:gt.bwMetaGeneratedcell
benzyl chloride,1000,1xic2.itemCellEmpty@0,空单元,IC2:itemCellEmpty,1xgt.bwMetaGeneratedcell@25037,氯化苄单元,bartworks:gt.bwMetaGeneratedcell
benzylamine,1000,1xic2.itemCellEmpty@0,空单元,IC2:itemCellEmpty,1xgt.bwMetaGeneratedcell@25032,苄胺单元,bartworks:gt.bwMetaGeneratedcell
binnie.bacteria,1000,1xic2.itemCellEmpty@0,空单元,IC2:itemCellEmpty,1xgt.metaitem.98@15,细菌 Cell,gregtech:gt.metaitem.98
binnie.bacteria,1000,1xitem.misc@8,玻璃罐,Genetics:misc,1xitem.containerCylinder@769,细菌玻璃罐,BinnieCore:containerCylinder
binnie.bacteriapoly,1000,1xitem.misc@8,玻璃罐,Genetics:misc,1xitem.containerCylinder@770,聚合菌玻璃罐,BinnieCore:containerCylinder
binnie.bacteriavector,1000,1xitem.misc@8,玻璃罐,Genetics:misc,1xitem.containerCylinder@772,细菌质粒玻璃罐,BinnieCore:containerCylinder
binnie.dna.raw,1000,1xitem.misc@8,玻璃罐,Genetics:misc,1xitem.containerCylinder@771,DNA 液体玻璃罐,BinnieCore:containerCylinder
binnie.growthmedium,1000,1xitem.for.refractoryEmpty@0,耐火胶囊,Forestry:refractoryEmpty,1xitem.containerRefractory@768,binniecore.item.container.refractory.binnie.growthmedium,BinnieCore:containerRefractory
binnie.growthmedium,1000,1xitem.for.canEmpty@0,罐,Forestry:canEmpty,1xitem.containerCan@768,binniecore.item.container.can.binnie.growthmedium,BinnieCore:containerCan
binnie.growthmedium,1000,1xitem.glassBottle@0,玻璃瓶,minecraft:glass_bottle,1xitem.containerGlass@768,binniecore.item.container.glass.binnie.growthmedium,BinnieCore:containerGlass
binnie.growthmedium,1000,1xitem.for.waxCapsule@0,蜂蜡胶囊,Forestry:waxCapsule,1xitem.containerCapsule@768,binniecore.item.container.capsule.binnie.growthmedium,BinnieCore:containerCapsule
binnie.growthmedium,1000,1xitem.bucket@0,铁桶,minecraft:bucket,1xitem.containerBucket@768,binniecore.item.container.bucket.binnie.growthmedium,BinnieCore:containerBucket
binnie.growthmedium,1000,1xitem.misc@8,玻璃罐,Genetics:misc,1xitem.containerCylinder@768,培养基玻璃罐,BinnieCore:containerCylinder
biocatalyzedpropulsionfluid,1000,1xic2.itemCellEmpty@0,空单元,IC2:itemCellEmpty,1xgt.metaitem.01@30166,生物催化推进液单元,gregtech:gt.metaitem.01
biodiesel,1000,1xic2.itemCellEmpty@0,空单元,IC2:itemCellEmpty,1xgt.metaitem.01@30627,生物柴油单元,gregtech:gt.metaitem.01
bioethanol,1000,1xitem.for.waxCapsule@0,蜂蜡胶囊,Forestry:waxCapsule,1xitem.for.waxCapsuleEthanol@0,耐火乙醇胶囊,Forestry:waxCapsuleEthanol
bioethanol,1000,1xitem.for.refractoryEmpty@0,耐火胶囊,Forestry:refractoryEmpty,1xitem.for.refractoryEthanol@0,耐火乙醇胶囊,Forestry:refractoryEthanol
bioethanol,1000,1xitem.bucket@0,铁桶,minecraft:bucket,1xitem.for.bucketEthanol@0,乙醇桶,Forestry:bucketEthanol
bioethanol,2000,1xitem.capsule.magic@0,空魔力胶囊,MagicBees:capsule.magic,1xitem.capsule.magic@4,乙醇魔力胶囊,MagicBees:capsule.magic
bioethanol,1000,1xitem.for.canEmpty@0,罐,Forestry:canEmpty,1xitem.for.canEthanol@0,乙醇罐,Forestry:canEthanol
bioethanol,8000,1xitem.capsule.void@0,空虚空胶囊,MagicBees:capsule.void,1xitem.capsule.void@4,乙醇虚空胶囊,MagicBees:capsule.void
bioethanol,1000,1xic2.itemCellEmpty@0,空单元,IC2:itemCellEmpty,1xgt.metaitem.01@30706,乙醇单元,gregtech:gt.metaitem.01
biofuel,1000,1xitem.ItemBioFuelCanister@1001,空罐,GalaxySpace:item.ItemBioFuelCanister,1xitem.ItemBioFuelCanister@1,生物燃料罐,GalaxySpace:item.ItemBioFuelCanister
biohmediumsterilized,1000,1xic2.itemCellEmpty@0,空单元,IC2:itemCellEmpty,1xgt.metaitem.01@30604,灭菌生物培养基单元,gregtech:gt.metaitem.01
biomass,1000,1xitem.for.waxCapsule@0,蜂蜡胶囊,Forestry:waxCapsule,1xitem.for.waxCapsuleBiomass@0,耐火生物质胶囊,Forestry:waxCapsuleBiomass
biomass,1000,1xitem.bucket@0,铁桶,minecraft:bucket,1xitem.for.bucketBiomass@0,生物质桶,Forestry:bucketBiomass
biomass,1000,1xitem.for.canEmpty@0,罐,Forestry:canEmpty,1xitem.for.canBiomass@0,生物质罐,Forestry:canBiomass
biomass,2000,1xitem.capsule.magic@0,空魔力胶囊,MagicBees:capsule.magic,1xitem.capsule.magic@3,生物质魔力胶囊,MagicBees:capsule.magic
biomass,8000,1xitem.capsule.void@0,空虚空胶囊,MagicBees:capsule.void,1xitem.capsule.void@3,生物质虚空胶囊,MagicBees:capsule.void
biomass,1000,1xic2.itemCellEmpty@0,空单元,IC2:itemCellEmpty,1xgt.metaitem.01@30704,生物质单元,gregtech:gt.metaitem.01
biomass,1000,1xitem.for.refractoryEmpty@0,耐火胶囊,Forestry:refractoryEmpty,1xitem.for.refractoryBiomass@0,耐火生物质胶囊,Forestry:refractoryBiomass
biomediumraw,1000,1xic2.itemCellEmpty@0,空单元,IC2:itemCellEmpty,1xgt.metaitem.01@30603,生物培养基原液单元,gregtech:gt.metaitem.01
blood,1000,1xitem.bucket@0,铁桶,minecraft:bucket,1xitem.tconstruct.bucket@16,血桶,TConstruct:buckets
blood,1000,1xitem.iguana.tcon.clayBucketFired@0,黏土桶(烤制),IguanaTweaksTConstruct:clayBucketFired,1xitem.iguana.tcon.clayBucket@16,黏土桶(血),IguanaTweaksTConstruct:clayBucketsTinkers
boricacid,1000,1xic2.itemCellEmpty@0,空单元,IC2:itemCellEmpty,1xitem.boricacid@0,硼酸单元,miscutils:boricacid
boron fluoride,1000,1xic2.itemCellEmpty@0,空单元,IC2:itemCellEmpty,1xgt.bwMetaGeneratedcell@25011,氟化硼单元,bartworks:gt.bwMetaGeneratedcell
boron trichloride,1000,1xic2.itemCellEmpty@0,空单元,IC2:itemCellEmpty,1xgt.bwMetaGeneratedcell@11357,三氯化硼单元,bartworks:gt.bwMetaGeneratedcell
boundlesscosmicsolder,1000,1xic2.itemCellEmpty@0,空单元,IC2:itemCellEmpty,1xgt.metaitem.01@30115,无界寰宇焊料单元,gregtech:gt.metaitem.01
brightlumipodextract,1000,1xic2.itemCellEmpty@0,空单元,IC2:itemCellEmpty,1xgt.metaitem.01@30165,明亮卢米坡德提取物单元,gregtech:gt.metaitem.01
bronze.molten,1000,1xitem.bucket@0,铁桶,minecraft:bucket,1xitem.tconstruct.bucket@7,桶装熔融青铜,TConstruct:buckets
bronze.molten,1000,1xitem.iguana.tcon.clayBucketFired@0,黏土桶(烤制),IguanaTweaksTConstruct:clayBucketFired,1xitem.iguana.tcon.clayBucket@7,黏土桶(熔融青铜),IguanaTweaksTConstruct:clayBucketsTinkers
butadiene,1000,1xic2.itemCellEmpty@0,空单元,IC2:itemCellEmpty,1xgt.metaitem.01@30646,丁二烯单元,gregtech:gt.metaitem.01
butane,1000,1xic2.itemCellEmpty@0,空单元,IC2:itemCellEmpty,1xgt.metaitem.01@30644,丁烷单元,gregtech:gt.metaitem.01
butanol,1000,1xic2.itemCellEmpty@0,空单元,IC2:itemCellEmpty,1xitem.butanol@0,丁醇单元,miscutils:butanol
butene,1000,1xic2.itemCellEmpty@0,空单元,IC2:itemCellEmpty,1xgt.metaitem.01@30645,丁烯单元,gregtech:gt.metaitem.01
butyraldehyde,1000,1xic2.itemCellEmpty@0,空单元,IC2:itemCellEmpty,1xgt.metaitem.01@30793,丁醛单元,gregtech:gt.metaitem.01
cadaverine,1000,1xic2.itemCellEmpty@0,空单元,IC2:itemCellEmpty,1xitem.cadaverine@0,尸胺单元,miscutils:cadaverine
calcium chloride,1000,1xic2.itemCellEmpty@0,空单元,IC2:itemCellEmpty,1xgt.bwMetaGeneratedcell@63,氯化钙单元,bartworks:gt.bwMetaGeneratedcell
calcium fluoride,1000,1xic2.itemCellEmpty@0,空单元,IC2:itemCellEmpty,1xgt.bwMetaGeneratedcell@11124,氟化钙单元,bartworks:gt.bwMetaGeneratedcell
calciumacetatesolution,1000,1xic2.itemCellEmpty@0,空单元,IC2:itemCellEmpty,1xgt.metaitem.01@30671,乙酸钙溶液单元,gregtech:gt.metaitem.01
carbondioxide,1000,1xic2.itemCellEmpty@0,空单元,IC2:itemCellEmpty,1xgt.metaitem.01@30497,二氧化碳单元,gregtech:gt.metaitem.01
carbondisulfide,1000,1xic2.itemCellEmpty@0,空单元,IC2:itemCellEmpty,1xitem.CarbonDisulfide@0,二硫化碳单元,miscutils:CarbonDisulfide
carbonmonoxide,1000,1xic2.itemCellEmpty@0,空单元,IC2:itemCellEmpty,1xgt.metaitem.01@30674,一氧化碳单元,gregtech:gt.metaitem.01
cerium chloride concentrate,1000,1xic2.itemCellEmpty@0,空单元,IC2:itemCellEmpty,1xgt.bwMetaGeneratedcell@11433,氯化铈浓缩液单元,bartworks:gt.bwMetaGeneratedcell
cerium extracting nano resin,1000,1xic2.itemCellEmpty@0,空单元,IC2:itemCellEmpty,1xgt.bwMetaGeneratedcell@11405,铈萃取纳米树脂单元,bartworks:gt.bwMetaGeneratedcell
charcoal_byproducts,1000,1xic2.itemCellEmpty@0,空单元,IC2:itemCellEmpty,1xgt.metaitem.01@30675,木炭副产单元,gregtech:gt.metaitem.01
chloramine,1000,1xic2.itemCellEmpty@0,空单元,IC2:itemCellEmpty,1xgt.metaitem.01@30655,氯胺单元,gregtech:gt.metaitem.01
chlorinated rare earth concentrate,1000,1xic2.itemCellEmpty@0,空单元,IC2:itemCellEmpty,1xgt.bwMetaGeneratedcell@11469,氯化稀土浓缩液单元,bartworks:gt.bwMetaGeneratedcell
chlorinated rare earth diluted solution,1000,1xic2.itemCellEmpty@0,空单元,IC2:itemCellEmpty,1xgt.bwMetaGeneratedcell@11471,氯化稀土稀释液单元,bartworks:gt.bwMetaGeneratedcell
chlorinated rare earth enriched solution,1000,1xic2.itemCellEmpty@0,空单元,IC2:itemCellEmpty,1xgt.bwMetaGeneratedcell@11470,氯化稀土富集液单元,bartworks:gt.bwMetaGeneratedcell
chlorine,1000,1xic2.itemCellEmpty@0,空单元,IC2:itemCellEmpty,1xgt.metaitem.01@30023,氯单元,gregtech:gt.metaitem.01
chlorobenzene,1000,1xic2.itemCellEmpty@0,空单元,IC2:itemCellEmpty,1xgt.metaitem.01@30605,氯苯单元,gregtech:gt.metaitem.01
chloroform,1000,1xic2.itemCellEmpty@0,空单元,IC2:itemCellEmpty,1xgt.metaitem.01@30668,氯仿单元,gregtech:gt.metaitem.01
chloromethane,1000,1xic2.itemCellEmpty@0,空单元,IC2:itemCellEmpty,1xgt.metaitem.01@30664,氯甲烷单元,gregtech:gt.metaitem.01
chlorosulfonicacid,1000,1xic2.itemCellEmpty@0,空单元,IC2:itemCellEmpty,1xgt.metaitem.01@30188,氯磺酸单元,gregtech:gt.metaitem.01
chrono-dimensionally annihilative entropic fluid,1000,1xic2.itemCellEmpty@0,空单元,IC2:itemCellEmpty,1xgt.bwMetaGeneratedcell@20012,时空湮灭维度熵流体单元,bartworks:gt.bwMetaGeneratedcell
cloud_seed,1000,1xitem.bucket@0,铁桶,minecraft:bucket,1xitem.bucketCloud_seed@0,桶装云之精华,EnderIO:bucketCloud_seed
cloud_seed_concentrated,1000,1xitem.bucket@0,铁桶,minecraft:bucket,1xitem.bucketCloud_seed_concentrated@0,桶装浓缩云之精华,EnderIO:bucketCloud_seed_concentrated
cobalt.molten,1000,1xitem.bucket@0,铁桶,minecraft:bucket,1xitem.tconstruct.bucket@5,桶装熔融钴,TConstruct:buckets
cobalt.molten,1000,1xitem.iguana.tcon.clayBucketFired@0,黏土桶(烤制),IguanaTweaksTConstruct:clayBucketFired,1xitem.iguana.tcon.clayBucket@5,黏土桶(熔融钴),IguanaTweaksTConstruct:clayBucketsTinkers
combustionpromotor,1000,1xic2.itemCellEmpty@0,空单元,IC2:itemCellEmpty,1xgt.metaitem.98@14,助燃剂单元,gregtech:gt.metaitem.98
complexitycatalyst,1000,1xic2.itemCellEmpty@0,空单元,IC2:itemCellEmpty,1xgt.metaitem.01@30897,复杂度催化剂单元,gregtech:gt.metaitem.01
concentrated uu-matter,1000,1xic2.itemCellEmpty@0,空单元,IC2:itemCellEmpty,1xgt.bwMetaGeneratedcell@20010,浓缩UU物质单元,bartworks:gt.bwMetaGeneratedcell
concrete,1000,1xitem.bucket@0,铁桶,minecraft:bucket,1xitem.Concrete_bucket@0,桶装混凝土,dreamcraft:dreamcraft_Concrete_bucket
concrete,1000,1xitem.iguana.tcon.clayBucketFired@0,黏土桶(烤制),IguanaTweaksTConstruct:clayBucketFired,1xitem.clayBucketConcrete@0,黏土桶(混凝土),dreamcraft:clayBucketConcrete
conditioned bastnasite mud,1000,1xic2.itemCellEmpty@0,空单元,IC2:itemCellEmpty,1xgt.bwMetaGeneratedcell@11104,调制氟碳镧铈泥浆单元,bartworks:gt.bwMetaGeneratedcell
copper.molten,1000,1xitem.bucket@0,铁桶,minecraft:bucket,1xitem.tconstruct.bucket@2,桶装熔融铜,TConstruct:buckets
copper.molten,1000,1xitem.iguana.tcon.clayBucketFired@0,黏土桶(烤制),IguanaTweaksTConstruct:clayBucketFired,1xitem.iguana.tcon.clayBucket@2,黏土桶(熔融铜),IguanaTweaksTConstruct:clayBucketsTinkers
crackedradox,1000,1xic2.itemCellEmpty@0,空单元,IC2:itemCellEmpty,1xgt.metaitem.98@30,裂化拉多X单元,gregtech:gt.metaitem.98
creosote,1000,1xic2.itemCellEmpty@0,空单元,IC2:itemCellEmpty,1xitem.railcraft.fluid.creosote.cell@0,杂酚油单元,Railcraft:fluid.creosote.cell
creosote,1000,1xitem.iguana.tcon.clayBucketFired@0,黏土桶(烤制),IguanaTweaksTConstruct:clayBucketFired,1xitem.iguana.tcon.clayBucket.creosote@0,黏土桶(杂酚油),IguanaTweaksTConstruct:clayBucketCreosote
creosote,1000,1xitem.for.canEmpty@0,罐,Forestry:canEmpty,1xitem.railcraft.fluid.creosote.can@0,杂酚油罐,Railcraft:fluid.creosote.can
creosote,1000,1xitem.glassBottle@0,玻璃瓶,minecraft:glass_bottle,1xitem.railcraft.fluid.creosote.bottle@0,杂酚油瓶,Railcraft:fluid.creosote.bottle
creosote,1000,1xitem.bucket@0,铁桶,minecraft:bucket,1xitem.railcraft.fluid.creosote.bucket@0,杂酚油桶,Railcraft:fluid.creosote.bucket
creosote,2000,1xitem.capsule.magic@0,空魔力胶囊,MagicBees:capsule.magic,1xitem.capsule.magic@16,木榴油魔力胶囊,MagicBees:capsule.magic
creosote,8000,1xitem.capsule.void@0,空虚空胶囊,MagicBees:capsule.void,1xitem.capsule.void@16,木榴油虚空胶囊,MagicBees:capsule.void
creosote,1000,1xitem.for.waxCapsule@0,蜂蜡胶囊,Forestry:waxCapsule,1xitem.railcraft.fluid.creosote.wax@0,杂酚油蜡胶囊,Railcraft:fluid.creosote.wax
creosote,1000,1xitem.for.refractoryEmpty@0,耐火胶囊,Forestry:refractoryEmpty,1xitem.railcraft.fluid.creosote.refactory@0,杂酚油耐火胶囊,Railcraft:fluid.creosote.refactory
creosote,1000,1xic2.itemCellEmpty@0,空单元,IC2:itemCellEmpty,1xgt.metaitem.01@30712,杂酚油单元,gregtech:gt.metaitem.01
cropsnh.enrichedfertilizer,1000,1xic2.itemCellEmpty@0,空单元,IC2:itemCellEmpty,1xitem.enrichedFertilizerCell@0,富集肥料单元,cropsnh:enrichedFertilizerCell
cropsnh.fertilizer,1000,1xic2.itemCellEmpty@0,空单元,IC2:itemCellEmpty,1xitem.fertilizerCell@0,肥料单元,cropsnh:fertilizerCell
cryotheum,1000,1xic2.itemCellEmpty@0,空单元,IC2:itemCellEmpty,1xitem.cryotheum@0,极寒之凛冰单元,miscutils:cryotheum
cryotheum,2000,1xitem.capsule.magic@0,空魔力胶囊,MagicBees:capsule.magic,1xitem.capsule.magic@22,极寒之凛冰魔力胶囊,MagicBees:capsule.magic
cryotheum,1000,1xitem.bucket@0,铁桶,minecraft:bucket,1xitem.MiscUtils.bucket@2,极寒之凛冰桶,miscutils:bucket
cryotheum,8000,1xitem.capsule.void@0,空虚空胶囊,MagicBees:capsule.void,1xitem.capsule.void@22,极寒之凛冰虚空胶囊,MagicBees:capsule.void
cyclohexane,1000,1xic2.itemCellEmpty@0,空单元,IC2:itemCellEmpty,1xitem.cyclohexane@0,环己烷单元,miscutils:cyclohexane
cyclohexanone,1000,1xic2.itemCellEmpty@0,空单元,IC2:itemCellEmpty,1xitem.cyclohexanone@0,环己酮单元,miscutils:cyclohexanone
cyclopentadiene,1000,1xic2.itemCellEmpty@0,空单元,IC2:itemCellEmpty,1xgt.bwMetaGeneratedcell@10087,环戊二烯单元,bartworks:gt.bwMetaGeneratedcell
densesteam,1000,1xic2.itemCellEmpty@0,空单元,IC2:itemCellEmpty,1xgt.metaitem.01@30232,致密蒸汽单元,gregtech:gt.metaitem.01
densesupercriticalsteam,1000,1xic2.itemCellEmpty@0,空单元,IC2:itemCellEmpty,1xgt.metaitem.01@30234,超临界致密蒸汽单元,gregtech:gt.metaitem.01
densesuperheatedsteam,1000,1xic2.itemCellEmpty@0,空单元,IC2:itemCellEmpty,1xgt.metaitem.01@30233,过热致密蒸汽单元,gregtech:gt.metaitem.01
destabilizationslurry,1000,1xic2.itemCellEmpty@0,空单元,IC2:itemCellEmpty,1xgt.metaitem.01@30183,不稳定浆液单元,gregtech:gt.metaitem.01
deuterium,1000,1xic2.itemCellEmpty@0,空单元,IC2:itemCellEmpty,1xgt.metaitem.01@30002,氘单元,gregtech:gt.metaitem.01
diaminodiphenylmethanmixture,1000,1xic2.itemCellEmpty@0,空单元,IC2:itemCellEmpty,1xgt.metaitem.01@30795,二氨基二苯甲烷混合物单元,gregtech:gt.metaitem.01
diaminotoluene,1000,1xic2.itemCellEmpty@0,空单元,IC2:itemCellEmpty,1xgt.bwMetaGeneratedcell@11310,二氨基甲苯单元,bartworks:gt.bwMetaGeneratedcell
dichlorobenzene,1000,1xic2.itemCellEmpty@0,空单元,IC2:itemCellEmpty,1xgt.metaitem.01@30632,对二氯苯单元,gregtech:gt.metaitem.01
dichlorosilane,1000,1xic2.itemCellEmpty@0,空单元,IC2:itemCellEmpty,1xgt.metaitem.01@30799,二氯硅烷单元,gregtech:gt.metaitem.01
diethylamine,1000,1xic2.itemCellEmpty@0,空单元,IC2:itemCellEmpty,1xgt.bwMetaGeneratedcell@10089,二乙胺单元,bartworks:gt.bwMetaGeneratedcell
diluted acetone,1000,1xic2.itemCellEmpty@0,空单元,IC2:itemCellEmpty,1xgt.bwMetaGeneratedcell@11316,稀释丙酮单元,bartworks:gt.bwMetaGeneratedcell
diluted bastnasite mud,1000,1xic2.itemCellEmpty@0,空单元,IC2:itemCellEmpty,1xgt.bwMetaGeneratedcell@11105,稀释氟碳镧铈泥浆单元,bartworks:gt.bwMetaGeneratedcell
diluted monazite rare earth mud,1000,1xic2.itemCellEmpty@0,空单元,IC2:itemCellEmpty,1xgt.bwMetaGeneratedcell@11015,稀释独居石稀土泥浆单元,bartworks:gt.bwMetaGeneratedcell
diluted monazite sulfate,1000,1xic2.itemCellEmpty@0,空单元,IC2:itemCellEmpty,1xgt.bwMetaGeneratedcell@11016,稀释硫酸独居石溶液单元,bartworks:gt.bwMetaGeneratedcell
diluted samarium rare earth solution,1000,1xic2.itemCellEmpty@0,空单元,IC2:itemCellEmpty,1xgt.bwMetaGeneratedcell@11463,钐稀土稀释液单元,bartworks:gt.bwMetaGeneratedcell
dilutedhydrochloricacid_gt5u,1000,1xic2.itemCellEmpty@0,空单元,IC2:itemCellEmpty,1xgt.metaitem.01@30606,稀盐酸单元,gregtech:gt.metaitem.01
dilutedsulfuricacid,1000,1xic2.itemCellEmpty@0,空单元,IC2:itemCellEmpty,1xgt.metaitem.01@30640,稀硫酸单元,gregtech:gt.metaitem.01
dilutedxenoxene,1000,1xic2.itemCellEmpty@0,空单元,IC2:itemCellEmpty,1xgt.metaitem.98@35,钝化异氙单元,gregtech:gt.metaitem.98
dimensionallyshiftedsuperfluid,1000,1xic2.itemCellEmpty@0,空单元,IC2:itemCellEmpty,1xgt.metaitem.01@30151,维度偏移超流体单元,gregtech:gt.metaitem.01
dimensionallytranscendentcrudecatalyst,1000,1xic2.itemCellEmpty@0,空单元,IC2:itemCellEmpty,1xgt.metaitem.01@30748,粗制超维度催化剂单元,gregtech:gt.metaitem.01
dimensionallytranscendentexoticcatalyst,1000,1xic2.itemCellEmpty@0,空单元,IC2:itemCellEmpty,1xgt.metaitem.01@30745,异星超维度催化剂单元,gregtech:gt.metaitem.01
dimensionallytranscendentprosaiccatalyst,1000,1xic2.itemCellEmpty@0,空单元,IC2:itemCellEmpty,1xgt.metaitem.01@30747,平凡超维度催化剂单元,gregtech:gt.metaitem.01
dimensionallytranscendentresidue,1000,1xic2.itemCellEmpty@0,空单元,IC2:itemCellEmpty,1xgt.metaitem.01@30589,超维度残留单元,gregtech:gt.metaitem.01
dimensionallytranscendentresplendentcatalyst,1000,1xic2.itemCellEmpty@0,空单元,IC2:itemCellEmpty,1xgt.metaitem.01@30746,光辉超维度催化剂单元,gregtech:gt.metaitem.01
dimensionallytranscendentstellarcatalyst,1000,1xic2.itemCellEmpty@0,空单元,IC2:itemCellEmpty,1xgt.metaitem.01@30130,恒星超维度催化剂单元,gregtech:gt.metaitem.01
dimethylamine,1000,1xic2.itemCellEmpty@0,空单元,IC2:itemCellEmpty,1xgt.metaitem.01@30656,二甲胺单元,gregtech:gt.metaitem.01
dimethylbenzene,1000,1xic2.itemCellEmpty@0,空单元,IC2:itemCellEmpty,1xgt.metaitem.01@30593,邻二甲苯单元,gregtech:gt.metaitem.01
dimethyldichlorosilane,1000,1xic2.itemCellEmpty@0,空单元,IC2:itemCellEmpty,1xgt.metaitem.01@30663,二甲基氯硅烷单元,gregtech:gt.metaitem.01
dimethylterephthalate,1000,1xic2.itemCellEmpty@0,空单元,IC2:itemCellEmpty,1xgt.metaitem.01@30766,对苯二甲酸二甲酯单元,gregtech:gt.metaitem.01
dinitrogentetroxide,1000,1xic2.itemCellEmpty@0,空单元,IC2:itemCellEmpty,1xgt.metaitem.01@30657,四氧化二氮单元,gregtech:gt.metaitem.01
dinitrotoluene,1000,1xic2.itemCellEmpty@0,空单元,IC2:itemCellEmpty,1xgt.bwMetaGeneratedcell@11309,二硝基甲苯单元,bartworks:gt.bwMetaGeneratedcell
diphenylisophtalate,1000,1xic2.itemCellEmpty@0,空单元,IC2:itemCellEmpty,1xgt.metaitem.01@30598,间苯二甲酸二苯酯单元,gregtech:gt.metaitem.01
diphenylmethanediisocyanatemixture,1000,1xic2.itemCellEmpty@0,空单元,IC2:itemCellEmpty,1xgt.metaitem.01@30794,二苯基甲烷二异氰酸酯混合物单元,gregtech:gt.metaitem.01
dye.chemical.dyeblack,2304,1xgt.metaitem.01@32402,空喷漆罐,gregtech:gt.metaitem.01,1xgt.metaitem.01@32430,喷漆罐（Black）,gregtech:gt.metaitem.01
dye.chemical.dyeblue,2304,1xgt.metaitem.01@32402,空喷漆罐,gregtech:gt.metaitem.01,1xgt.metaitem.01@32438,喷漆罐（Blue）,gregtech:gt.metaitem.01
dye.chemical.dyebrown,2304,1xgt.metaitem.01@32402,空喷漆罐,gregtech:gt.metaitem.01,1xgt.metaitem.01@32436,喷漆罐（Brown）,gregtech:gt.metaitem.01
dye.chemical.dyecyan,2304,1xgt.metaitem.01@32402,空喷漆罐,gregtech:gt.metaitem.01,1xgt.metaitem.01@32442,喷漆罐（Cyan）,gregtech:gt.metaitem.01
dye.chemical.dyegray,2304,1xgt.metaitem.01@32402,空喷漆罐,gregtech:gt.metaitem.01,1xgt.metaitem.01@32446,喷漆罐（Gray）,gregtech:gt.metaitem.01
dye.chemical.dyegreen,2304,1xgt.metaitem.01@32402,空喷漆罐,gregtech:gt.metaitem.01,1xgt.metaitem.01@32434,喷漆罐（Green）,gregtech:gt.metaitem.01
dye.chemical.dyelightblue,2304,1xgt.metaitem.01@32402,空喷漆罐,gregtech:gt.metaitem.01,1xgt.metaitem.01@32454,喷漆罐（Light Blue）,gregtech:gt.metaitem.01
dye.chemical.dyelightgray,2304,1xgt.metaitem.01@32402,空喷漆罐,gregtech:gt.metaitem.01,1xgt.metaitem.01@32444,喷漆罐（Light Gray）,gregtech:gt.metaitem.01
dye.chemical.dyelime,2304,1xgt.metaitem.01@32402,空喷漆罐,gregtech:gt.metaitem.01,1xgt.metaitem.01@32450,喷漆罐（Lime）,gregtech:gt.metaitem.01
dye.chemical.dyemagenta,2304,1xgt.metaitem.01@32402,空喷漆罐,gregtech:gt.metaitem.01,1xgt.metaitem.01@32456,喷漆罐（Magenta）,gregtech:gt.metaitem.01
dye.chemical.dyeorange,2304,1xgt.metaitem.01@32402,空喷漆罐,gregtech:gt.metaitem.01,1xgt.metaitem.01@32458,喷漆罐（Orange）,gregtech:gt.metaitem.01
dye.chemical.dyepink,2304,1xgt.metaitem.01@32402,空喷漆罐,gregtech:gt.metaitem.01,1xgt.metaitem.01@32448,喷漆罐（Pink）,gregtech:gt.metaitem.01
dye.chemical.dyepurple,2304,1xgt.metaitem.01@32402,空喷漆罐,gregtech:gt.metaitem.01,1xgt.metaitem.01@32440,喷漆罐（Purple）,gregtech:gt.metaitem.01
dye.chemical.dyered,2304,1xgt.metaitem.01@32402,空喷漆罐,gregtech:gt.metaitem.01,1xgt.metaitem.01@32432,喷漆罐（Red）,gregtech:gt.metaitem.01
dye.chemical.dyewhite,2304,1xgt.metaitem.01@32402,空喷漆罐,gregtech:gt.metaitem.01,1xgt.metaitem.01@32460,喷漆罐（White）,gregtech:gt.metaitem.01
dye.chemical.dyeyellow,2304,1xgt.metaitem.01@32402,空喷漆罐,gregtech:gt.metaitem.01,1xgt.metaitem.01@32452,喷漆罐（Yellow）,gregtech:gt.metaitem.01
dysprosium chloride concentrate,1000,1xic2.itemCellEmpty@0,空单元,IC2:itemCellEmpty,1xgt.bwMetaGeneratedcell@11440,氯化镝浓缩液单元,bartworks:gt.bwMetaGeneratedcell
dysprosium extracting nano resin,1000,1xic2.itemCellEmpty@0,空单元,IC2:itemCellEmpty,1xgt.bwMetaGeneratedcell@11419,镝萃取纳米树脂单元,bartworks:gt.bwMetaGeneratedcell
electrum.molten,1000,1xitem.bucket@0,铁桶,minecraft:bucket,1xitem.tconstruct.bucket@22,桶装熔融琥珀金,TConstruct:buckets
electrum.molten,1000,1xitem.iguana.tcon.clayBucketFired@0,黏土桶(烤制),IguanaTweaksTConstruct:clayBucketFired,1xitem.iguana.tcon.clayBucket@22,黏土桶(熔融琥珀金),IguanaTweaksTConstruct:clayBucketsTinkers
emerald.liquid,1000,1xitem.bucket@0,铁桶,minecraft:bucket,1xitem.tconstruct.bucket@15,桶装熔融绿宝石,TConstruct:buckets
emerald.liquid,1000,1xitem.iguana.tcon.clayBucketFired@0,黏土桶(烤制),IguanaTweaksTConstruct:clayBucketFired,1xitem.iguana.tcon.clayBucket@15,黏土桶(熔融绿宝石),IguanaTweaksTConstruct:clayBucketsTinkers
ender,1000,1xitem.bucket@0,铁桶,minecraft:bucket,1xitem.tconstruct.bucket@23,桶装熔融末影珍珠,TConstruct:buckets
ender,1000,1xitem.iguana.tcon.clayBucketFired@0,黏土桶(烤制),IguanaTweaksTConstruct:clayBucketFired,1xitem.iguana.tcon.clayBucket@23,黏土桶(液态末影),IguanaTweaksTConstruct:clayBucketsTinkers
ender,2000,1xitem.capsule.magic@0,空魔力胶囊,MagicBees:capsule.magic,1xitem.capsule.magic@20,谐振熔融末影珍珠魔力胶囊,MagicBees:capsule.magic
ender,1000,1xitem.bucket@0,铁桶,minecraft:bucket,1xitem.MiscUtils.bucket@3,谐振熔融末影珍珠桶,miscutils:bucket
ender,1000,1xic2.itemCellEmpty@0,空单元,IC2:itemCellEmpty,1xgt.metaitem.98@3,液态末影单元,gregtech:gt.metaitem.98
ender,8000,1xitem.capsule.void@0,空虚空胶囊,MagicBees:capsule.void,1xitem.capsule.void@20,谐振熔融末影珍珠虚空胶囊,MagicBees:capsule.void
ender air,1000,1xic2.itemCellEmpty@0,空单元,IC2:itemCellEmpty,1xgt.bwMetaGeneratedcell@25120,末地空气单元,bartworks:gt.bwMetaGeneratedcell
ender_distillation,1000,1xitem.bucket@0,铁桶,minecraft:bucket,1xitem.bucketEnder_distillation@0,桶装深渊露水,EnderIO:bucketEnder_distillation
endergoo,1000,1xic2.itemCellEmpty@0,空单元,IC2:itemCellEmpty,1xgt.metaitem.98@4,末影黏浆单元,gregtech:gt.metaitem.98
endergoo,1000,1xitem.bucket@0,铁桶,minecraft:bucket,1xitem.bucketEnderGoo@0,末影黏浆桶,HardcoreEnderExpansion:bucket_ender_goo
enderium.molten,1000,1xitem.bucket@0,铁桶,minecraft:bucket,1xitem.tconstruct.bucket@30,桶装熔融末影,TConstruct:buckets
enriched naquadah goo,1000,1xic2.itemCellEmpty@0,空单元,IC2:itemCellEmpty,1xgt.bwMetaGeneratedcell@10080,富集硅岩黏浆单元,bartworks:gt.bwMetaGeneratedcell
enriched naquadah waste,1000,1xic2.itemCellEmpty@0,空单元,IC2:itemCellEmpty,1xgt.bwMetaGeneratedcell@25104,富集硅岩废液单元,bartworks:gt.bwMetaGeneratedcell
enriched-naquadah-rich solution,1000,1xic2.itemCellEmpty@0,空单元,IC2:itemCellEmpty,1xgt.bwMetaGeneratedcell@10069,高纯富集硅岩溶液单元,bartworks:gt.bwMetaGeneratedcell
enrichedbacterialsludge,1000,1xic2.itemCellEmpty@0,空单元,IC2:itemCellEmpty,1xgt.metaitem.98@19,富集菌泥单元,gregtech:gt.metaitem.98
entangled_bedrockium,1000,1xic2.itemCellEmpty@0,空单元,IC2:itemCellEmpty,1xitem.gt.cell.entangled_bedrockium@0,纠缠玻色-爱因斯坦凝聚态基岩单元,gregtech:gt.cell.entangled_bedrockium
entangled_celestialtungsten,1000,1xic2.itemCellEmpty@0,空单元,IC2:itemCellEmpty,1xitem.gt.cell.entangled_celestialtungsten@0,纠缠玻色-爱因斯坦凝聚态天体钨单元,gregtech:gt.cell.entangled_celestialtungsten
entangled_chromaticglass,1000,1xic2.itemCellEmpty@0,空单元,IC2:itemCellEmpty,1xitem.gt.cell.entangled_chromaticglass@0,纠缠玻色-爱因斯坦凝聚态彩色玻璃单元,gregtech:gt.cell.entangled_chromaticglass
entangled_cosmicneutronium,1000,1xic2.itemCellEmpty@0,空单元,IC2:itemCellEmpty,1xitem.gt.cell.entangled_cosmicneutronium@0,纠缠玻色-爱因斯坦凝聚态宇宙中子态素单元,gregtech:gt.cell.entangled_cosmicneutronium
entangled_cosmicsolder,1000,1xic2.itemCellEmpty@0,空单元,IC2:itemCellEmpty,1xitem.gt.cell.entangled_cosmicsolder@0,纠缠玻色-爱因斯坦凝聚态寰宇焊料单元,gregtech:gt.cell.entangled_cosmicsolder
entangled_dimshiftedsuperfluid,1000,1xic2.itemCellEmpty@0,空单元,IC2:itemCellEmpty,1xitem.gt.cell.entangled_dimshiftedsuperfluid@0,纠缠玻色-爱因斯坦凝聚态维度偏移超流体单元,gregtech:gt.cell.entangled_dimshiftedsuperfluid
entangled_eternity,1000,1xic2.itemCellEmpty@0,空单元,IC2:itemCellEmpty,1xitem.gt.cell.entangled_eternity@0,纠缠玻色-爱因斯坦凝聚态永恒单元,gregtech:gt.cell.entangled_eternity
entangled_hypogen,1000,1xic2.itemCellEmpty@0,空单元,IC2:itemCellEmpty,1xitem.gt.cell.entangled_hypogen@0,纠缠玻色-爱因斯坦凝聚态海珀珍单元,gregtech:gt.cell.entangled_hypogen
entangled_infinity,1000,1xic2.itemCellEmpty@0,空单元,IC2:itemCellEmpty,1xitem.gt.cell.entangled_infinity@0,纠缠玻色-爱因斯坦凝聚态无尽单元,gregtech:gt.cell.entangled_infinity
entangled_magmatter,1000,1xic2.itemCellEmpty@0,空单元,IC2:itemCellEmpty,1xitem.gt.cell.entangled_magmatter@0,纠缠玻色-爱因斯坦凝聚态磁物质单元,gregtech:gt.cell.entangled_magmatter
entangled_mhdcsm,1000,1xic2.itemCellEmpty@0,空单元,IC2:itemCellEmpty,1xitem.gt.cell.entangled_mhdcsm@0,纠缠玻色-爱因斯坦凝聚态蓝框岩浆单元,gregtech:gt.cell.entangled_mhdcsm
entangled_neutronium,1000,1xic2.itemCellEmpty@0,空单元,IC2:itemCellEmpty,1xitem.gt.cell.entangled_neutronium@0,纠缠玻色-爱因斯坦凝聚态中子单元,gregtech:gt.cell.entangled_neutronium
entangled_space,1000,1xic2.itemCellEmpty@0,空单元,IC2:itemCellEmpty,1xitem.gt.cell.entangled_space@0,纠缠玻色-爱因斯坦凝聚态扩大化空间单元,gregtech:gt.cell.entangled_space
entangled_spacetime,1000,1xic2.itemCellEmpty@0,空单元,IC2:itemCellEmpty,1xitem.gt.cell.entangled_spacetime@0,纠缠玻色-爱因斯坦凝聚态时空单元,gregtech:gt.cell.entangled_spacetime
entangled_time,1000,1xic2.itemCellEmpty@0,空单元,IC2:itemCellEmpty,1xitem.gt.cell.entangled_time@0,纠缠玻色-爱因斯坦凝聚态富快子单元,gregtech:gt.cell.entangled_time
entangled_transcendentmetal,1000,1xic2.itemCellEmpty@0,空单元,IC2:itemCellEmpty,1xitem.gt.cell.entangled_transcendentmetal@0,纠缠玻色-爱因斯坦凝聚态超时空金属单元,gregtech:gt.cell.entangled_transcendentmetal
entangled_universium,1000,1xic2.itemCellEmpty@0,空单元,IC2:itemCellEmpty,1xitem.gt.cell.entangled_universium@0,纠缠玻色-爱因斯坦凝聚态宇宙素单元,gregtech:gt.cell.entangled_universium
entropiccatalyst,1000,1xic2.itemCellEmpty@0,空单元,IC2:itemCellEmpty,1xgt.metaitem.01@30899,混沌催化剂单元,gregtech:gt.metaitem.01
enzymessollution,1000,1xic2.itemCellEmpty@0,空单元,IC2:itemCellEmpty,1xgt.metaitem.98@10,酶溶液单元,gregtech:gt.metaitem.98
eohb-solution,1000,1xic2.itemCellEmpty@0,空单元,IC2:itemCellEmpty,1xgt.bwMetaGeneratedcell@30002,EOHB-Solution单元,bartworks:gt.bwMetaGeneratedcell
erbium chloride concentrate,1000,1xic2.itemCellEmpty@0,空单元,IC2:itemCellEmpty,1xgt.bwMetaGeneratedcell@11442,氯化铒浓缩液单元,bartworks:gt.bwMetaGeneratedcell
erbium extracting nano resin,1000,1xic2.itemCellEmpty@0,空单元,IC2:itemCellEmpty,1xgt.bwMetaGeneratedcell@11423,铒萃取纳米树脂单元,bartworks:gt.bwMetaGeneratedcell
erluoxides solution,1000,1xic2.itemCellEmpty@0,空单元,IC2:itemCellEmpty,1xgt.bwMetaGeneratedcell@25060,饵-镥氧化物单元,bartworks:gt.bwMetaGeneratedcell
escherichiakolifluid,1000,1xic2.itemCellEmpty@0,空单元,IC2:itemCellEmpty,1xgt.metaitem.98@11,大肠杆菌流体单元,gregtech:gt.metaitem.98
ethane,1000,1xic2.itemCellEmpty@0,空单元,IC2:itemCellEmpty,1xgt.metaitem.01@30642,乙烷单元,gregtech:gt.metaitem.01
ethanol gasoline,1000,1xic2.itemCellEmpty@0,空单元,IC2:itemCellEmpty,1xgt.bwMetaGeneratedcell@10086,乙醇汽油单元,bartworks:gt.bwMetaGeneratedcell
ethanolamine,1000,1xic2.itemCellEmpty@0,空单元,IC2:itemCellEmpty,1xgt.bwMetaGeneratedcell@25005,乙醇胺单元,bartworks:gt.bwMetaGeneratedcell
ethenone,1000,1xic2.itemCellEmpty@0,空单元,IC2:itemCellEmpty,1xgt.metaitem.01@30641,乙烯酮单元,gregtech:gt.metaitem.01
ether,1000,1xic2.itemCellEmpty@0,空单元,IC2:itemCellEmpty,1xgt.bwMetaGeneratedcell@10029,乙醚单元,bartworks:gt.bwMetaGeneratedcell
ethylene,1000,1xic2.itemCellEmpty@0,空单元,IC2:itemCellEmpty,1xgt.metaitem.01@30677,乙烯单元,gregtech:gt.metaitem.01
ethylenediamine,1000,1xic2.itemCellEmpty@0,空单元,IC2:itemCellEmpty,1xgt.bwMetaGeneratedcell@25004,乙二胺单元,bartworks:gt.bwMetaGeneratedcell
ethyleneglycol,1000,1xic2.itemCellEmpty@0,空单元,IC2:itemCellEmpty,1xgt.metaitem.01@30787,乙二醇单元,gregtech:gt.metaitem.01
ethyleneoxide,1000,1xic2.itemCellEmpty@0,空单元,IC2:itemCellEmpty,1xgt.metaitem.01@30789,环氧乙烷单元,gregtech:gt.metaitem.01
ethyltertbutylether,1000,1xic2.itemCellEmpty@0,空单元,IC2:itemCellEmpty,1xgt.metaitem.01@30994,抗爆剂单元,gregtech:gt.metaitem.01
europium chloride concentrate,1000,1xic2.itemCellEmpty@0,空单元,IC2:itemCellEmpty,1xgt.bwMetaGeneratedcell@11437,氯化铕浓缩液单元,bartworks:gt.bwMetaGeneratedcell
europium extracting nano resin,1000,1xic2.itemCellEmpty@0,空单元,IC2:itemCellEmpty,1xgt.bwMetaGeneratedcell@11413,铕萃取纳米树脂单元,bartworks:gt.bwMetaGeneratedcell
excited naquadah fuel,1000,1xic2.itemCellEmpty@0,空单元,IC2:itemCellEmpty,1xgt.bwMetaGeneratedcell@25049,激发的混合硅岩基燃料单元,bartworks:gt.bwMetaGeneratedcell
exciteddtcc,1000,1xic2.itemCellEmpty@0,空单元,IC2:itemCellEmpty,1xgt.metaitem.01@30109,激发的粗制超维度催化剂单元,gregtech:gt.metaitem.01
exciteddtec,1000,1xic2.itemCellEmpty@0,空单元,IC2:itemCellEmpty,1xgt.metaitem.01@30126,激发的异星超维度催化剂单元,gregtech:gt.metaitem.01
exciteddtpc,1000,1xic2.itemCellEmpty@0,空单元,IC2:itemCellEmpty,1xgt.metaitem.01@30113,激发的平凡超维度催化剂单元,gregtech:gt.metaitem.01
exciteddtrc,1000,1xic2.itemCellEmpty@0,空单元,IC2:itemCellEmpty,1xgt.metaitem.01@30121,激发的光辉超维度催化剂单元,gregtech:gt.metaitem.01
exciteddtsc,1000,1xic2.itemCellEmpty@0,空单元,IC2:itemCellEmpty,1xgt.metaitem.01@30127,激发的恒星超维度催化剂单元,gregtech:gt.metaitem.01
fermentation.base,1000,1xic2.itemCellEmpty@0,空单元,IC2:itemCellEmpty,1xitem.FermentationBase@0,发酵基单元,miscutils:FermentationBase
fermentedbacterialsludge,1000,1xic2.itemCellEmpty@0,空单元,IC2:itemCellEmpty,1xgt.metaitem.98@20,发酵菌泥单元,gregtech:gt.metaitem.98
fermentedbiomass,1000,1xic2.itemCellEmpty@0,空单元,IC2:itemCellEmpty,1xgt.metaitem.01@30691,发酵生物质单元,gregtech:gt.metaitem.01
ferric ree chloride,1000,1xic2.itemCellEmpty@0,空单元,IC2:itemCellEmpty,1xgt.bwMetaGeneratedcell@25056,含稀土氯化铁单元,bartworks:gt.bwMetaGeneratedcell
ferrocene solution,1000,1xic2.itemCellEmpty@0,空单元,IC2:itemCellEmpty,1xgt.bwMetaGeneratedcell@10091,二茂铁溶液单元,bartworks:gt.bwMetaGeneratedcell
ferrocene waste,1000,1xic2.itemCellEmpty@0,空单元,IC2:itemCellEmpty,1xgt.bwMetaGeneratedcell@10092,二茂铁废水单元,bartworks:gt.bwMetaGeneratedcell
fieryblood,250,1xitem.glassBottle@0,玻璃瓶,minecraft:glass_bottle,1xitem.fieryBlood@0,炽热的血液,TwilightForest:item.fieryBlood
fieryblood,1000,1xic2.itemCellEmpty@0,空单元,IC2:itemCellEmpty,1xgt.metaitem.99@346,熔融炽热的钢单元,gregtech:gt.metaitem.99
filled cerium extracting nano resin,1000,1xic2.itemCellEmpty@0,空单元,IC2:itemCellEmpty,1xgt.bwMetaGeneratedcell@11406,满溢的铈萃取纳米树脂单元,bartworks:gt.bwMetaGeneratedcell
filled dysprosium extracting nano resin,1000,1xic2.itemCellEmpty@0,空单元,IC2:itemCellEmpty,1xgt.bwMetaGeneratedcell@11420,满溢的镝萃取纳米树脂单元,bartworks:gt.bwMetaGeneratedcell
filled erbium extracting nano resin,1000,1xic2.itemCellEmpty@0,空单元,IC2:itemCellEmpty,1xgt.bwMetaGeneratedcell@11424,满溢的铒萃取纳米树脂单元,bartworks:gt.bwMetaGeneratedcell
filled europium extracting nano resin,1000,1xic2.itemCellEmpty@0,空单元,IC2:itemCellEmpty,1xgt.bwMetaGeneratedcell@11414,满溢的铕萃取纳米树脂单元,bartworks:gt.bwMetaGeneratedcell
filled gadolinium extracting nano resin,1000,1xic2.itemCellEmpty@0,空单元,IC2:itemCellEmpty,1xgt.bwMetaGeneratedcell@11416,满溢的钆萃取纳米树脂单元,bartworks:gt.bwMetaGeneratedcell
filled holmium extracting nano resin,1000,1xic2.itemCellEmpty@0,空单元,IC2:itemCellEmpty,1xgt.bwMetaGeneratedcell@11422,满溢的钬萃取纳米树脂单元,bartworks:gt.bwMetaGeneratedcell
filled lanthanum extracting nano resin,1000,1xic2.itemCellEmpty@0,空单元,IC2:itemCellEmpty,1xgt.bwMetaGeneratedcell@11402,满溢的镧萃取纳米树脂单元,bartworks:gt.bwMetaGeneratedcell
filled lutetium extracting nano resin,1000,1xic2.itemCellEmpty@0,空单元,IC2:itemCellEmpty,1xgt.bwMetaGeneratedcell@11430,满溢的镥萃取纳米树脂单元,bartworks:gt.bwMetaGeneratedcell
filled neodymium extracting nano resin,1000,1xic2.itemCellEmpty@0,空单元,IC2:itemCellEmpty,1xgt.bwMetaGeneratedcell@11408,满溢的钕萃取纳米树脂单元,bartworks:gt.bwMetaGeneratedcell
filled praseodymium extracting nano resin,1000,1xic2.itemCellEmpty@0,空单元,IC2:itemCellEmpty,1xgt.bwMetaGeneratedcell@11404,满溢的镨萃取纳米树脂单元,bartworks:gt.bwMetaGeneratedcell
filled samarium extracting nano resin,1000,1xic2.itemCellEmpty@0,空单元,IC2:itemCellEmpty,1xgt.bwMetaGeneratedcell@11412,满溢的钐萃取纳米树脂单元,bartworks:gt.bwMetaGeneratedcell
filled terbium extracting nano resin,1000,1xic2.itemCellEmpty@0,空单元,IC2:itemCellEmpty,1xgt.bwMetaGeneratedcell@11418,满溢的铽萃取纳米树脂单元,bartworks:gt.bwMetaGeneratedcell
filled thulium extracting nano resin,1000,1xic2.itemCellEmpty@0,空单元,IC2:itemCellEmpty,1xgt.bwMetaGeneratedcell@11426,满溢的铥萃取纳米树脂单元,bartworks:gt.bwMetaGeneratedcell
filled ytterbium extracting nano resin,1000,1xic2.itemCellEmpty@0,空单元,IC2:itemCellEmpty,1xgt.bwMetaGeneratedcell@11428,满溢的镱萃取纳米树脂单元,bartworks:gt.bwMetaGeneratedcell
filtered bastnasite mud,1000,1xic2.itemCellEmpty@0,空单元,IC2:itemCellEmpty,1xgt.bwMetaGeneratedcell@11106,过滤氟碳镧铈泥浆单元,bartworks:gt.bwMetaGeneratedcell
fire_water,1000,1xitem.bucket@0,铁桶,minecraft:bucket,1xitem.bucketFire_water@0,桶装火焰水,EnderIO:bucketFire_water
fishoil,1000,1xic2.itemCellEmpty@0,空单元,IC2:itemCellEmpty,1xgt.metaitem.01@30711,鱼油单元,gregtech:gt.metaitem.01
flocculationwasteliquid,1000,1xic2.itemCellEmpty@0,空单元,IC2:itemCellEmpty,1xgt.metaitem.01@30562,絮凝废液单元,gregtech:gt.metaitem.01
fluid mana,1000,1xic2.itemCellEmpty@0,空单元,IC2:itemCellEmpty,1xgt.bwMetaGeneratedcell@25048,液态魔力单元,bartworks:gt.bwMetaGeneratedcell
fluid.2ethylanthrahydroquinone,1000,1xic2.itemCellEmpty@0,空单元,IC2:itemCellEmpty,1xitem.2Ethylanthrahydroquinone@0,2-乙基蒽氢醌单元,miscutils:2Ethylanthrahydroquinone
fluid.2ethylanthraquinone,1000,1xic2.itemCellEmpty@0,空单元,IC2:itemCellEmpty,1xitem.2Ethylanthraquinone@0,2-乙基蒽醌单元,miscutils:2Ethylanthraquinone
fluid.ammoniumnitrateslurry,1000,1xic2.itemCellEmpty@0,空单元,IC2:itemCellEmpty,1xitem.AmmoniumNitrateSlurry@0,水合硝酸铵浆单元,miscutils:AmmoniumNitrateSlurry
fluid.anthracene,1000,1xic2.itemCellEmpty@0,空单元,IC2:itemCellEmpty,1xitem.Anthracene@0,蒽单元,miscutils:Anthracene
fluid.burntlifbef2thf4uf4,1000,1xic2.itemCellEmpty@0,空单元,IC2:itemCellEmpty,1xitem.BurntLiFBeF2ThF4UF4@0,枯竭铀钍复合氟化物熔盐单元,miscutils:BurntLiFBeF2ThF4UF4
fluid.burntlifbef2zrf4u235,1000,1xic2.itemCellEmpty@0,空单元,IC2:itemCellEmpty,1xitem.BurntLiFBeF2ZrF4U235@0,枯竭铀235复合氟化物熔盐单元,miscutils:BurntLiFBeF2ZrF4U235
fluid.burntlifbef2zrf4uf4,1000,1xic2.itemCellEmpty@0,空单元,IC2:itemCellEmpty,1xitem.BurntLiFBeF2ZrF4UF4@0,枯竭铀锆复合氟化物熔盐单元,miscutils:BurntLiFBeF2ZrF4UF4
fluid.coalgas,1000,1xic2.itemCellEmpty@0,空单元,IC2:itemCellEmpty,1xitem.CoalGas@0,煤气单元,miscutils:CoalGas
fluid.coaltar,1000,1xic2.itemCellEmpty@0,空单元,IC2:itemCellEmpty,1xitem.CoalTar@0,煤焦单元,miscutils:CoalTar
fluid.coaltaroil,1000,1xic2.itemCellEmpty@0,空单元,IC2:itemCellEmpty,1xitem.CoalTarOil@0,煤焦油单元,miscutils:CoalTarOil
fluid.ethylbenzene,1000,1xic2.itemCellEmpty@0,空单元,IC2:itemCellEmpty,1xitem.Ethylbenzene@0,乙苯单元,miscutils:Ethylbenzene
fluid.formaldehyde,1000,1xic2.itemCellEmpty@0,空单元,IC2:itemCellEmpty,1xitem.Formaldehyde@0,甲醛单元,miscutils:Formaldehyde
fluid.geneticmutagen,1000,1xic2.itemCellEmpty@0,空单元,IC2:itemCellEmpty,1xitem.GeneticMutagen@0,遗传诱变剂单元,miscutils:GeneticMutagen
fluid.hydrazine,1000,1xic2.itemCellEmpty@0,空单元,IC2:itemCellEmpty,1xitem.Hydrazine@0,肼单元,miscutils:Hydrazine
fluid.hydrogenperoxide,1000,1xic2.itemCellEmpty@0,空单元,IC2:itemCellEmpty,1xitem.HydrogenPeroxide@0,过氧化氢单元,miscutils:HydrogenPeroxide
fluid.impurelifbef2,1000,1xic2.itemCellEmpty@0,空单元,IC2:itemCellEmpty,1xitem.ImpureLiFBeF2@0,含杂熔盐基单元,miscutils:ImpureLiFBeF2
fluid.kerosene,1000,1xic2.itemCellEmpty@0,空单元,IC2:itemCellEmpty,1xitem.Kerosene@0,煤油单元,miscutils:Kerosene
fluid.liquidhydrogen,1000,1xic2.itemCellEmpty@0,空单元,IC2:itemCellEmpty,1xitem.LiquidHydrogen@0,液氢单元,miscutils:LiquidHydrogen
fluid.lithiumperoxide,1000,1xic2.itemCellEmpty@0,空单元,IC2:itemCellEmpty,1xitem.LithiumPeroxide@0,过氧化锂单元,miscutils:LithiumPeroxide
fluid.monomethylhydrazine,1000,1xic2.itemCellEmpty@0,空单元,IC2:itemCellEmpty,1xitem.Monomethylhydrazine@0,一甲基肼单元,miscutils:Monomethylhydrazine
fluid.naphthalene,1000,1xic2.itemCellEmpty@0,空单元,IC2:itemCellEmpty,1xitem.Naphthalene@0,萘单元,miscutils:Naphthalene
fluid.nitrogentetroxide,1000,1xic2.itemCellEmpty@0,空单元,IC2:itemCellEmpty,1xitem.NitrogenTetroxide@0,四氧化二氮单元,miscutils:NitrogenTetroxide
fluid.raisinjuice,1000,1xic2.itemCellEmpty@0,空单元,IC2:itemCellEmpty,1xitem.RaisinJuice@0,葡萄汁单元,miscutils:RaisinJuice
fluid.rocketfuelmixa,1000,1xic2.itemCellEmpty@0,空单元,IC2:itemCellEmpty,1xitem.RocketFuelMixA@0,H8N4C2O4火箭燃料单元,miscutils:RocketFuelMixA
fluid.rocketfuelmixb,1000,1xic2.itemCellEmpty@0,空单元,IC2:itemCellEmpty,1xitem.RocketFuelMixB@0,RP-1火箭燃料单元,miscutils:RocketFuelMixB
fluid.rocketfuelmixc,1000,1xic2.itemCellEmpty@0,空单元,IC2:itemCellEmpty,1xitem.RocketFuelMixC@0,CN3H7O3火箭燃料单元,miscutils:RocketFuelMixC
fluid.rocketfuelmixd,1000,1xic2.itemCellEmpty@0,空单元,IC2:itemCellEmpty,1xitem.RocketFuelMixD@0,浓缩肼火箭燃料单元,miscutils:RocketFuelMixD
fluid.rp1fuel,1000,1xic2.itemCellEmpty@0,空单元,IC2:itemCellEmpty,1xitem.RP1Fuel@0,RP-1燃料单元,miscutils:RP1Fuel
fluid.sulfuriccoaltaroil,1000,1xic2.itemCellEmpty@0,空单元,IC2:itemCellEmpty,1xitem.SulfuricCoalTarOil@0,含硫煤焦油单元,miscutils:SulfuricCoalTarOil
fluiddeath,1000,1xitem.bucket@0,铁桶,minecraft:bucket,1xitem.ItemBucketDeath@0,桶装死亡之水,Thaumcraft:ItemBucketDeath
fluidgalaxy,1000,1xic2.itemCellEmpty@0,空单元,IC2:itemCellEmpty,1xgt.bwMetaGeneratedcell@12303,FluidGalaxy单元,bartworks:gt.bwMetaGeneratedcell
fluidmushroom,1000,1xitem.bucket@0,铁桶,minecraft:bucket,1xitem.bucketMushroom@0,桶装蘑菇汤,Automagy:bucketMushroom
fluidpure,1000,1xitem.bucket@0,铁桶,minecraft:bucket,1xitem.ItemBucketPure@0,桶装净化之水,Thaumcraft:ItemBucketPure
fluidvishroom,1000,1xitem.bucket@0,铁桶,minecraft:bucket,1xitem.bucketVishroom@0,桶装毒菇汤,Automagy:bucketVishroom
fluidvoid,1000,1xic2.itemCellEmpty@0,空单元,IC2:itemCellEmpty,1xgt.bwMetaGeneratedcell@12304,FluidVoid单元,bartworks:gt.bwMetaGeneratedcell
fluorecentddna,1000,1xic2.itemCellEmpty@0,空单元,IC2:itemCellEmpty,1xgt.metaitem.98@13,荧光DNA单元,gregtech:gt.metaitem.98
fluorine,1000,1xic2.itemCellEmpty@0,空单元,IC2:itemCellEmpty,1xgt.metaitem.01@30014,氟单元,gregtech:gt.metaitem.01
fluorine cracked naquadah,1000,1xic2.itemCellEmpty@0,空单元,IC2:itemCellEmpty,1xgt.bwMetaGeneratedcell@25103,加氟裂化硅岩单元,bartworks:gt.bwMetaGeneratedcell
fluorine-rich waste liquid,1000,1xic2.itemCellEmpty@0,空单元,IC2:itemCellEmpty,1xgt.bwMetaGeneratedcell@10064,富氟废液单元,bartworks:gt.bwMetaGeneratedcell
fluoro benzene,1000,1xic2.itemCellEmpty@0,空单元,IC2:itemCellEmpty,1xgt.bwMetaGeneratedcell@25097,氟苯单元,bartworks:gt.bwMetaGeneratedcell
fluoroantimonic acid,1000,1xic2.itemCellEmpty@0,空单元,IC2:itemCellEmpty,1xgt.bwMetaGeneratedcell@10034,氟锑酸单元,bartworks:gt.bwMetaGeneratedcell
fluoroboric acid,1000,1xic2.itemCellEmpty@0,空单元,IC2:itemCellEmpty,1xgt.bwMetaGeneratedcell@25007,氟硼酸单元,bartworks:gt.bwMetaGeneratedcell
fluoroform,1000,1xic2.itemCellEmpty@0,空单元,IC2:itemCellEmpty,1xgt.bwMetaGeneratedcell@11354,氟仿单元,bartworks:gt.bwMetaGeneratedcell
fluorotoluene,1000,1xic2.itemCellEmpty@0,空单元,IC2:itemCellEmpty,1xgt.bwMetaGeneratedcell@25099,氟甲苯单元,bartworks:gt.bwMetaGeneratedcell
for.honey,1000,1xitem.for.refractoryEmpty@0,耐火胶囊,Forestry:refractoryEmpty,1xitem.for.refractoryHoney@0,蜂蜜胶囊,Forestry:refractoryHoney
for.honey,1000,1xitem.bucket@0,铁桶,minecraft:bucket,1xitem.for.bucketHoney@0,蜂蜜桶,Forestry:bucketHoney
for.honey,1000,1xic2.itemCellEmpty@0,空单元,IC2:itemCellEmpty,1xgt.metaitem.01@30725,蜂蜜单元,gregtech:gt.metaitem.01
for.honey,1000,1xitem.for.canEmpty@0,罐,Forestry:canEmpty,1xitem.for.canHoney@0,蜜罐,Forestry:canHoney
for.honey,1000,1xitem.for.waxCapsule@0,蜂蜡胶囊,Forestry:waxCapsule,1xitem.for.waxCapsuleHoney@0,蜂蜜胶囊,Forestry:waxCapsuleHoney
formic acid,1000,1xic2.itemCellEmpty@0,空单元,IC2:itemCellEmpty,1xgt.bwMetaGeneratedcell@58,甲酸单元,bartworks:gt.bwMetaGeneratedcell
froth.almandineflotation,1000,1xic2.itemCellEmpty@0,空单元,IC2:itemCellEmpty,1xitem.FrothAlmandineflotation@0,铁铝榴石泡沫单元,miscutils:FrothAlmandineflotation
froth.copperflotation,1000,1xic2.itemCellEmpty@0,空单元,IC2:itemCellEmpty,1xitem.FrothCopperflotation@0,黄铜泡沫单元,miscutils:FrothCopperflotation
froth.grossularflotation,1000,1xic2.itemCellEmpty@0,空单元,IC2:itemCellEmpty,1xitem.FrothGrossularflotation@0,钙铝榴石泡沫单元,miscutils:FrothGrossularflotation
froth.monaziteflotation,1000,1xic2.itemCellEmpty@0,空单元,IC2:itemCellEmpty,1xitem.FrothMonaziteflotation@0,独居石泡沫单元,miscutils:FrothMonaziteflotation
froth.naquadahenrichedflotation,1000,1xic2.itemCellEmpty@0,空单元,IC2:itemCellEmpty,1xitem.FrothNaquadahenrichedflotation@0,富集硅岩泡沫单元,sciencenotleisure:FrothNaquadahenrichedflotation
froth.netherrackflotation,1000,1xic2.itemCellEmpty@0,空单元,IC2:itemCellEmpty,1xitem.FrothNetherrackflotation@0,地狱岩泡沫单元,miscutils:FrothNetherrackflotation
froth.nickelflotation,1000,1xic2.itemCellEmpty@0,空单元,IC2:itemCellEmpty,1xitem.FrothNickelflotation@0,镍泡沫单元,miscutils:FrothNickelflotation
froth.pentlanditeflotation,1000,1xic2.itemCellEmpty@0,空单元,IC2:itemCellEmpty,1xitem.FrothPentlanditeflotation@0,镍黄铁泡沫单元,miscutils:FrothPentlanditeflotation
froth.platinumflotation,1000,1xic2.itemCellEmpty@0,空单元,IC2:itemCellEmpty,1xitem.FrothPlatinumflotation@0,铂泡沫单元,miscutils:FrothPlatinumflotation
froth.pyropeflotation,1000,1xic2.itemCellEmpty@0,空单元,IC2:itemCellEmpty,1xitem.FrothPyropeflotation@0,镁铝榴石泡沫单元,miscutils:FrothPyropeflotation
froth.redstoneflotation,1000,1xic2.itemCellEmpty@0,空单元,IC2:itemCellEmpty,1xitem.FrothRedstoneflotation@0,红石泡沫单元,miscutils:FrothRedstoneflotation
froth.spessartineflotation,1000,1xic2.itemCellEmpty@0,空单元,IC2:itemCellEmpty,1xitem.FrothSpessartineflotation@0,锰铝榴石泡沫单元,miscutils:FrothSpessartineflotation
froth.zincflotation,1000,1xic2.itemCellEmpty@0,空单元,IC2:itemCellEmpty,1xitem.FrothZincflotation@0,闪锌泡沫单元,miscutils:FrothZincflotation
fuel,1000,1xitem.for.waxCapsule@0,蜂蜡胶囊,Forestry:waxCapsule,1xitem.for.waxCapsuleFuel@0,耐火燃料胶囊,Forestry:waxCapsuleFuel
fuel,1000,1xgt.metaitem.01@32477,铂打火机（空）,gregtech:gt.metaitem.01,1xgt.metaitem.01@32479,铂打火机（满）,gregtech:gt.metaitem.01
fuel,100,1xgt.metaitem.01@32474,打火机（空）,gregtech:gt.metaitem.01,1xgt.metaitem.01@32476,打火机（满）,gregtech:gt.metaitem.01
fuel,2000,1xitem.capsule.magic@0,空魔力胶囊,MagicBees:capsule.magic,1xitem.capsule.magic@6,燃油魔力胶囊,MagicBees:capsule.magic
fuel,1000,1xitem.bucket@0,铁桶,minecraft:bucket,1xitem.bucketFuel@0,燃油桶,BuildCraft|Energy:bucketFuel
fuel,1000,1xitem.bucket@0,铁桶,minecraft:bucket,1xitem.bucketFuel@0,燃油桶,GalacticraftCore:item.bucketFuel
fuel,1000,1xitem.for.canEmpty@0,罐,Forestry:canEmpty,1xitem.for.canFuel@0,燃料罐,Forestry:canFuel
fuel,8000,1xitem.capsule.void@0,空虚空胶囊,MagicBees:capsule.void,1xitem.capsule.void@6,燃油虚空胶囊,MagicBees:capsule.void
fuel,1000,1xitem.oilCanisterPartial@1001,空罐,GalacticraftCore:item.oilCanisterPartial,1xitem.fuelCanisterPartial@1,燃料罐(满),GalacticraftCore:item.fuelCanisterPartial
fuel,1000,1xitem.for.refractoryEmpty@0,耐火胶囊,Forestry:refractoryEmpty,1xitem.for.refractoryFuel@0,耐火燃料胶囊,Forestry:refractoryFuel
fuel,1000,1xic2.itemCellEmpty@0,空单元,IC2:itemCellEmpty,1xgt.metaitem.01@30708,柴油单元,gregtech:gt.metaitem.01
fuela,1000,1xic2.itemCellEmpty@0,空单元,IC2:itemCellEmpty,1xgt.bwMetaGeneratedcell@12308,FUELA单元,bartworks:gt.bwMetaGeneratedcell
fuela_de,1000,1xic2.itemCellEmpty@0,空单元,IC2:itemCellEmpty,1xgt.bwMetaGeneratedcell@12309,FUELA_DE单元,bartworks:gt.bwMetaGeneratedcell
fulvic acid,1000,1xic2.itemCellEmpty@0,空单元,IC2:itemCellEmpty,1xgt.metaitem.98@37,黄腐酸单元,gregtech:gt.metaitem.98
gadolinium chloride concentrate,1000,1xic2.itemCellEmpty@0,空单元,IC2:itemCellEmpty,1xgt.bwMetaGeneratedcell@11438,氯化钆浓缩液单元,bartworks:gt.bwMetaGeneratedcell
gadolinium extracting nano resin,1000,1xic2.itemCellEmpty@0,空单元,IC2:itemCellEmpty,1xgt.bwMetaGeneratedcell@11415,钆萃取纳米树脂单元,bartworks:gt.bwMetaGeneratedcell
gammabutyrolactone,1000,1xic2.itemCellEmpty@0,空单元,IC2:itemCellEmpty,1xgt.metaitem.01@30776,γ-丁内酯单元,gregtech:gt.metaitem.01
gas_gas,1000,1xic2.itemCellEmpty@0,空单元,IC2:itemCellEmpty,1xgt.metaitem.01@30735,炼油气单元,gregtech:gt.metaitem.01
gas_natural_gas,1000,1xic2.itemCellEmpty@0,空单元,IC2:itemCellEmpty,1xgt.metaitem.01@30733,天然气单元,gregtech:gt.metaitem.01
gas_sulfuricgas,1000,1xic2.itemCellEmpty@0,空单元,IC2:itemCellEmpty,1xgt.metaitem.01@30734,含硫炼油气单元,gregtech:gt.metaitem.01
gasoline,1000,1xic2.itemCellEmpty@0,空单元,IC2:itemCellEmpty,1xgt.metaitem.01@30997,汽油单元,gregtech:gt.metaitem.01
gelatinmixture,1000,1xic2.itemCellEmpty@0,空单元,IC2:itemCellEmpty,1xgt.metaitem.98@32,Gelatin Mixture Cell,gregtech:gt.metaitem.98
gem sluice,1000,1xic2.itemCellEmpty@0,空单元,IC2:itemCellEmpty,1xgt.bwMetaGeneratedcell@25119,宝石泥浆单元,bartworks:gt.bwMetaGeneratedcell
glass,1000,1xitem.bucket@0,铁桶,minecraft:bucket,1xitem.for.bucketGlass@0,液态玻璃桶,Forestry:bucketGlass
glass.molten,1000,1xitem.bucket@0,铁桶,minecraft:bucket,1xitem.tconstruct.bucket@13,桶装熔融玻璃,TConstruct:buckets
glass.molten,1000,1xitem.iguana.tcon.clayBucketFired@0,黏土桶(烤制),IguanaTweaksTConstruct:clayBucketFired,1xitem.iguana.tcon.clayBucket@13,黏土桶(熔融玻璃),IguanaTweaksTConstruct:clayBucketsTinkers
glow thorium,1000,1xic2.itemCellEmpty@0,空单元,IC2:itemCellEmpty,1xgt.bwMetaGeneratedcell@25126,荧光钍燃料单元,bartworks:gt.bwMetaGeneratedcell
glue,1000,1xitem.bucket@0,铁桶,minecraft:bucket,1xitem.tconstruct.bucket@25,桶装黏性凝胶,TConstruct:buckets
glue,1000,1xitem.iguana.tcon.clayBucketFired@0,黏土桶(烤制),IguanaTweaksTConstruct:clayBucketFired,1xitem.iguana.tcon.clayBucket@25,黏土桶(凝胶),IguanaTweaksTConstruct:clayBucketsTinkers
glycerol,1000,1xic2.itemCellEmpty@0,空单元,IC2:itemCellEmpty,1xgt.metaitem.01@30629,甘油单元,gregtech:gt.metaitem.01
glyceryl,1000,1xic2.itemCellEmpty@0,空单元,IC2:itemCellEmpty,1xgt.metaitem.01@30714,硝化甘油单元,gregtech:gt.metaitem.01
glyoxal,1000,1xic2.itemCellEmpty@0,空单元,IC2:itemCellEmpty,1xgt.bwMetaGeneratedcell@25033,乙二醛单元,bartworks:gt.bwMetaGeneratedcell
gold.molten,1000,1xitem.bucket@0,铁桶,minecraft:bucket,1xitem.tconstruct.bucket@1,桶装熔融金,TConstruct:buckets
gold.molten,1000,1xitem.iguana.tcon.clayBucketFired@0,黏土桶(烤制),IguanaTweaksTConstruct:clayBucketFired,1xitem.iguana.tcon.clayBucket@1,黏土桶(熔融金),IguanaTweaksTConstruct:clayBucketsTinkers
grade1purifiedwater,1000,1xic2.itemCellEmpty@0,空单元,IC2:itemCellEmpty,1xgt.metaitem.01@30554,过滤澄清水(一级净化水)单元,gregtech:gt.metaitem.01
grade2purifiedwater,1000,1xic2.itemCellEmpty@0,空单元,IC2:itemCellEmpty,1xgt.metaitem.01@30555,臭氧处理水(二级净化水)单元,gregtech:gt.metaitem.01
grade3purifiedwater,1000,1xic2.itemCellEmpty@0,空单元,IC2:itemCellEmpty,1xgt.metaitem.01@30556,絮凝沉降水(三级净化水)单元,gregtech:gt.metaitem.01
grade4purifiedwater,1000,1xic2.itemCellEmpty@0,空单元,IC2:itemCellEmpty,1xgt.metaitem.01@30557,酸碱中和水(四级净化水)单元,gregtech:gt.metaitem.01
grade5purifiedwater,1000,1xic2.itemCellEmpty@0,空单元,IC2:itemCellEmpty,1xgt.metaitem.01@30558,极温净化水(五级净化水)单元,gregtech:gt.metaitem.01
grade6purifiedwater,1000,1xic2.itemCellEmpty@0,空单元,IC2:itemCellEmpty,1xgt.metaitem.01@30559,紫外辐照水(六级净化水)单元,gregtech:gt.metaitem.01
grade7purifiedwater,1000,1xic2.itemCellEmpty@0,空单元,IC2:itemCellEmpty,1xgt.metaitem.01@30560,去杂脱气水(七级净化水)单元,gregtech:gt.metaitem.01
grade8purifiedwater,1000,1xic2.itemCellEmpty@0,空单元,IC2:itemCellEmpty,1xgt.metaitem.01@30561,理想微粒水(八级净化水)单元,gregtech:gt.metaitem.01
gravel sluice,1000,1xic2.itemCellEmpty@0,空单元,IC2:itemCellEmpty,1xgt.bwMetaGeneratedcell@25116,沙砾泥浆单元,bartworks:gt.bwMetaGeneratedcell
greensapphirejuice,1000,1xic2.itemCellEmpty@0,空单元,IC2:itemCellEmpty,1xgt.metaitem.01@30415,绿色蓝宝石汁单元,gregtech:gt.metaitem.01
growthmediumraw,1000,1xic2.itemCellEmpty@0,空单元,IC2:itemCellEmpty,1xgt.metaitem.01@30608,培养基原液单元,gregtech:gt.metaitem.01
growthmediumsterilized,1000,1xic2.itemCellEmpty@0,空单元,IC2:itemCellEmpty,1xgt.metaitem.01@30609,无菌培养基单元,gregtech:gt.metaitem.01
hafnium tetrachloride solution,1000,1xic2.itemCellEmpty@0,空单元,IC2:itemCellEmpty,1xgt.bwMetaGeneratedcell@11004,四氯化铪溶液单元,bartworks:gt.bwMetaGeneratedcell
hcl10,1000,1xic2.itemCellEmpty@0,空单元,IC2:itemCellEmpty,1xgt.bwMetaGeneratedcell@12312,HCl10单元,bartworks:gt.bwMetaGeneratedcell
hcl100,1000,1xic2.itemCellEmpty@0,空单元,IC2:itemCellEmpty,1xgt.bwMetaGeneratedcell@12313,HCl100单元,bartworks:gt.bwMetaGeneratedcell
hcl1000,1000,1xic2.itemCellEmpty@0,空单元,IC2:itemCellEmpty,1xgt.bwMetaGeneratedcell@12314,HCl1000单元,bartworks:gt.bwMetaGeneratedcell
hcl10000,1000,1xic2.itemCellEmpty@0,空单元,IC2:itemCellEmpty,1xgt.bwMetaGeneratedcell@12315,HCl10000单元,bartworks:gt.bwMetaGeneratedcell
hcl100000,1000,1xic2.itemCellEmpty@0,空单元,IC2:itemCellEmpty,1xgt.bwMetaGeneratedcell@12316,HCl100000单元,bartworks:gt.bwMetaGeneratedcell
headedbauxiteslurry,1000,1xic2.itemCellEmpty@0,空单元,IC2:itemCellEmpty,1xgt.metaitem.01@30410,热铝土泥浆单元,gregtech:gt.metaitem.01
heated fulvic acid,1000,1xic2.itemCellEmpty@0,空单元,IC2:itemCellEmpty,1xgt.metaitem.98@38,热黄腐酸单元,gregtech:gt.metaitem.98
heavy naquadah fuel,1000,1xic2.itemCellEmpty@0,空单元,IC2:itemCellEmpty,1xgt.bwMetaGeneratedcell@10026,重质硅岩燃料单元,bartworks:gt.bwMetaGeneratedcell
heavyradox,1000,1xic2.itemCellEmpty@0,空单元,IC2:itemCellEmpty,1xgt.metaitem.98@29,重拉多X单元,gregtech:gt.metaitem.98
helium,1000,1xic2.itemCellEmpty@0,空单元,IC2:itemCellEmpty,1xgt.metaitem.01@30004,氦单元,gregtech:gt.metaitem.01
helium-3,1000,1xic2.itemCellEmpty@0,空单元,IC2:itemCellEmpty,1xgt.metaitem.01@30005,氦-3单元,gregtech:gt.metaitem.01
hell_blood,1000,1xitem.iguana.tcon.clayBucketFired@0,黏土桶(烤制),IguanaTweaksTConstruct:clayBucketFired,1xitem.iguana.tcon.clayBucket.blood@0,黏土桶(血),IguanaTweaksTConstruct:clayBucketBlood
hexachlorodisilane,1000,1xic2.itemCellEmpty@0,空单元,IC2:itemCellEmpty,1xgt.metaitem.01@30973,六氯乙硅烷单元,gregtech:gt.metaitem.01
hexafluorosilicic acid,1000,1xic2.itemCellEmpty@0,空单元,IC2:itemCellEmpty,1xgt.bwMetaGeneratedcell@98,氟硅酸单元,bartworks:gt.bwMetaGeneratedcell
highly energetic dimensional entropic fluid,1000,1xic2.itemCellEmpty@0,空单元,IC2:itemCellEmpty,1xgt.bwMetaGeneratedcell@20011,高能维度熵流体单元,bartworks:gt.bwMetaGeneratedcell
highoctanegasoline,1000,1xic2.itemCellEmpty@0,空单元,IC2:itemCellEmpty,1xgt.metaitem.01@30998,高辛烷值汽油单元,gregtech:gt.metaitem.01
holmium chloride concentrate,1000,1xic2.itemCellEmpty@0,空单元,IC2:itemCellEmpty,1xgt.bwMetaGeneratedcell@11441,氯化钬浓缩液单元,bartworks:gt.bwMetaGeneratedcell
holmium extracting nano resin,1000,1xic2.itemCellEmpty@0,空单元,IC2:itemCellEmpty,1xgt.bwMetaGeneratedcell@11421,钬萃取纳米树脂单元,bartworks:gt.bwMetaGeneratedcell
holywater,250,1xitem.glassBottle@0,玻璃瓶,minecraft:glass_bottle,1xgt.metaitem.02@32137,圣水,gregtech:gt.metaitem.02
holywater,1000,1xic2.itemCellEmpty@0,空单元,IC2:itemCellEmpty,1xgt.metaitem.01@30729,圣水单元,gregtech:gt.metaitem.01
honey,1000,1xitem.bucket@0,铁桶,minecraft:bucket,1xitem.HoneyBucket@0,蜂蜜桶,sciencenotleisure:HoneyBucket
honey,2000,1xitem.capsule.magic@0,空魔力胶囊,MagicBees:capsule.magic,1xitem.capsule.magic@8,蜂蜜魔力胶囊,MagicBees:capsule.magic
honey,8000,1xitem.capsule.void@0,空虚空胶囊,MagicBees:capsule.void,1xitem.capsule.void@8,蜂蜜虚空胶囊,MagicBees:capsule.void
hootch,1000,1xitem.bucket@0,铁桶,minecraft:bucket,1xitem.bucketHootch@0,桶装烈酒,EnderIO:bucketHootch
hot ruthenium tetroxide solution,1000,1xic2.itemCellEmpty@0,空单元,IC2:itemCellEmpty,1xgt.bwMetaGeneratedcell@67,热四氧化钌溶液单元,bartworks:gt.bwMetaGeneratedcell
hot super coolant,1000,1xic2.itemCellEmpty@0,空单元,IC2:itemCellEmpty,1xgt.bwMetaGeneratedcell@11361,热超级冷却液单元,bartworks:gt.bwMetaGeneratedcell
hotfryingoil,1000,1xic2.itemCellEmpty@0,空单元,IC2:itemCellEmpty,1xgt.metaitem.01@30727,热煎炸油单元,gregtech:gt.metaitem.01
hydrobromic acid,1000,1xic2.itemCellEmpty@0,空单元,IC2:itemCellEmpty,1xgt.bwMetaGeneratedcell@25016,氢溴酸单元,bartworks:gt.bwMetaGeneratedcell
hydrochloricacid_gt5u,1000,1xic2.itemCellEmpty@0,空单元,IC2:itemCellEmpty,1xgt.metaitem.01@30683,氢氯酸单元,gregtech:gt.metaitem.01
hydrofluoricacid,1000,1xic2.itemCellEmpty@0,空单元,IC2:itemCellEmpty,1xic2.itemCellEmpty@15,工业氢氟酸单元,IC2:itemCellEmpty
hydrofluoricacid_gt5u,1000,1xic2.itemCellEmpty@0,空单元,IC2:itemCellEmpty,1xgt.metaitem.01@30667,氢氟酸单元,gregtech:gt.metaitem.01
hydrogen,1000,1xic2.itemCellEmpty@0,空单元,IC2:itemCellEmpty,1xgt.metaitem.01@30001,氢单元,gregtech:gt.metaitem.01
hydrogenchloride,1000,1xic2.itemCellEmpty@0,空单元,IC2:itemCellEmpty,1xic2.itemCellEmpty@18,工业氯化氢单元,IC2:itemCellEmpty
hydrogencyanide,1000,1xic2.itemCellEmpty@0,空单元,IC2:itemCellEmpty,1xitem.itemCellHydrogenCyanide@0,氢氰酸单元,miscutils:itemCellHydrogenCyanide
hydroquinone,1000,1xic2.itemCellEmpty@0,空单元,IC2:itemCellEmpty,1xgt.bwMetaGeneratedcell@25101,对苯二酚单元,bartworks:gt.bwMetaGeneratedcell
hydroxylamine hydrochloride,1000,1xic2.itemCellEmpty@0,空单元,IC2:itemCellEmpty,1xgt.bwMetaGeneratedcell@25021,盐酸羟胺单元,bartworks:gt.bwMetaGeneratedcell
hypochlorousacid,1000,1xic2.itemCellEmpty@0,空单元,IC2:itemCellEmpty,1xgt.metaitem.01@30684,次氯酸单元,gregtech:gt.metaitem.01
ic2biogas,1000,1xic2.itemCellEmpty@0,空单元,IC2:itemCellEmpty,1xic2.itemCellEmpty@7,沼气单元,IC2:itemCellEmpty
ic2biomass,1000,1xic2.itemCellEmpty@0,空单元,IC2:itemCellEmpty,1xic2.itemCellEmpty@6,生物质单元,IC2:itemCellEmpty
ic2constructionfoam,1000,1xic2.itemCellEmpty@0,空单元,IC2:itemCellEmpty,1xic2.itemCellEmpty@4,建筑泡沫单元,IC2:itemCellEmpty
ic2coolant,1000,1xic2.itemCellEmpty@0,空单元,IC2:itemCellEmpty,1xic2.itemCellEmpty@9,冷却液单元,IC2:itemCellEmpty
ic2distilledwater,1000,1xic2.itemCellEmpty@0,空单元,IC2:itemCellEmpty,1xic2.itemCellEmpty@12,蒸馏水单元,IC2:itemCellEmpty
ic2hotcoolant,1000,1xic2.itemCellEmpty@0,空单元,IC2:itemCellEmpty,1xic2.itemCellEmpty@10,热冷却液单元,IC2:itemCellEmpty
ic2pahoehoelava,1000,1xic2.itemCellEmpty@0,空单元,IC2:itemCellEmpty,1xic2.itemCellEmpty@11,熔岩岩浆单元,IC2:itemCellEmpty
ic2steam,1000,1xic2.itemCellEmpty@0,空单元,IC2:itemCellEmpty,1xic2.itemCellEmpty@14,蒸汽单元,IC2:itemCellEmpty
ic2superheatedsteam,1000,1xic2.itemCellEmpty@0,空单元,IC2:itemCellEmpty,1xic2.itemCellEmpty@13,过热蒸汽单元,IC2:itemCellEmpty
ic2uumatter,1000,1xic2.itemCellEmpty@0,空单元,IC2:itemCellEmpty,1xic2.itemCellEmpty@3,UU物质单元,IC2:itemCellEmpty
ice,1000,1xitem.for.canEmpty@0,罐,Forestry:canEmpty,1xitem.for.canIce@0,冰罐,Forestry:canIce
ice,2000,1xitem.capsule.magic@0,空魔力胶囊,MagicBees:capsule.magic,1xitem.capsule.magic@10,冰魔力胶囊,MagicBees:capsule.magic
ice,8000,1xitem.capsule.void@0,空虚空胶囊,MagicBees:capsule.void,1xitem.capsule.void@10,冰虚空胶囊,MagicBees:capsule.void
ice,1000,1xitem.bucket@0,铁桶,minecraft:bucket,1xitem.for.bucketIce@0,碎冰桶,Forestry:bucketIce
ice,1000,1xic2.itemCellEmpty@0,空单元,IC2:itemCellEmpty,1xgt.metaitem.01@30702,冰单元,gregtech:gt.metaitem.01
ice,1000,1xitem.for.waxCapsule@0,蜂蜡胶囊,Forestry:waxCapsule,1xitem.for.waxCapsuleIce@0,耐火冰胶囊,Forestry:waxCapsuleIce
ice,1000,1xitem.for.refractoryEmpty@0,耐火胶囊,Forestry:refractoryEmpty,1xitem.for.refractoryIce@0,耐火冰胶囊,Forestry:refractoryIce
impure ferrocene mixture,1000,1xic2.itemCellEmpty@0,空单元,IC2:itemCellEmpty,1xgt.bwMetaGeneratedcell@10090,含杂二茂铁混合物单元,bartworks:gt.bwMetaGeneratedcell
inactivecosmicsolder,1000,1xic2.itemCellEmpty@0,空单元,IC2:itemCellEmpty,1xgt.metaitem.01@30114,惰性寰宇焊料单元,gregtech:gt.metaitem.01
indiumconcentrate,1000,1xic2.itemCellEmpty@0,空单元,IC2:itemCellEmpty,1xgt.metaitem.98@25,铟富集溶液单元,gregtech:gt.metaitem.98
invar.molten,1000,1xitem.bucket@0,铁桶,minecraft:bucket,1xitem.tconstruct.bucket@21,桶装熔融殷钢,TConstruct:buckets
invar.molten,1000,1xitem.iguana.tcon.clayBucketFired@0,黏土桶(烤制),IguanaTweaksTConstruct:clayBucketFired,1xitem.iguana.tcon.clayBucket@21,黏土桶(熔融殷钢),IguanaTweaksTConstruct:clayBucketsTinkers
iodine,1000,1xic2.itemCellEmpty@0,空单元,IC2:itemCellEmpty,1xgt.bwMetaGeneratedcell@11012,碘单元,bartworks:gt.bwMetaGeneratedcell
iron ii chloride,1000,1xic2.itemCellEmpty@0,空单元,IC2:itemCellEmpty,1xgt.bwMetaGeneratedcell@10088,氯化亚铁单元,bartworks:gt.bwMetaGeneratedcell
iron.molten,1000,1xitem.bucket@0,铁桶,minecraft:bucket,1xitem.tconstruct.bucket@0,桶装熔融铁,TConstruct:buckets
iron.molten,1000,1xitem.iguana.tcon.clayBucketFired@0,黏土桶(烤制),IguanaTweaksTConstruct:clayBucketFired,1xitem.iguana.tcon.clayBucket@0,黏土桶(熔融铁),IguanaTweaksTConstruct:clayBucketsTinkers
ironiiichloride,1000,1xic2.itemCellEmpty@0,空单元,IC2:itemCellEmpty,1xgt.metaitem.01@30693,三氯化铁单元,gregtech:gt.metaitem.01
isobutyraldehyde,1000,1xic2.itemCellEmpty@0,空单元,IC2:itemCellEmpty,1xgt.metaitem.01@30792,异丁醛单元,gregtech:gt.metaitem.01
isoprene,1000,1xic2.itemCellEmpty@0,空单元,IC2:itemCellEmpty,1xgt.metaitem.01@30638,异戊二烯单元,gregtech:gt.metaitem.01
isopropylbenzene,1000,1xic2.itemCellEmpty@0,空单元,IC2:itemCellEmpty,1xgt.metaitem.01@30688,异丙苯单元,gregtech:gt.metaitem.01
jet fuel a,1000,1xic2.itemCellEmpty@0,空单元,IC2:itemCellEmpty,1xgt.bwMetaGeneratedcell@10095,航空煤油A单元,bartworks:gt.bwMetaGeneratedcell
jet fuel no.3,1000,1xic2.itemCellEmpty@0,空单元,IC2:itemCellEmpty,1xgt.bwMetaGeneratedcell@10094,航空煤油#3单元,bartworks:gt.bwMetaGeneratedcell
juice,1000,1xitem.for.refractoryEmpty@0,耐火胶囊,Forestry:refractoryEmpty,1xitem.for.refractoryJuice@0,耐火果汁胶囊,Forestry:refractoryJuice
juice,1000,1xitem.bucket@0,铁桶,minecraft:bucket,1xitem.for.bucketJuice@0,果汁桶,Forestry:bucketJuice
juice,1000,1xitem.for.canEmpty@0,罐,Forestry:canEmpty,1xitem.for.canJuice@0,果汁罐,Forestry:canJuice
juice,2000,1xitem.capsule.magic@0,空魔力胶囊,MagicBees:capsule.magic,1xitem.capsule.magic@9,果汁魔力胶囊,MagicBees:capsule.magic
juice,8000,1xitem.capsule.void@0,空虚空胶囊,MagicBees:capsule.void,1xitem.capsule.void@9,果汁虚空胶囊,MagicBees:capsule.void
juice,1000,1xitem.for.waxCapsule@0,蜂蜡胶囊,Forestry:waxCapsule,1xitem.for.waxCapsuleJuice@0,耐火果汁胶囊,Forestry:waxCapsuleJuice
kerogen,1000,1xic2.itemCellEmpty@0,空单元,IC2:itemCellEmpty,1xgt.metaitem.98@39,油母质单元,gregtech:gt.metaitem.98
krypton,1000,1xic2.itemCellEmpty@0,空单元,IC2:itemCellEmpty,1xitem.itemCellKrypton@0,氪单元,miscutils:itemCellKrypton
krypton,1000,1xic2.itemCellEmpty@0,空单元,IC2:itemCellEmpty,1xgt.bwMetaGeneratedcell@42,氪单元,bartworks:gt.bwMetaGeneratedcell
l.c.l,1000,1xic2.itemCellEmpty@0,空单元,IC2:itemCellEmpty,1xgt.bwMetaGeneratedcell@12306,L.C.L单元,bartworks:gt.bwMetaGeneratedcell
landoxides solution,1000,1xic2.itemCellEmpty@0,空单元,IC2:itemCellEmpty,1xgt.bwMetaGeneratedcell@25057,镧-钕氧化物单元,bartworks:gt.bwMetaGeneratedcell
lanthanum chloride concentrate,1000,1xic2.itemCellEmpty@0,空单元,IC2:itemCellEmpty,1xgt.bwMetaGeneratedcell@11431,氯化镧浓缩液单元,bartworks:gt.bwMetaGeneratedcell
lanthanum extracting nano resin,1000,1xic2.itemCellEmpty@0,空单元,IC2:itemCellEmpty,1xgt.bwMetaGeneratedcell@11401,镧萃取纳米树脂单元,bartworks:gt.bwMetaGeneratedcell
large baka,1000,1xic2.itemCellEmpty@0,空单元,IC2:itemCellEmpty,1xgt.bwMetaGeneratedcell@25108,𫟼苯氮单元,bartworks:gt.bwMetaGeneratedcell
latex,1000,1xitem.for.canEmpty@0,罐,Forestry:canEmpty,1xitem.containerCan@130,乳胶胶囊,BinnieCore:containerCan
latex,1000,1xitem.misc@8,玻璃罐,Genetics:misc,1xitem.containerCylinder@130,乳胶玻璃罐,BinnieCore:containerCylinder
latex,1000,1xitem.bucket@0,铁桶,minecraft:bucket,1xitem.containerBucket@130,乳胶桶,BinnieCore:containerBucket
latex,1000,1xitem.glassBottle@0,玻璃瓶,minecraft:glass_bottle,1xitem.containerGlass@130,乳胶瓶,BinnieCore:containerGlass
latex,1000,1xitem.for.refractoryEmpty@0,耐火胶囊,Forestry:refractoryEmpty,1xitem.containerRefractory@130,乳胶耐火胶囊,BinnieCore:containerRefractory
latex,1000,1xitem.for.waxCapsule@0,蜂蜡胶囊,Forestry:waxCapsule,1xitem.containerCapsule@130,乳胶胶囊,BinnieCore:containerCapsule
lava,1000,0xitem.iguana.tcon.clayBucketFired@0,黏土桶(烤制),IguanaTweaksTConstruct:clayBucketFired,1xitem.iguana.tcon.clayBucket.Lava@0,黏土桶(岩浆),IguanaTweaksTConstruct:clayBucketLava
lava,1000,1xic2.itemCellEmpty@0,空单元,IC2:itemCellEmpty,1xic2.itemCellEmpty@2,岩浆单元,IC2:itemCellEmpty
lava,1000,1xitem.for.refractoryEmpty@0,耐火胶囊,Forestry:refractoryEmpty,1xitem.for.refractoryLava@0,耐火岩浆胶囊,Forestry:refractoryLava
lava,2000,1xitem.capsule.magic@0,空魔力胶囊,MagicBees:capsule.magic,1xitem.capsule.magic@2,岩浆魔力胶囊,MagicBees:capsule.magic
lava,1000,1xitem.for.canEmpty@0,罐,Forestry:canEmpty,1xitem.for.canLava@0,岩浆罐,Forestry:canLava
lava,8000,1xitem.capsule.void@0,空虚空胶囊,MagicBees:capsule.void,1xitem.capsule.void@2,岩浆虚空胶囊,MagicBees:capsule.void
lava,1000,1xitem.bucket@0,铁桶,minecraft:bucket,1xitem.bucketLava@0,岩浆桶,minecraft:lava_bucket
lead.molten,1000,1xitem.bucket@0,铁桶,minecraft:bucket,1xitem.tconstruct.bucket@18,桶装熔融铅,TConstruct:buckets
lead.molten,1000,1xitem.iguana.tcon.clayBucketFired@0,黏土桶(烤制),IguanaTweaksTConstruct:clayBucketFired,1xitem.iguana.tcon.clayBucket@18,黏土桶(熔融铅),IguanaTweaksTConstruct:clayBucketsTinkers
leadzincsolution,1000,1xic2.itemCellEmpty@0,空单元,IC2:itemCellEmpty,1xgt.metaitem.98@26,铅锌溶液单元,gregtech:gt.metaitem.98
lifeessence,1000,1xic2.itemCellEmpty@0,空单元,IC2:itemCellEmpty,1xgt.metaitem.01@30694,生命本质单元,gregtech:gt.metaitem.01
lifeessence,1000,1xitem.bucket@0,铁桶,minecraft:bucket,1xitem.bucketLife@0,生命之桶,AWWayofTime:bucketLife
light naquadah fuel,1000,1xic2.itemCellEmpty@0,空单元,IC2:itemCellEmpty,1xgt.bwMetaGeneratedcell@10025,轻质硅岩燃料单元,bartworks:gt.bwMetaGeneratedcell
lightlyhydrocracked.butadiene,1000,1xic2.itemCellEmpty@0,空单元,IC2:itemCellEmpty,1xgt.metaitem.99@10646,轻度加氢裂化丁二烯单元,gregtech:gt.metaitem.99
lightlyhydrocracked.butane,1000,1xic2.itemCellEmpty@0,空单元,IC2:itemCellEmpty,1xgt.metaitem.99@10644,轻度加氢裂化丁烷单元,gregtech:gt.metaitem.99
lightlyhydrocracked.butene,1000,1xic2.itemCellEmpty@0,空单元,IC2:itemCellEmpty,1xgt.metaitem.99@10645,轻度加氢裂化丁烯单元,gregtech:gt.metaitem.99
lightlyhydrocracked.ethane,1000,1xic2.itemCellEmpty@0,空单元,IC2:itemCellEmpty,1xgt.metaitem.99@10642,轻度加氢裂化乙烷单元,gregtech:gt.metaitem.99
lightlyhydrocracked.ethylene,1000,1xic2.itemCellEmpty@0,空单元,IC2:itemCellEmpty,1xgt.metaitem.99@10677,轻度加氢裂化乙烯单元,gregtech:gt.metaitem.99
lightlyhydrocracked.gas,1000,1xic2.itemCellEmpty@0,空单元,IC2:itemCellEmpty,1xgt.metaitem.99@10735,轻度加氢裂化炼油气单元,gregtech:gt.metaitem.99
lightlyhydrocracked.heavyfuel,1000,1xic2.itemCellEmpty@0,空单元,IC2:itemCellEmpty,1xgt.metaitem.99@10741,轻度加氢裂化重燃油单元,gregtech:gt.metaitem.99
lightlyhydrocracked.lightfuel,1000,1xic2.itemCellEmpty@0,空单元,IC2:itemCellEmpty,1xgt.metaitem.99@10740,轻度加氢裂化轻燃油单元,gregtech:gt.metaitem.99
lightlyhydrocracked.naphtha,1000,1xic2.itemCellEmpty@0,空单元,IC2:itemCellEmpty,1xgt.metaitem.99@10739,轻度加氢裂化石脑油单元,gregtech:gt.metaitem.99
lightlyhydrocracked.propane,1000,1xic2.itemCellEmpty@0,空单元,IC2:itemCellEmpty,1xgt.metaitem.99@10643,轻度加氢裂化丙烷单元,gregtech:gt.metaitem.99
lightlyhydrocracked.propene,1000,1xic2.itemCellEmpty@0,空单元,IC2:itemCellEmpty,1xgt.metaitem.99@10678,轻度加氢裂化丙烯单元,gregtech:gt.metaitem.99
lightlysteamcracked.butadiene,1000,1xic2.itemCellEmpty@0,空单元,IC2:itemCellEmpty,1xgt.metaitem.99@13646,轻度蒸汽裂化丁二烯单元,gregtech:gt.metaitem.99
lightlysteamcracked.butane,1000,1xic2.itemCellEmpty@0,空单元,IC2:itemCellEmpty,1xgt.metaitem.99@13644,轻度蒸汽裂化丁烷单元,gregtech:gt.metaitem.99
lightlysteamcracked.butene,1000,1xic2.itemCellEmpty@0,空单元,IC2:itemCellEmpty,1xgt.metaitem.99@13645,轻度蒸汽裂化丁烯单元,gregtech:gt.metaitem.99
lightlysteamcracked.ethane,1000,1xic2.itemCellEmpty@0,空单元,IC2:itemCellEmpty,1xgt.metaitem.99@13642,轻度蒸汽裂化乙烷单元,gregtech:gt.metaitem.99
lightlysteamcracked.ethylene,1000,1xic2.itemCellEmpty@0,空单元,IC2:itemCellEmpty,1xgt.metaitem.99@13677,轻度蒸汽裂化乙烯单元,gregtech:gt.metaitem.99
lightlysteamcracked.gas,1000,1xic2.itemCellEmpty@0,空单元,IC2:itemCellEmpty,1xgt.metaitem.99@13735,轻度蒸汽裂化炼油气单元,gregtech:gt.metaitem.99
lightlysteamcracked.heavyfuel,1000,1xic2.itemCellEmpty@0,空单元,IC2:itemCellEmpty,1xgt.metaitem.99@13741,轻度蒸汽裂化重燃油单元,gregtech:gt.metaitem.99
lightlysteamcracked.lightfuel,1000,1xic2.itemCellEmpty@0,空单元,IC2:itemCellEmpty,1xgt.metaitem.99@13740,轻度蒸汽裂化轻燃油单元,gregtech:gt.metaitem.99
lightlysteamcracked.naphtha,1000,1xic2.itemCellEmpty@0,空单元,IC2:itemCellEmpty,1xgt.metaitem.99@13739,轻度蒸汽裂化石脑油单元,gregtech:gt.metaitem.99
lightlysteamcracked.propane,1000,1xic2.itemCellEmpty@0,空单元,IC2:itemCellEmpty,1xgt.metaitem.99@13643,轻度蒸汽裂化丙烷单元,gregtech:gt.metaitem.99
lightlysteamcracked.propene,1000,1xic2.itemCellEmpty@0,空单元,IC2:itemCellEmpty,1xgt.metaitem.99@13678,轻度蒸汽裂化丙烯单元,gregtech:gt.metaitem.99
lightradox,1000,1xic2.itemCellEmpty@0,空单元,IC2:itemCellEmpty,1xgt.metaitem.98@31,轻拉多X单元,gregtech:gt.metaitem.98
liquid ender air,1000,1xic2.itemCellEmpty@0,空单元,IC2:itemCellEmpty,1xgt.bwMetaGeneratedcell@25121,液态末地空气单元,bartworks:gt.bwMetaGeneratedcell
liquid helium,1000,1xic2.itemCellEmpty@0,空单元,IC2:itemCellEmpty,1xgt.bwMetaGeneratedcell@11500,液氦单元,bartworks:gt.bwMetaGeneratedcell
liquid mana,1000,1xic2.itemCellEmpty@0,空单元,IC2:itemCellEmpty,1xgt.bwMetaGeneratedcell@20006,液态魔力单元,bartworks:gt.bwMetaGeneratedcell
liquid stargate,1000,1xic2.itemCellEmpty@0,空单元,IC2:itemCellEmpty,1xgt.bwMetaGeneratedcell@20009,液态星门单元,bartworks:gt.bwMetaGeneratedcell
liquid_drillingfluid,1000,1xic2.itemCellEmpty@0,空单元,IC2:itemCellEmpty,1xgt.metaitem.98@5,钻井液单元,gregtech:gt.metaitem.98
liquid_epichlorhydrin,1000,1xic2.itemCellEmpty@0,空单元,IC2:itemCellEmpty,1xgt.metaitem.01@30648,环氧氯丙烷单元,gregtech:gt.metaitem.01
liquid_extra_heavy_oil,1000,1xic2.itemCellEmpty@0,空单元,IC2:itemCellEmpty,1xgt.metaitem.01@30570,极重油单元,gregtech:gt.metaitem.01
liquid_heavy_fuel,1000,1xic2.itemCellEmpty@0,空单元,IC2:itemCellEmpty,1xgt.metaitem.01@30741,重燃油单元,gregtech:gt.metaitem.01
liquid_heavy_oil,1000,1xic2.itemCellEmpty@0,空单元,IC2:itemCellEmpty,1xgt.metaitem.01@30730,重油单元,gregtech:gt.metaitem.01
liquid_hydricsulfur,1000,1xic2.itemCellEmpty@0,空单元,IC2:itemCellEmpty,1xgt.metaitem.01@30460,硫化氢单元,gregtech:gt.metaitem.01
liquid_light_fuel,1000,1xic2.itemCellEmpty@0,空单元,IC2:itemCellEmpty,1xgt.metaitem.01@30740,轻燃油单元,gregtech:gt.metaitem.01
liquid_light_oil,1000,1xic2.itemCellEmpty@0,空单元,IC2:itemCellEmpty,1xgt.metaitem.01@30732,轻油单元,gregtech:gt.metaitem.01
liquid_lpg,1000,1xic2.itemCellEmpty@0,空单元,IC2:itemCellEmpty,1xgt.metaitem.01@30742,液化石油气单元,gregtech:gt.metaitem.01
liquid_medium_oil,1000,1xic2.itemCellEmpty@0,空单元,IC2:itemCellEmpty,1xgt.metaitem.01@30731,原油单元,gregtech:gt.metaitem.01
liquid_naphtha,1000,1xic2.itemCellEmpty@0,空单元,IC2:itemCellEmpty,1xgt.metaitem.01@30739,石脑油单元,gregtech:gt.metaitem.01
liquid_nitrationmixture,1000,1xic2.itemCellEmpty@0,空单元,IC2:itemCellEmpty,1xgt.metaitem.01@30628,硝酸混酸单元,gregtech:gt.metaitem.01
liquid_sodium,1000,1xic2.itemCellEmpty@0,空单元,IC2:itemCellEmpty,1xgt.metaitem.01@30017,钠单元,gregtech:gt.metaitem.01
liquid_sufluriclight_fuel,1000,1xic2.itemCellEmpty@0,空单元,IC2:itemCellEmpty,1xgt.metaitem.01@30737,含硫轻燃油单元,gregtech:gt.metaitem.01
liquid_sulfuricheavy_fuel,1000,1xic2.itemCellEmpty@0,空单元,IC2:itemCellEmpty,1xgt.metaitem.01@30738,含硫重燃油单元,gregtech:gt.metaitem.01
liquid_sulfuricnaphtha,1000,1xic2.itemCellEmpty@0,空单元,IC2:itemCellEmpty,1xgt.metaitem.01@30736,含硫石脑油单元,gregtech:gt.metaitem.01
liquid_sunshine,1000,1xitem.bucket@0,铁桶,minecraft:bucket,1xitem.bucketLiquid_sunshine@0,桶装液态阳光,EnderIO:bucketLiquid_sunshine
liquid_toluene,1000,1xic2.itemCellEmpty@0,空单元,IC2:itemCellEmpty,1xgt.metaitem.01@30647,甲苯单元,gregtech:gt.metaitem.01
liquidair,1000,1xic2.itemCellEmpty@0,空单元,IC2:itemCellEmpty,1xgt.metaitem.01@30495,液态空气单元,gregtech:gt.metaitem.01
liquidcrystalkevlar,1000,1xic2.itemCellEmpty@0,空单元,IC2:itemCellEmpty,1xgt.metaitem.01@30774,液晶凯芙拉单元,gregtech:gt.metaitem.01
liquiddna,1000,1xitem.bucket@0,铁桶,minecraft:bucket,1xitem.gendustry.liquiddna.bucket@0,液态DNA桶,gendustry:LiquidDNABucket
liquiddna,1000,1xitem.for.canEmpty@0,罐,Forestry:canEmpty,1xitem.gendustry.liquiddna.can@0,液态DNA罐,gendustry:LiquidDNACan
liquiddna,2000,1xitem.capsule.magic@0,空魔力胶囊,MagicBees:capsule.magic,1xitem.capsule.magic@15,液态DNA魔力胶囊,MagicBees:capsule.magic
liquiddna,1000,1xic2.itemCellEmpty@0,空单元,IC2:itemCellEmpty,1xgt.metaitem.98@16,液态DNA单元,gregtech:gt.metaitem.98
liquiddna,8000,1xitem.capsule.void@0,空虚空胶囊,MagicBees:capsule.void,1xitem.capsule.void@15,液态DNA虚空胶囊,MagicBees:capsule.void
liquidmethane,1000,1xitem.bucket@0,铁桶,minecraft:bucket,1xitem.MethaneBucket@0,液态甲烷桶,GalaxySpace:item.MethaneBucket
liquidnitrogen,1000,1xitem.misc@8,玻璃罐,Genetics:misc,1xitem.containerCylinder@66,液氮玻璃罐,BinnieCore:containerCylinder
liquidnitrogen,2000,1xitem.capsule.magic@0,空魔力胶囊,MagicBees:capsule.magic,1xitem.capsule.magic@14,液氮魔力胶囊,MagicBees:capsule.magic
liquidnitrogen,1000,1xitem.glassBottle@0,玻璃瓶,minecraft:glass_bottle,1xitem.containerGlass@66,液氮瓶,BinnieCore:containerGlass
liquidnitrogen,8000,1xitem.capsule.void@0,空虚空胶囊,MagicBees:capsule.void,1xitem.capsule.void@14,液氮虚空胶囊,MagicBees:capsule.void
liquidnitrogen,1000,1xitem.bucket@0,铁桶,minecraft:bucket,1xitem.containerBucket@66,液氮桶,BinnieCore:containerBucket
liquidnitrogen,1000,1xitem.for.refractoryEmpty@0,耐火胶囊,Forestry:refractoryEmpty,1xitem.containerRefractory@66,液氮耐火胶囊,BinnieCore:containerRefractory
liquidnitrogen,1000,1xitem.for.waxCapsule@0,蜂蜡胶囊,Forestry:waxCapsule,1xitem.containerCapsule@66,液氮胶囊,BinnieCore:containerCapsule
liquidnitrogen,1000,1xic2.itemCellEmpty@0,空单元,IC2:itemCellEmpty,1xgt.metaitem.01@30494,液氮单元,gregtech:gt.metaitem.01
liquidnitrogen,1000,1xitem.for.canEmpty@0,罐,Forestry:canEmpty,1xitem.containerCan@66,液氮胶囊,BinnieCore:containerCan
liquidnitrogen,1000,1xitem.oilCanisterPartial@1001,空罐,GalacticraftCore:item.oilCanisterPartial,1xitem.canisterPartialLN2@1,灌装液态氮(满),GalacticraftMars:item.canisterPartialLN2
liquidoxygen,1000,1xitem.oilCanisterPartial@1001,空罐,GalacticraftCore:item.oilCanisterPartial,1xitem.canisterPartialLOX@1,罐装液态氧(满),GalacticraftMars:item.canisterPartialLOX
liquidoxygen,1000,1xic2.itemCellEmpty@0,空单元,IC2:itemCellEmpty,1xgt.metaitem.01@30493,液氧单元,gregtech:gt.metaitem.01
liquidresin,1000,1xic2.itemCellEmpty@0,空单元,IC2:itemCellEmpty,1xitem.liquidresin@0,液态树脂单元,miscutils:liquidresin
lithiumhydroxide,1000,1xic2.itemCellEmpty@0,空单元,IC2:itemCellEmpty,1xic2.itemCellEmpty@20,氢氧化锂单元,IC2:itemCellEmpty
low quality naquadah emulsion,1000,1xic2.itemCellEmpty@0,空单元,IC2:itemCellEmpty,1xgt.bwMetaGeneratedcell@10056,低纯硅岩乳液单元,bartworks:gt.bwMetaGeneratedcell
low quality naquadah solution,1000,1xic2.itemCellEmpty@0,空单元,IC2:itemCellEmpty,1xgt.bwMetaGeneratedcell@10058,低纯硅岩溶液单元,bartworks:gt.bwMetaGeneratedcell
low quality naquadria sulphate,1000,1xic2.itemCellEmpty@0,空单元,IC2:itemCellEmpty,1xgt.bwMetaGeneratedcell@10077,低纯硫酸超能硅岩单元,bartworks:gt.bwMetaGeneratedcell
lubricant,1000,1xic2.itemCellEmpty@0,空单元,IC2:itemCellEmpty,1xgt.metaitem.01@30724,润滑油单元,gregtech:gt.metaitem.01
lumium.molten,1000,1xitem.bucket@0,铁桶,minecraft:bucket,1xitem.tconstruct.bucket@27,桶装熔融流明,TConstruct:buckets
lutetium chloride concentrate,1000,1xic2.itemCellEmpty@0,空单元,IC2:itemCellEmpty,1xgt.bwMetaGeneratedcell@11445,氯化镥浓缩液单元,bartworks:gt.bwMetaGeneratedcell
lutetium extracting nano resin,1000,1xic2.itemCellEmpty@0,空单元,IC2:itemCellEmpty,1xgt.bwMetaGeneratedcell@11429,镥萃取纳米树脂单元,bartworks:gt.bwMetaGeneratedcell
maleic anhydride,1000,1xic2.itemCellEmpty@0,空单元,IC2:itemCellEmpty,1xgt.bwMetaGeneratedcell@25039,顺丁烯二酸酐单元,bartworks:gt.bwMetaGeneratedcell
manyullyn.molten,1000,1xitem.bucket@0,铁桶,minecraft:bucket,1xitem.tconstruct.bucket@9,桶装熔融玛玉灵,TConstruct:buckets
manyullyn.molten,1000,1xitem.iguana.tcon.clayBucketFired@0,黏土桶(烤制),IguanaTweaksTConstruct:clayBucketFired,1xitem.iguana.tcon.clayBucket@9,黏土桶(熔融玛玉灵),IguanaTweaksTConstruct:clayBucketsTinkers
mcguffium,250,1xitem.glassBottle@0,玻璃瓶,minecraft:glass_bottle,1xgt.metaitem.01@32765,麦高芬239,gregtech:gt.metaitem.01
mcguffium,1000,1xic2.itemCellEmpty@0,空单元,IC2:itemCellEmpty,1xgt.metaitem.01@30999,麦高芬239单元,gregtech:gt.metaitem.01
mead,1000,1xitem.for.canEmpty@0,罐,Forestry:canEmpty,1xitem.for.canMead@0,蜂蜜陈酿罐,Forestry:canMead
mead,1000,1xitem.bucket@0,铁桶,minecraft:bucket,1xitem.for.bucketMead@0,蜂蜜陈酿桶,Forestry:bucketMead
mead,1000,1xitem.for.waxCapsule@0,蜂蜡胶囊,Forestry:waxCapsule,1xitem.for.waxCapsuleMead@0,蜂蜜陈酿胶囊,Forestry:waxCapsuleMead
mead,1000,1xitem.for.refractoryEmpty@0,耐火胶囊,Forestry:refractoryEmpty,1xitem.for.refractoryMead@0,蜂蜜陈酿胶囊,Forestry:refractoryMead
mead,1000,1xitem.glassBottle@0,玻璃瓶,minecraft:glass_bottle,1xitem.for.beverage@2,蜂蜜陈酿,Forestry:beverage
meatextract,1000,1xic2.itemCellEmpty@0,空单元,IC2:itemCellEmpty,1xgt.metaitem.98@33,Meat Extract Cell,gregtech:gt.metaitem.98
melonjuice,1000,1xitem.glassBottle@0,玻璃瓶,minecraft:glass_bottle,1xitem.adventurebackpack:melonJuiceBottle@0,西瓜汁,adventurebackpack:melonJuiceBottle
mercury,1000,1xic2.itemCellEmpty@0,空单元,IC2:itemCellEmpty,1xgt.metaitem.01@30087,汞单元,gregtech:gt.metaitem.01
methane,1000,1xitem.oilCanisterPartial@1001,空罐,GalacticraftCore:item.oilCanisterPartial,1xitem.methaneCanisterPartial@1,甲烷气体罐(满),GalacticraftMars:item.methaneCanisterPartial
methane,1000,1xic2.itemCellEmpty@0,空单元,IC2:itemCellEmpty,1xgt.metaitem.01@30715,甲烷单元,gregtech:gt.metaitem.01
methanol,1000,1xic2.itemCellEmpty@0,空单元,IC2:itemCellEmpty,1xgt.metaitem.01@30673,甲醇单元,gregtech:gt.metaitem.01
methylacetate,1000,1xic2.itemCellEmpty@0,空单元,IC2:itemCellEmpty,1xgt.metaitem.01@30681,乙酸甲酯单元,gregtech:gt.metaitem.01
methylamine,1000,1xic2.itemCellEmpty@0,空单元,IC2:itemCellEmpty,1xgt.metaitem.01@30778,甲胺单元,gregtech:gt.metaitem.01
milk,1000,1xitem.bucket@0,铁桶,minecraft:bucket,1xitem.milk@0,牛奶桶,minecraft:milk_bucket
milk,2000,1xitem.capsule.magic@0,空魔力胶囊,MagicBees:capsule.magic,1xitem.capsule.magic@11,牛奶魔力胶囊,MagicBees:capsule.magic
milk,1000,1xic2.itemCellEmpty@0,空单元,IC2:itemCellEmpty,1xgt.metaitem.01@30885,牛奶单元,gregtech:gt.metaitem.01
milk,8000,1xitem.capsule.void@0,空虚空胶囊,MagicBees:capsule.void,1xitem.capsule.void@11,牛奶虚空胶囊,MagicBees:capsule.void
milk,250,1xitem.glassBottle@0,玻璃瓶,minecraft:glass_bottle,1xgt.metaitem.02@32136,牛奶,gregtech:gt.metaitem.02
milk,1000,1xitem.iguana.tcon.clayBucketFired@0,黏土桶(烤制),IguanaTweaksTConstruct:clayBucketFired,1xitem.iguana.tcon.clayBucket.Milk@0,黏土桶(牛奶),IguanaTweaksTConstruct:clayBucketMilk
mithril.molten,1000,1xitem.bucket@0,铁桶,minecraft:bucket,1xitem.tconstruct.bucket@29,桶装熔融蕴魔金属,TConstruct:buckets
mixed uranium fuel,1000,1xic2.itemCellEmpty@0,空单元,IC2:itemCellEmpty,1xgt.bwMetaGeneratedcell@25127,混合铀燃料单元,bartworks:gt.bwMetaGeneratedcell
mixture pineoil,1000,1xic2.itemCellEmpty@0,空单元,IC2:itemCellEmpty,1xgt.bwMetaGeneratedcell@25122,松油混合物单元,bartworks:gt.bwMetaGeneratedcell
mobessence,1000,1xic2.itemCellEmpty@0,空单元,IC2:itemCellEmpty,1xitem.mobessence@0,怪物精华液单元,miscutils:mobessence
moderatelyhydrocracked.butadiene,1000,1xic2.itemCellEmpty@0,空单元,IC2:itemCellEmpty,1xgt.metaitem.99@11646,中度加氢裂化丁二烯单元,gregtech:gt.metaitem.99
moderatelyhydrocracked.butane,1000,1xic2.itemCellEmpty@0,空单元,IC2:itemCellEmpty,1xgt.metaitem.99@11644,中度加氢裂化丁烷单元,gregtech:gt.metaitem.99
moderatelyhydrocracked.butene,1000,1xic2.itemCellEmpty@0,空单元,IC2:itemCellEmpty,1xgt.metaitem.99@11645,中度加氢裂化丁烯单元,gregtech:gt.metaitem.99
moderatelyhydrocracked.ethane,1000,1xic2.itemCellEmpty@0,空单元,IC2:itemCellEmpty,1xgt.metaitem.99@11642,中度加氢裂化乙烷单元,gregtech:gt.metaitem.99
moderatelyhydrocracked.ethylene,1000,1xic2.itemCellEmpty@0,空单元,IC2:itemCellEmpty,1xgt.metaitem.99@11677,中度加氢裂化乙烯单元,gregtech:gt.metaitem.99
moderatelyhydrocracked.gas,1000,1xic2.itemCellEmpty@0,空单元,IC2:itemCellEmpty,1xgt.metaitem.99@11735,中度加氢裂化炼油气单元,gregtech:gt.metaitem.99
moderatelyhydrocracked.heavyfuel,1000,1xic2.itemCellEmpty@0,空单元,IC2:itemCellEmpty,1xgt.metaitem.99@11741,中度加氢裂化重燃油单元,gregtech:gt.metaitem.99
moderatelyhydrocracked.lightfuel,1000,1xic2.itemCellEmpty@0,空单元,IC2:itemCellEmpty,1xgt.metaitem.99@11740,中度加氢裂化轻燃油单元,gregtech:gt.metaitem.99
moderatelyhydrocracked.naphtha,1000,1xic2.itemCellEmpty@0,空单元,IC2:itemCellEmpty,1xgt.metaitem.99@11739,中度加氢裂化石脑油单元,gregtech:gt.metaitem.99
moderatelyhydrocracked.propane,1000,1xic2.itemCellEmpty@0,空单元,IC2:itemCellEmpty,1xgt.metaitem.99@11643,中度加氢裂化丙烷单元,gregtech:gt.metaitem.99
moderatelyhydrocracked.propene,1000,1xic2.itemCellEmpty@0,空单元,IC2:itemCellEmpty,1xgt.metaitem.99@11678,中度加氢裂化丙烯单元,gregtech:gt.metaitem.99
moderatelysteamcracked.butadiene,1000,1xic2.itemCellEmpty@0,空单元,IC2:itemCellEmpty,1xgt.metaitem.99@14646,中度蒸汽裂化丁二烯单元,gregtech:gt.metaitem.99
moderatelysteamcracked.butane,1000,1xic2.itemCellEmpty@0,空单元,IC2:itemCellEmpty,1xgt.metaitem.99@14644,中度蒸汽裂化丁烷单元,gregtech:gt.metaitem.99
moderatelysteamcracked.butene,1000,1xic2.itemCellEmpty@0,空单元,IC2:itemCellEmpty,1xgt.metaitem.99@14645,中度蒸汽裂化丁烯单元,gregtech:gt.metaitem.99
moderatelysteamcracked.ethane,1000,1xic2.itemCellEmpty@0,空单元,IC2:itemCellEmpty,1xgt.metaitem.99@14642,中度蒸汽裂化乙烷单元,gregtech:gt.metaitem.99
moderatelysteamcracked.ethylene,1000,1xic2.itemCellEmpty@0,空单元,IC2:itemCellEmpty,1xgt.metaitem.99@14677,中度蒸汽裂化乙烯单元,gregtech:gt.metaitem.99
moderatelysteamcracked.gas,1000,1xic2.itemCellEmpty@0,空单元,IC2:itemCellEmpty,1xgt.metaitem.99@14735,中度蒸汽裂化炼油气单元,gregtech:gt.metaitem.99
moderatelysteamcracked.heavyfuel,1000,1xic2.itemCellEmpty@0,空单元,IC2:itemCellEmpty,1xgt.metaitem.99@14741,中度蒸汽裂化重燃油单元,gregtech:gt.metaitem.99
moderatelysteamcracked.lightfuel,1000,1xic2.itemCellEmpty@0,空单元,IC2:itemCellEmpty,1xgt.metaitem.99@14740,中度蒸汽裂化轻燃油单元,gregtech:gt.metaitem.99
moderatelysteamcracked.naphtha,1000,1xic2.itemCellEmpty@0,空单元,IC2:itemCellEmpty,1xgt.metaitem.99@14739,中度蒸汽裂化石脑油单元,gregtech:gt.metaitem.99
moderatelysteamcracked.propane,1000,1xic2.itemCellEmpty@0,空单元,IC2:itemCellEmpty,1xgt.metaitem.99@14643,中度蒸汽裂化丙烷单元,gregtech:gt.metaitem.99
moderatelysteamcracked.propene,1000,1xic2.itemCellEmpty@0,空单元,IC2:itemCellEmpty,1xgt.metaitem.99@14678,中度蒸汽裂化丙烯单元,gregtech:gt.metaitem.99
molten.abyssalalloy,1000,1xic2.itemCellEmpty@0,空单元,IC2:itemCellEmpty,1xitem.itemCellAbyssalAlloy@0,深渊合金单元,miscutils:itemCellAbyssalAlloy
molten.aceticanhydride,1000,1xic2.itemCellEmpty@0,空单元,IC2:itemCellEmpty,1xitem.itemCellAceticAnhydride@0,乙酸酐单元,miscutils:itemCellAceticAnhydride
molten.acrylonitrile butadiene styrene,144,1xic2.itemCellEmpty@0,空单元,IC2:itemCellEmpty,1xgt.bwMetaGeneratedcellMolten@25024,熔融ABS塑料单元,bartworks:gt.bwMetaGeneratedcellMolten
molten.actinium,144,1xic2.itemCellEmpty@0,空单元,IC2:itemCellEmpty,1xgt.bwMetaGeneratedcellMolten@25073,熔融锕单元,bartworks:gt.bwMetaGeneratedcellMolten
molten.adamantium,144,1xic2.itemCellEmpty@0,空单元,IC2:itemCellEmpty,1xgt.metaitem.99@319,熔融精金单元,gregtech:gt.metaitem.99
molten.adamantium alloy,144,1xic2.itemCellEmpty@0,空单元,IC2:itemCellEmpty,1xgt.bwMetaGeneratedcellMolten@10085,熔融精金合金单元,bartworks:gt.bwMetaGeneratedcellMolten
molten.ademic steel,144,1xic2.itemCellEmpty@0,空单元,IC2:itemCellEmpty,1xgt.bwMetaGeneratedcellMolten@96,熔融阿岱姆钢单元,bartworks:gt.bwMetaGeneratedcellMolten
molten.advancednitinol,1000,1xic2.itemCellEmpty@0,空单元,IC2:itemCellEmpty,1xitem.itemCellAdvancedNitinol@0,高级镍钛诺单元,miscutils:itemCellAdvancedNitinol
molten.alduorite,144,1xic2.itemCellEmpty@0,空单元,IC2:itemCellEmpty,1xgt.metaitem.99@485,熔融神秘蓝金单元,gregtech:gt.metaitem.99
molten.aluminium,144,1xic2.itemCellEmpty@0,空单元,IC2:itemCellEmpty,1xgt.metaitem.99@19,熔融铝单元,gregtech:gt.metaitem.99
molten.alumite,144,1xic2.itemCellEmpty@0,空单元,IC2:itemCellEmpty,1xgt.metaitem.99@400,熔融锌曜钢单元,gregtech:gt.metaitem.99
molten.americium,144,1xic2.itemCellEmpty@0,空单元,IC2:itemCellEmpty,1xgt.metaitem.99@103,熔融镅单元,gregtech:gt.metaitem.99
molten.ammonium,1000,1xic2.itemCellEmpty@0,空单元,IC2:itemCellEmpty,1xitem.itemCellAmmonium@0,铵单元,miscutils:itemCellAmmonium
molten.ammoniumbifluoride,1000,1xic2.itemCellEmpty@0,空单元,IC2:itemCellEmpty,1xitem.itemCellAmmoniumBifluoride@0,氟化氢铵单元,miscutils:itemCellAmmoniumBifluoride
molten.ammoniumtetrafluoroberyllate,1000,1xic2.itemCellEmpty@0,空单元,IC2:itemCellEmpty,1xitem.itemCellAmmoniumTetrafluoroberyllate@0,氟铍酸铵单元,miscutils:itemCellAmmoniumTetrafluoroberyllate
molten.annealedcopper,144,1xic2.itemCellEmpty@0,空单元,IC2:itemCellEmpty,1xgt.metaitem.99@345,熔融退火铜单元,gregtech:gt.metaitem.99
molten.antimony,144,1xic2.itemCellEmpty@0,空单元,IC2:itemCellEmpty,1xgt.metaitem.99@58,熔融锑单元,gregtech:gt.metaitem.99
molten.arcanite,1000,1xic2.itemCellEmpty@0,空单元,IC2:itemCellEmpty,1xitem.itemCellArcanite@0,奥金单元,miscutils:itemCellArcanite
molten.arceusalloy2b,1000,1xic2.itemCellEmpty@0,空单元,IC2:itemCellEmpty,1xitem.itemCellArceusAlloy2B@0,阿尔宙斯合金2B单元,miscutils:itemCellArceusAlloy2B
molten.ardite,144,1xic2.itemCellEmpty@0,空单元,IC2:itemCellEmpty,1xgt.metaitem.99@382,熔融阿迪特单元,gregtech:gt.metaitem.99
molten.arsenic,144,1xic2.itemCellEmpty@0,空单元,IC2:itemCellEmpty,1xgt.metaitem.99@39,熔融砷单元,gregtech:gt.metaitem.99
molten.artherium-sn,144,1xic2.itemCellEmpty@0,空单元,IC2:itemCellEmpty,1xgt.bwMetaGeneratedcellMolten@10102,熔融阿瑟锡单元,bartworks:gt.bwMetaGeneratedcellMolten
molten.astatine,144,1xic2.itemCellEmpty@0,空单元,IC2:itemCellEmpty,1xgt.bwMetaGeneratedcellMolten@25086,熔融砹单元,bartworks:gt.bwMetaGeneratedcellMolten
molten.astralsilver,144,1xic2.itemCellEmpty@0,空单元,IC2:itemCellEmpty,1xgt.metaitem.99@333,熔融星辰银单元,gregtech:gt.metaitem.99
molten.astraltitanium,1000,1xic2.itemCellEmpty@0,空单元,IC2:itemCellEmpty,1xitem.itemCellAstralTitanium@0,星体钛单元,miscutils:itemCellAstralTitanium
molten.atomic separation catalyst,144,1xic2.itemCellEmpty@0,空单元,IC2:itemCellEmpty,1xgt.bwMetaGeneratedcellMolten@10022,熔融原子分离催化剂单元,bartworks:gt.bwMetaGeneratedcellMolten
molten.babbitalloy,1000,1xic2.itemCellEmpty@0,空单元,IC2:itemCellEmpty,1xitem.itemCellBabbitAlloy@0,巴氏合金单元,miscutils:itemCellBabbitAlloy
molten.barium,144,1xic2.itemCellEmpty@0,空单元,IC2:itemCellEmpty,1xgt.metaitem.99@63,熔融钡单元,gregtech:gt.metaitem.99
molten.bartimaeusnek,144,1xic2.itemCellEmpty@0,空单元,IC2:itemCellEmpty,1xgt.bwMetaGeneratedcellMolten@43,熔融BArTiMaEuSNeK单元,bartworks:gt.bwMetaGeneratedcellMolten
molten.batteryalloy,144,1xic2.itemCellEmpty@0,空单元,IC2:itemCellEmpty,1xgt.metaitem.99@315,熔融电池合金单元,gregtech:gt.metaitem.99
molten.bedrockium,144,1xic2.itemCellEmpty@0,空单元,IC2:itemCellEmpty,1xgt.metaitem.99@395,熔融基岩单元,gregtech:gt.metaitem.99
molten.berkelium,144,1xic2.itemCellEmpty@0,空单元,IC2:itemCellEmpty,1xgt.bwMetaGeneratedcellMolten@25089,熔融锫单元,bartworks:gt.bwMetaGeneratedcellMolten
molten.beryllium,144,1xic2.itemCellEmpty@0,空单元,IC2:itemCellEmpty,1xgt.metaitem.99@8,熔融铍单元,gregtech:gt.metaitem.99
molten.berylliumfluoride,1000,1xic2.itemCellEmpty@0,空单元,IC2:itemCellEmpty,1xitem.itemCellBerylliumFluoride@0,氟化铍单元,miscutils:itemCellBerylliumFluoride
molten.berylliumhydroxide,1000,1xic2.itemCellEmpty@0,空单元,IC2:itemCellEmpty,1xitem.itemCellBerylliumHydroxide@0,氢氧化铍单元,miscutils:itemCellBerylliumHydroxide
molten.bismuth,144,1xic2.itemCellEmpty@0,空单元,IC2:itemCellEmpty,1xgt.metaitem.99@90,熔融铋单元,gregtech:gt.metaitem.99
molten.bismuthbronze,144,1xic2.itemCellEmpty@0,空单元,IC2:itemCellEmpty,1xgt.metaitem.99@353,熔融铋青铜单元,gregtech:gt.metaitem.99
molten.bisphenol_a,1000,1xic2.itemCellEmpty@0,空单元,IC2:itemCellEmpty,1xgt.metaitem.01@30669,双酚A单元,gregtech:gt.metaitem.01
molten.blackbronze,144,1xic2.itemCellEmpty@0,空单元,IC2:itemCellEmpty,1xgt.metaitem.99@352,熔融黑青铜单元,gregtech:gt.metaitem.99
molten.blackdwarfmatter,144,1xic2.itemCellEmpty@0,空单元,IC2:itemCellEmpty,1xgt.metaitem.99@586,熔融黑矮星物质单元,gregtech:gt.metaitem.99
molten.blackmetal,1000,1xic2.itemCellEmpty@0,空单元,IC2:itemCellEmpty,1xitem.itemCellBlackMetal@0,黑物质单元,miscutils:itemCellBlackMetal
molten.blackplutonium,144,1xic2.itemCellEmpty@0,空单元,IC2:itemCellEmpty,1xgt.metaitem.99@388,熔融黑钚单元,gregtech:gt.metaitem.99
molten.blacksteel,144,1xic2.itemCellEmpty@0,空单元,IC2:itemCellEmpty,1xgt.metaitem.99@334,熔融黑钢单元,gregtech:gt.metaitem.99
molten.blacktitanium,1000,1xic2.itemCellEmpty@0,空单元,IC2:itemCellEmpty,1xitem.itemCellBlackTitanium@0,黑钛单元,miscutils:itemCellBlackTitanium
molten.blaze,144,1xic2.itemCellEmpty@0,空单元,IC2:itemCellEmpty,1xgt.metaitem.99@801,熔融烈焰单元,gregtech:gt.metaitem.99
molten.bloodinfusediron,144,1xic2.itemCellEmpty@0,空单元,IC2:itemCellEmpty,1xgt.metaitem.99@977,熔融注血铁单元,gregtech:gt.metaitem.99
molten.bloodsteel,1000,1xic2.itemCellEmpty@0,空单元,IC2:itemCellEmpty,1xitem.itemCellBloodSteel@0,血钢单元,miscutils:itemCellBloodSteel
molten.bluealloy,144,1xic2.itemCellEmpty@0,空单元,IC2:itemCellEmpty,1xgt.metaitem.99@309,熔融蓝色合金单元,gregtech:gt.metaitem.99
molten.bluesteel,144,1xic2.itemCellEmpty@0,空单元,IC2:itemCellEmpty,1xgt.metaitem.99@349,熔融蓝钢单元,gregtech:gt.metaitem.99
molten.bohrium,144,1xic2.itemCellEmpty@0,空单元,IC2:itemCellEmpty,1xgt.bwMetaGeneratedcellMolten@25078,熔融𬭛单元,bartworks:gt.bwMetaGeneratedcellMolten
molten.boron,144,1xic2.itemCellEmpty@0,空单元,IC2:itemCellEmpty,1xgt.metaitem.99@9,熔融硼单元,gregtech:gt.metaitem.99
molten.borosilicateglass,144,1xic2.itemCellEmpty@0,空单元,IC2:itemCellEmpty,1xgt.metaitem.99@611,熔融硼玻璃单元,gregtech:gt.metaitem.99
molten.botmium,1000,1xic2.itemCellEmpty@0,空单元,IC2:itemCellEmpty,1xitem.itemCellBotmium@0,博特姆合金单元,miscutils:itemCellBotmium
molten.brass,144,1xic2.itemCellEmpty@0,空单元,IC2:itemCellEmpty,1xgt.metaitem.99@301,熔融黄铜单元,gregtech:gt.metaitem.99
molten.breel,144,1xic2.itemCellEmpty@0,空单元,IC2:itemCellEmpty,1xgt.bwMetaGeneratedcellMolten@25111,熔融青铁单元,bartworks:gt.bwMetaGeneratedcellMolten
molten.bromine,1000,1xic2.itemCellEmpty@0,空单元,IC2:itemCellEmpty,1xitem.itemCellBromine@0,溴单元,miscutils:itemCellBromine
molten.bronze,144,1xic2.itemCellEmpty@0,空单元,IC2:itemCellEmpty,1xgt.metaitem.99@300,熔融青铜单元,gregtech:gt.metaitem.99
molten.burntreactorfueli,1000,1xic2.itemCellEmpty@0,空单元,IC2:itemCellEmpty,1xitem.itemCellBurntReactorFuelI@0,枯竭反应堆燃料 I单元,miscutils:itemCellBurntReactorFuelI
molten.burntreactorfuelii,1000,1xic2.itemCellEmpty@0,空单元,IC2:itemCellEmpty,1xitem.itemCellBurntReactorFuelII@0,枯竭反应堆燃料 II单元,miscutils:itemCellBurntReactorFuelII
molten.caesium,144,1xic2.itemCellEmpty@0,空单元,IC2:itemCellEmpty,1xgt.metaitem.99@62,熔融铯单元,gregtech:gt.metaitem.99
molten.calcium,144,1xic2.itemCellEmpty@0,空单元,IC2:itemCellEmpty,1xgt.bwMetaGeneratedcellMolten@40,熔融钙单元,bartworks:gt.bwMetaGeneratedcellMolten
molten.californium,1000,1xic2.itemCellEmpty@0,空单元,IC2:itemCellEmpty,1xitem.itemCellCalifornium@0,锎单元,miscutils:itemCellCalifornium
molten.californium,144,1xic2.itemCellEmpty@0,空单元,IC2:itemCellEmpty,1xgt.bwMetaGeneratedcellMolten@39,熔融锎单元,bartworks:gt.bwMetaGeneratedcellMolten
molten.callistoice,144,1xic2.itemCellEmpty@0,空单元,IC2:itemCellEmpty,1xgt.metaitem.99@389,熔融木卫四冰单元,gregtech:gt.metaitem.99
molten.castiron,144,1xic2.itemCellEmpty@0,空单元,IC2:itemCellEmpty,1xgt.metaitem.99@304,熔融铸铁单元,gregtech:gt.metaitem.99
molten.celestialtungsten,1000,1xic2.itemCellEmpty@0,空单元,IC2:itemCellEmpty,1xitem.itemCellCelestialTungsten@0,天体钨单元,miscutils:itemCellCelestialTungsten
molten.cerium,144,1xic2.itemCellEmpty@0,空单元,IC2:itemCellEmpty,1xgt.metaitem.99@65,熔融铈单元,gregtech:gt.metaitem.99
molten.cerium-doped lutetium aluminium oxygen blend,144,1xic2.itemCellEmpty@0,空单元,IC2:itemCellEmpty,1xgt.bwMetaGeneratedcellMolten@11498,熔融掺铈镥铝氧混合物单元,bartworks:gt.bwMetaGeneratedcellMolten
molten.ceruclase,144,1xic2.itemCellEmpty@0,空单元,IC2:itemCellEmpty,1xgt.metaitem.99@952,熔融暗影秘银单元,gregtech:gt.metaitem.99
molten.cheese,144,1xic2.itemCellEmpty@0,空单元,IC2:itemCellEmpty,1xgt.metaitem.99@894,熔融奶酪单元,gregtech:gt.metaitem.99
molten.chloroaceticacid,1000,1xic2.itemCellEmpty@0,空单元,IC2:itemCellEmpty,1xitem.itemCellChloroaceticAcid@0,一氯乙酸单元,miscutils:itemCellChloroaceticAcid
molten.chloroaceticmixture,1000,1xic2.itemCellEmpty@0,空单元,IC2:itemCellEmpty,1xitem.itemCellChloroaceticMixture@0,氯乙酸混合物单元,miscutils:itemCellChloroaceticMixture
molten.chromaticglass,1000,1xic2.itemCellEmpty@0,空单元,IC2:itemCellEmpty,1xitem.itemCellChromaticGlass@0,彩色玻璃单元,miscutils:itemCellChromaticGlass
molten.chrome,144,1xic2.itemCellEmpty@0,空单元,IC2:itemCellEmpty,1xgt.metaitem.99@30,熔融铬单元,gregtech:gt.metaitem.99
molten.chromiumdioxide,144,1xic2.itemCellEmpty@0,空单元,IC2:itemCellEmpty,1xgt.metaitem.99@361,熔融二氧化铬单元,gregtech:gt.metaitem.99
molten.chrysotile,144,1xic2.itemCellEmpty@0,空单元,IC2:itemCellEmpty,1xgt.metaitem.99@912,熔融白石棉单元,gregtech:gt.metaitem.99
molten.churitsu,144,1xic2.itemCellEmpty@0,空单元,IC2:itemCellEmpty,1xgt.metaitem.99@190,熔融中立单元,gregtech:gt.metaitem.99
molten.cinobitea243,1000,1xic2.itemCellEmpty@0,空单元,IC2:itemCellEmpty,1xitem.itemCellCinobiteA243@0,西诺柏A243单元,miscutils:itemCellCinobiteA243
molten.cobalt,144,1xic2.itemCellEmpty@0,空单元,IC2:itemCellEmpty,1xgt.metaitem.99@33,熔融钴单元,gregtech:gt.metaitem.99
molten.cobaltbrass,144,1xic2.itemCellEmpty@0,空单元,IC2:itemCellEmpty,1xgt.metaitem.99@343,熔融钴黄铜单元,gregtech:gt.metaitem.99
molten.compressed steam,144,1xic2.itemCellEmpty@0,空单元,IC2:itemCellEmpty,1xgt.bwMetaGeneratedcellMolten@25109,熔融压缩蒸汽单元,bartworks:gt.bwMetaGeneratedcellMolten
molten.conductiveiron,144,1xic2.itemCellEmpty@0,空单元,IC2:itemCellEmpty,1xgt.metaitem.99@369,熔融导电铁单元,gregtech:gt.metaitem.99
molten.copernicium,144,1xic2.itemCellEmpty@0,空单元,IC2:itemCellEmpty,1xgt.bwMetaGeneratedcellMolten@25083,熔融鿔单元,bartworks:gt.bwMetaGeneratedcellMolten
molten.copper,144,1xic2.itemCellEmpty@0,空单元,IC2:itemCellEmpty,1xgt.metaitem.99@35,熔融铜单元,gregtech:gt.metaitem.99
molten.cosmicneutronium,1000,1xic2.itemCellEmpty@0,空单元,IC2:itemCellEmpty,1xgt.metaitem.99@982,熔融宇宙中子态素单元,gregtech:gt.metaitem.99
molten.creon,144,1xic2.itemCellEmpty@0,空单元,IC2:itemCellEmpty,1xgt.metaitem.99@149,熔融创律合金单元,gregtech:gt.metaitem.99
molten.crudesteel,144,1xic2.itemCellEmpty@0,空单元,IC2:itemCellEmpty,1xgt.metaitem.99@402,熔融复合黏土单元,gregtech:gt.metaitem.99
molten.crystallinealloy,144,1xic2.itemCellEmpty@0,空单元,IC2:itemCellEmpty,1xgt.metaitem.99@403,熔融晶化合金单元,gregtech:gt.metaitem.99
molten.crystallinepinkslime,144,1xic2.itemCellEmpty@0,空单元,IC2:itemCellEmpty,1xgt.metaitem.99@406,熔融晶化粉红史莱姆单元,gregtech:gt.metaitem.99
molten.cupronickel,144,1xic2.itemCellEmpty@0,空单元,IC2:itemCellEmpty,1xgt.metaitem.99@310,熔融白铜单元,gregtech:gt.metaitem.99
molten.curium,1000,1xic2.itemCellEmpty@0,空单元,IC2:itemCellEmpty,1xitem.itemCellCurium@0,锔单元,miscutils:itemCellCurium
molten.cyanoacrylatepolymer,1000,1xic2.itemCellEmpty@0,空单元,IC2:itemCellEmpty,1xitem.itemCellCyanoacrylatePolymer@0,氰基丙烯酸酯聚合物单元,miscutils:itemCellCyanoacrylatePolymer
molten.dalisenite,144,1xic2.itemCellEmpty@0,空单元,IC2:itemCellEmpty,1xgt.bwMetaGeneratedcellMolten@10104,熔融大力合金单元,bartworks:gt.bwMetaGeneratedcellMolten
molten.damascussteel,144,1xic2.itemCellEmpty@0,空单元,IC2:itemCellEmpty,1xgt.metaitem.99@335,熔融大马士革钢单元,gregtech:gt.metaitem.99
molten.darkiron,144,1xic2.itemCellEmpty@0,空单元,IC2:itemCellEmpty,1xgt.metaitem.99@342,熔融玄铁单元,gregtech:gt.metaitem.99
molten.darksteel,144,1xic2.itemCellEmpty@0,空单元,IC2:itemCellEmpty,1xgt.metaitem.99@364,熔融玄钢单元,gregtech:gt.metaitem.99
molten.darmstadtium,144,1xic2.itemCellEmpty@0,空单元,IC2:itemCellEmpty,1xgt.bwMetaGeneratedcellMolten@25081,熔融𫟼单元,bartworks:gt.bwMetaGeneratedcellMolten
molten.deepiron,144,1xic2.itemCellEmpty@0,空单元,IC2:itemCellEmpty,1xgt.metaitem.99@829,熔融深渊铁单元,gregtech:gt.metaitem.99
molten.desh,144,1xic2.itemCellEmpty@0,空单元,IC2:itemCellEmpty,1xgt.metaitem.99@884,熔融戴斯单元,gregtech:gt.metaitem.99
molten.dichloroaceticacid,1000,1xic2.itemCellEmpty@0,空单元,IC2:itemCellEmpty,1xitem.itemCellDichloroaceticAcid@0,二氯乙酸单元,miscutils:itemCellDichloroaceticAcid
molten.draconium,144,1xic2.itemCellEmpty@0,空单元,IC2:itemCellEmpty,1xgt.metaitem.99@975,熔融龙单元,gregtech:gt.metaitem.99
molten.draconiumawakened,144,1xic2.itemCellEmpty@0,空单元,IC2:itemCellEmpty,1xgt.metaitem.99@976,熔融觉醒龙单元,gregtech:gt.metaitem.99
molten.dragonblood,1000,1xic2.itemCellEmpty@0,空单元,IC2:itemCellEmpty,1xitem.itemCellDragonblood@0,龙血单元,miscutils:itemCellDragonblood
molten.dubnium,144,1xic2.itemCellEmpty@0,空单元,IC2:itemCellEmpty,1xgt.bwMetaGeneratedcellMolten@25075,熔融𬭊单元,bartworks:gt.bwMetaGeneratedcellMolten
molten.duralumin,144,1xic2.itemCellEmpty@0,空单元,IC2:itemCellEmpty,1xgt.metaitem.99@392,熔融硬铝单元,gregtech:gt.metaitem.99
molten.duranium,144,1xic2.itemCellEmpty@0,空单元,IC2:itemCellEmpty,1xgt.metaitem.99@328,熔融铿铀单元,gregtech:gt.metaitem.99
molten.dysprosium,144,1xic2.itemCellEmpty@0,空单元,IC2:itemCellEmpty,1xgt.metaitem.99@73,熔融镝单元,gregtech:gt.metaitem.99
molten.eglinsteel,1000,1xic2.itemCellEmpty@0,空单元,IC2:itemCellEmpty,1xitem.itemCellEglinSteel@0,埃格林钢单元,miscutils:itemCellEglinSteel
molten.eglinsteelbasecompound,1000,1xic2.itemCellEmpty@0,空单元,IC2:itemCellEmpty,1xitem.itemCellEglinSteelBaseCompound@0,埃格林钢粗胚单元,miscutils:itemCellEglinSteelBaseCompound
molten.einsteinium,144,1xic2.itemCellEmpty@0,空单元,IC2:itemCellEmpty,1xgt.bwMetaGeneratedcellMolten@25090,熔融锿单元,bartworks:gt.bwMetaGeneratedcellMolten
molten.electricalsteel,144,1xic2.itemCellEmpty@0,空单元,IC2:itemCellEmpty,1xgt.metaitem.99@365,熔融磁钢单元,gregtech:gt.metaitem.99
molten.electrotine,144,1xic2.itemCellEmpty@0,空单元,IC2:itemCellEmpty,1xgt.metaitem.99@812,熔融蓝石单元,gregtech:gt.metaitem.99
molten.electrum,144,1xic2.itemCellEmpty@0,空单元,IC2:itemCellEmpty,1xgt.metaitem.99@303,熔融琥珀金单元,gregtech:gt.metaitem.99
molten.electrumflux,144,1xic2.itemCellEmpty@0,空单元,IC2:itemCellEmpty,1xgt.metaitem.99@320,熔融通流琥珀金单元,gregtech:gt.metaitem.99
molten.elvenelementium,144,1xic2.itemCellEmpty@0,空单元,IC2:itemCellEmpty,1xgt.metaitem.99@203,熔融源质钢单元,gregtech:gt.metaitem.99
molten.enderium,144,1xic2.itemCellEmpty@0,空单元,IC2:itemCellEmpty,1xgt.metaitem.99@321,熔融末影(te)单元,gregtech:gt.metaitem.99
molten.enderiumbase,144,1xic2.itemCellEmpty@0,空单元,IC2:itemCellEmpty,1xgt.metaitem.99@380,熔融末影粗胚单元,gregtech:gt.metaitem.99
molten.endsteel,144,1xic2.itemCellEmpty@0,空单元,IC2:itemCellEmpty,1xgt.metaitem.99@401,熔融末影钢单元,gregtech:gt.metaitem.99
molten.energeticalloy,144,1xic2.itemCellEmpty@0,空单元,IC2:itemCellEmpty,1xgt.metaitem.99@366,熔融充能合金单元,gregtech:gt.metaitem.99
molten.energeticsilver,144,1xic2.itemCellEmpty@0,空单元,IC2:itemCellEmpty,1xgt.metaitem.99@407,熔融充能银单元,gregtech:gt.metaitem.99
molten.energycrystal,1000,1xic2.itemCellEmpty@0,空单元,IC2:itemCellEmpty,1xitem.itemCellEnergyCrystal@0,能量水晶单元,miscutils:itemCellEnergyCrystal
molten.enhancedgalgadorian,144,1xic2.itemCellEmpty@0,空单元,IC2:itemCellEmpty,1xgt.metaitem.99@385,熔融强化混合晶单元,gregtech:gt.metaitem.99
molten.enriched naquadah alloy,144,1xic2.itemCellEmpty@0,空单元,IC2:itemCellEmpty,1xgt.bwMetaGeneratedcellMolten@10110,熔融富集硅岩合金单元,bartworks:gt.bwMetaGeneratedcellMolten
molten.enrichedholmium,144,1xic2.itemCellEmpty@0,空单元,IC2:itemCellEmpty,1xgt.metaitem.99@582,熔融富集钬单元,gregtech:gt.metaitem.99
molten.epoxid,144,1xic2.itemCellEmpty@0,空单元,IC2:itemCellEmpty,1xgt.metaitem.99@470,熔融环氧树脂单元,gregtech:gt.metaitem.99
molten.epoxidfiberreinforced,144,1xic2.itemCellEmpty@0,空单元,IC2:itemCellEmpty,1xgt.metaitem.99@610,熔融纤维强化的环氧树脂单元,gregtech:gt.metaitem.99
molten.erbium,144,1xic2.itemCellEmpty@0,空单元,IC2:itemCellEmpty,1xgt.metaitem.99@75,熔融铒单元,gregtech:gt.metaitem.99
molten.eternity,144,1xic2.itemCellEmpty@0,空单元,IC2:itemCellEmpty,1xgt.metaitem.99@141,熔融永恒单元,gregtech:gt.metaitem.99
molten.ethylcyanoacetate,1000,1xic2.itemCellEmpty@0,空单元,IC2:itemCellEmpty,1xitem.itemCellEthylCyanoacetate@0,氰乙酸乙酯单元,miscutils:itemCellEthylCyanoacetate
molten.ethylcyanoacrylatesuperglue,1000,1xic2.itemCellEmpty@0,空单元,IC2:itemCellEmpty,1xitem.itemCellEthylCyanoacrylateSuperGlue@0,氰基丙烯酸乙酯(502胶水)单元,miscutils:itemCellEthylCyanoacrylateSuperGlue
molten.europium,144,1xic2.itemCellEmpty@0,空单元,IC2:itemCellEmpty,1xgt.metaitem.99@70,熔融铕单元,gregtech:gt.metaitem.99
molten.extremely unstable naquadah,144,1xic2.itemCellEmpty@0,空单元,IC2:itemCellEmpty,1xgt.bwMetaGeneratedcellMolten@10024,熔融极不稳定硅岩单元,bartworks:gt.bwMetaGeneratedcellMolten
molten.fermium,1000,1xic2.itemCellEmpty@0,空单元,IC2:itemCellEmpty,1xitem.itemCellFermium@0,镄单元,miscutils:itemCellFermium
molten.flerovium_gt5u,144,1xic2.itemCellEmpty@0,空单元,IC2:itemCellEmpty,1xgt.metaitem.99@984,熔融单元,gregtech:gt.metaitem.99
molten.fluorinateduraniumhexafluoridefuf6,1000,1xic2.itemCellEmpty@0,空单元,IC2:itemCellEmpty,1xitem.itemCellFluorinatedUraniumHexafluorideFUF6@0,氟化六氟化铀(F-UF6)单元,miscutils:itemCellFluorinatedUraniumHexafluorideFUF6
molten.fluorinespargedtbsalt,1000,1xic2.itemCellEmpty@0,空单元,IC2:itemCellEmpty,1xitem.itemCellFluorineSpargedTBSalt@0,氟涤枯竭钍铍熔盐单元,miscutils:itemCellFluorineSpargedTBSalt
molten.fluorinespargedtsalt,1000,1xic2.itemCellEmpty@0,空单元,IC2:itemCellEmpty,1xitem.itemCellFluorineSpargedTSalt@0,氟涤枯竭钍熔盐单元,miscutils:itemCellFluorineSpargedTSalt
molten.force,144,1xic2.itemCellEmpty@0,空单元,IC2:itemCellEmpty,1xgt.metaitem.99@521,熔融力量单元,gregtech:gt.metaitem.99
molten.francium,144,1xic2.itemCellEmpty@0,空单元,IC2:itemCellEmpty,1xgt.bwMetaGeneratedcellMolten@25088,熔融钫单元,bartworks:gt.bwMetaGeneratedcellMolten
molten.gadolinium,144,1xic2.itemCellEmpty@0,空单元,IC2:itemCellEmpty,1xgt.metaitem.99@71,熔融钆单元,gregtech:gt.metaitem.99
molten.gaiaspirit,144,1xic2.itemCellEmpty@0,空单元,IC2:itemCellEmpty,1xgt.metaitem.99@205,熔融盖亚之魂单元,gregtech:gt.metaitem.99
molten.galgadorian,144,1xic2.itemCellEmpty@0,空单元,IC2:itemCellEmpty,1xgt.metaitem.99@384,熔融混合晶单元,gregtech:gt.metaitem.99
molten.gallium,144,1xic2.itemCellEmpty@0,空单元,IC2:itemCellEmpty,1xgt.metaitem.99@37,熔融镓单元,gregtech:gt.metaitem.99
molten.galliumarsenide,144,1xic2.itemCellEmpty@0,空单元,IC2:itemCellEmpty,1xgt.metaitem.99@980,熔融砷化镓单元,gregtech:gt.metaitem.99
molten.germanium,1000,1xic2.itemCellEmpty@0,空单元,IC2:itemCellEmpty,1xitem.itemCellGermanium@0,锗单元,miscutils:itemCellGermanium
molten.germaniumtungstennitride,144,1xic2.itemCellEmpty@0,空单元,IC2:itemCellEmpty,1xgt.bwMetaGeneratedcellMolten@25046,熔融锗-钨氮化物单元,bartworks:gt.bwMetaGeneratedcellMolten
molten.glass,144,1xic2.itemCellEmpty@0,空单元,IC2:itemCellEmpty,1xgt.metaitem.99@890,熔融玻璃单元,gregtech:gt.metaitem.99
molten.glowstone,144,1xic2.itemCellEmpty@0,空单元,IC2:itemCellEmpty,1xgt.metaitem.99@811,熔融荧石单元,gregtech:gt.metaitem.99
molten.gold,144,1xic2.itemCellEmpty@0,空单元,IC2:itemCellEmpty,1xgt.metaitem.99@86,熔融金单元,gregtech:gt.metaitem.99
molten.grisium,1000,1xic2.itemCellEmpty@0,空单元,IC2:itemCellEmpty,1xitem.itemCellGrisium@0,灰钛合金单元,miscutils:itemCellGrisium
molten.hafnium,1000,1xic2.itemCellEmpty@0,空单元,IC2:itemCellEmpty,1xitem.itemCellHafnium@0,铪单元,miscutils:itemCellHafnium
molten.hassium,144,1xic2.itemCellEmpty@0,空单元,IC2:itemCellEmpty,1xgt.bwMetaGeneratedcellMolten@25079,熔融𬭶单元,bartworks:gt.bwMetaGeneratedcellMolten
molten.hastelloyc276,1000,1xic2.itemCellEmpty@0,空单元,IC2:itemCellEmpty,1xitem.itemCellHastelloyC276@0,哈斯特洛依合金-C276单元,miscutils:itemCellHastelloyC276
molten.hastelloyn,1000,1xic2.itemCellEmpty@0,空单元,IC2:itemCellEmpty,1xitem.itemCellHastelloyN@0,哈斯特洛依合金-N单元,miscutils:itemCellHastelloyN
molten.hastelloyw,1000,1xic2.itemCellEmpty@0,空单元,IC2:itemCellEmpty,1xitem.itemCellHastelloyW@0,哈斯特洛依合金-W单元,miscutils:itemCellHastelloyW
molten.hastelloyx,1000,1xic2.itemCellEmpty@0,空单元,IC2:itemCellEmpty,1xitem.itemCellHastelloyX@0,哈斯特洛依合金-X单元,miscutils:itemCellHastelloyX
molten.heeendium,144,1xic2.itemCellEmpty@0,空单元,IC2:itemCellEmpty,1xgt.metaitem.99@770,熔融终末单元,gregtech:gt.metaitem.99
molten.helicopter,1000,1xic2.itemCellEmpty@0,空单元,IC2:itemCellEmpty,1xitem.itemCellHeLiCoPtEr@0,HeLiCoPtEr单元,miscutils:itemCellHeLiCoPtEr
molten.heliumspargedusalt,1000,1xic2.itemCellEmpty@0,空单元,IC2:itemCellEmpty,1xitem.itemCellHeliumSpargedUSalt@0,氦涤枯竭铀熔盐单元,miscutils:itemCellHeliumSpargedUSalt
molten.hellishmetal,144,1xic2.itemCellEmpty@0,空单元,IC2:itemCellEmpty,1xgt.metaitem.99@125,熔融地狱金属单元,gregtech:gt.metaitem.99
molten.hg1223,1000,1xic2.itemCellEmpty@0,空单元,IC2:itemCellEmpty,1xitem.itemCellHG1223@0,HG-1223单元,miscutils:itemCellHG1223
molten.high durability compound steel,144,1xic2.itemCellEmpty@0,空单元,IC2:itemCellEmpty,1xgt.bwMetaGeneratedcellMolten@92,熔融高耐久性复合钢单元,bartworks:gt.bwMetaGeneratedcellMolten
molten.hikarium,144,1xic2.itemCellEmpty@0,空单元,IC2:itemCellEmpty,1xgt.bwMetaGeneratedcellMolten@10105,熔融光素单元,bartworks:gt.bwMetaGeneratedcellMolten
molten.holmium,144,1xic2.itemCellEmpty@0,空单元,IC2:itemCellEmpty,1xgt.metaitem.99@74,熔融钬单元,gregtech:gt.metaitem.99
molten.holmium garnet,144,1xic2.itemCellEmpty@0,空单元,IC2:itemCellEmpty,1xgt.bwMetaGeneratedcellMolten@20001,熔融钬石榴石单元,bartworks:gt.bwMetaGeneratedcellMolten
molten.hs188a,1000,1xic2.itemCellEmpty@0,空单元,IC2:itemCellEmpty,1xitem.itemCellHS188A@0,HS188-A单元,miscutils:itemCellHS188A
molten.hsla steel,144,1xic2.itemCellEmpty@0,空单元,IC2:itemCellEmpty,1xgt.bwMetaGeneratedcellMolten@25072,熔融HSLA钢单元,bartworks:gt.bwMetaGeneratedcellMolten
molten.hsse,144,1xic2.itemCellEmpty@0,空单元,IC2:itemCellEmpty,1xgt.metaitem.99@373,熔融高速钢-E单元,gregtech:gt.metaitem.99
molten.hssg,144,1xic2.itemCellEmpty@0,空单元,IC2:itemCellEmpty,1xgt.metaitem.99@372,熔融高速钢-G单元,gregtech:gt.metaitem.99
molten.hsss,144,1xic2.itemCellEmpty@0,空单元,IC2:itemCellEmpty,1xgt.metaitem.99@374,熔融高速钢-S单元,gregtech:gt.metaitem.99
molten.hydrogenchloridemix,1000,1xic2.itemCellEmpty@0,空单元,IC2:itemCellEmpty,1xitem.itemCellHydrogenChlorideMix@0,氯化氢混合物单元,miscutils:itemCellHydrogenChlorideMix
molten.hypogen,1000,1xic2.itemCellEmpty@0,空单元,IC2:itemCellEmpty,1xitem.itemCellHypogen@0,海珀珍单元,miscutils:itemCellHypogen
molten.ichorium,1000,1xic2.itemCellEmpty@0,空单元,IC2:itemCellEmpty,1xgt.metaitem.99@978,熔融灵宝单元,gregtech:gt.metaitem.99
molten.incoloy-903,144,1xic2.itemCellEmpty@0,空单元,IC2:itemCellEmpty,1xgt.bwMetaGeneratedcellMolten@10084,熔融耐热铬铁合金-903单元,bartworks:gt.bwMetaGeneratedcellMolten
molten.incoloy020,1000,1xic2.itemCellEmpty@0,空单元,IC2:itemCellEmpty,1xitem.itemCellIncoloy020@0,耐热铬铁合金-020单元,miscutils:itemCellIncoloy020
molten.incoloyds,1000,1xic2.itemCellEmpty@0,空单元,IC2:itemCellEmpty,1xitem.itemCellIncoloyDS@0,耐热铬铁合金-DS单元,miscutils:itemCellIncoloyDS
molten.incoloyma956,1000,1xic2.itemCellEmpty@0,空单元,IC2:itemCellEmpty,1xitem.itemCellIncoloyMA956@0,耐热铬铁合金-MA956单元,miscutils:itemCellIncoloyMA956
molten.inconel625,1000,1xic2.itemCellEmpty@0,空单元,IC2:itemCellEmpty,1xitem.itemCellInconel625@0,镍铬基合金-625单元,miscutils:itemCellInconel625
molten.inconel690,1000,1xic2.itemCellEmpty@0,空单元,IC2:itemCellEmpty,1xitem.itemCellInconel690@0,镍铬基合金-690单元,miscutils:itemCellInconel690
molten.inconel792,1000,1xic2.itemCellEmpty@0,空单元,IC2:itemCellEmpty,1xitem.itemCellInconel792@0,镍铬基合金-792单元,miscutils:itemCellInconel792
molten.indalloy140,1000,1xic2.itemCellEmpty@0,空单元,IC2:itemCellEmpty,1xitem.itemCellIndalloy140@0,铋铅合金140单元,miscutils:itemCellIndalloy140
molten.indium,144,1xic2.itemCellEmpty@0,空单元,IC2:itemCellEmpty,1xgt.metaitem.99@56,熔融铟单元,gregtech:gt.metaitem.99
molten.indiumgalliumphosphide,144,1xic2.itemCellEmpty@0,空单元,IC2:itemCellEmpty,1xgt.metaitem.99@981,熔融磷化铟镓单元,gregtech:gt.metaitem.99
molten.infinity,144,1xic2.itemCellEmpty@0,空单元,IC2:itemCellEmpty,1xgt.metaitem.99@397,熔融无尽单元,gregtech:gt.metaitem.99
molten.infinitycatalyst,144,1xic2.itemCellEmpty@0,空单元,IC2:itemCellEmpty,1xgt.metaitem.99@394,熔融无尽催化剂单元,gregtech:gt.metaitem.99
molten.infusedgold,144,1xic2.itemCellEmpty@0,空单元,IC2:itemCellEmpty,1xgt.metaitem.99@323,熔融注魔金单元,gregtech:gt.metaitem.99
molten.invar,144,1xic2.itemCellEmpty@0,空单元,IC2:itemCellEmpty,1xgt.metaitem.99@302,熔融殷钢单元,gregtech:gt.metaitem.99
molten.iodine,1000,1xic2.itemCellEmpty@0,空单元,IC2:itemCellEmpty,1xitem.itemCellIodine@0,碘单元,miscutils:itemCellIodine
molten.iridium,144,1xic2.itemCellEmpty@0,空单元,IC2:itemCellEmpty,1xgt.metaitem.99@84,熔融铱单元,gregtech:gt.metaitem.99
molten.iron,144,1xic2.itemCellEmpty@0,空单元,IC2:itemCellEmpty,1xgt.metaitem.99@32,熔融铁单元,gregtech:gt.metaitem.99
molten.ironwood,144,1xic2.itemCellEmpty@0,空单元,IC2:itemCellEmpty,1xgt.metaitem.99@338,熔融铁木单元,gregtech:gt.metaitem.99
molten.irossm,144,1xic2.itemCellEmpty@0,空单元,IC2:itemCellEmpty,1xgt.bwMetaGeneratedcellMolten@12320,熔融IrOsSm单元,bartworks:gt.bwMetaGeneratedcellMolten
molten.kanthal,144,1xic2.itemCellEmpty@0,空单元,IC2:itemCellEmpty,1xgt.metaitem.99@312,熔融坎塔尔单元,gregtech:gt.metaitem.99
molten.kevlar,144,1xic2.itemCellEmpty@0,空单元,IC2:itemCellEmpty,1xgt.metaitem.99@765,熔融凯芙拉单元,gregtech:gt.metaitem.99
molten.knightmetal,144,1xic2.itemCellEmpty@0,空单元,IC2:itemCellEmpty,1xgt.metaitem.99@362,熔融骑士金属单元,gregtech:gt.metaitem.99
molten.koboldite,1000,1xic2.itemCellEmpty@0,空单元,IC2:itemCellEmpty,1xitem.itemCellKoboldite@0,妖金单元,miscutils:itemCellKoboldite
molten.lafiumcompound,1000,1xic2.itemCellEmpty@0,空单元,IC2:itemCellEmpty,1xitem.itemCellLafiumCompound@0,路菲恩化合物单元,miscutils:itemCellLafiumCompound
molten.lanthanum,144,1xic2.itemCellEmpty@0,空单元,IC2:itemCellEmpty,1xgt.metaitem.99@64,熔融镧单元,gregtech:gt.metaitem.99
molten.laurenium,1000,1xic2.itemCellEmpty@0,空单元,IC2:itemCellEmpty,1xitem.itemCellLaurenium@0,劳伦姆合金单元,miscutils:itemCellLaurenium
molten.lawrencium,144,1xic2.itemCellEmpty@0,空单元,IC2:itemCellEmpty,1xgt.bwMetaGeneratedcellMolten@25093,熔融铹单元,bartworks:gt.bwMetaGeneratedcellMolten
molten.lead,144,1xic2.itemCellEmpty@0,空单元,IC2:itemCellEmpty,1xgt.metaitem.99@89,熔融铅单元,gregtech:gt.metaitem.99
molten.ledox,144,1xic2.itemCellEmpty@0,空单元,IC2:itemCellEmpty,1xgt.metaitem.99@390,熔融深铅单元,gregtech:gt.metaitem.99
molten.lftrfuel1,1000,1xic2.itemCellEmpty@0,空单元,IC2:itemCellEmpty,1xitem.itemCellLFTRFuel1@0,液态氟钍反应堆燃料1单元,miscutils:itemCellLFTRFuel1
molten.lftrfuel2,1000,1xic2.itemCellEmpty@0,空单元,IC2:itemCellEmpty,1xitem.itemCellLFTRFuel2@0,液态氟钍反应堆燃料2单元,miscutils:itemCellLFTRFuel2
molten.lftrfuel3,1000,1xic2.itemCellEmpty@0,空单元,IC2:itemCellEmpty,1xitem.itemCellLFTRFuel3@0,液态氟钍反应堆燃料3单元,miscutils:itemCellLFTRFuel3
molten.lftrfuelbase,1000,1xic2.itemCellEmpty@0,空单元,IC2:itemCellEmpty,1xitem.itemCellLFTRFuelBase@0,液态氟钍反应堆基燃料单元,miscutils:itemCellLFTRFuelBase
molten.lithium,144,1xic2.itemCellEmpty@0,空单元,IC2:itemCellEmpty,1xgt.metaitem.99@6,熔融锂单元,gregtech:gt.metaitem.99
molten.lithium chloride,144,1xic2.itemCellEmpty@0,空单元,IC2:itemCellEmpty,1xgt.bwMetaGeneratedcellMolten@10098,熔融氯化锂单元,bartworks:gt.bwMetaGeneratedcellMolten
molten.lithiumfluoride,1000,1xic2.itemCellEmpty@0,空单元,IC2:itemCellEmpty,1xitem.itemCellLithiumFluoride@0,氟化锂单元,miscutils:itemCellLithiumFluoride
molten.lithiumtetrafluoroberyllatelftb,1000,1xic2.itemCellEmpty@0,空单元,IC2:itemCellEmpty,1xitem.itemCellLithiumTetrafluoroberyllateLFTB@0,四氟铍酸锂(LTFB)单元,miscutils:itemCellLithiumTetrafluoroberyllateLFTB
molten.livermorium,144,1xic2.itemCellEmpty@0,空单元,IC2:itemCellEmpty,1xgt.bwMetaGeneratedcellMolten@25085,熔融𫟷单元,bartworks:gt.bwMetaGeneratedcellMolten
molten.longasssuperconductornameforuhvwire,144,1xic2.itemCellEmpty@0,空单元,IC2:itemCellEmpty,1xgt.metaitem.99@985,熔融UHV超导粗胚单元,gregtech:gt.metaitem.99
molten.longasssuperconductornameforuvwire,144,1xic2.itemCellEmpty@0,空单元,IC2:itemCellEmpty,1xgt.metaitem.99@986,熔融UV超导粗胚单元,gregtech:gt.metaitem.99
molten.lumiium,144,1xic2.itemCellEmpty@0,空单元,IC2:itemCellEmpty,1xgt.bwMetaGeneratedcellMolten@10101,熔融流明单元,bartworks:gt.bwMetaGeneratedcellMolten
molten.lutetium,144,1xic2.itemCellEmpty@0,空单元,IC2:itemCellEmpty,1xgt.metaitem.99@78,熔融镥单元,gregtech:gt.metaitem.99
molten.magmatter,144,1xic2.itemCellEmpty@0,空单元,IC2:itemCellEmpty,1xgt.metaitem.99@143,熔融磁物质单元,gregtech:gt.metaitem.99
molten.magnalium,144,1xic2.itemCellEmpty@0,空单元,IC2:itemCellEmpty,1xgt.metaitem.99@313,熔融镁铝合金单元,gregtech:gt.metaitem.99
molten.magnesia,144,1xic2.itemCellEmpty@0,空单元,IC2:itemCellEmpty,1xgt.bwMetaGeneratedcellMolten@32237,熔融苦土单元,bartworks:gt.bwMetaGeneratedcellMolten
molten.magnesium,144,1xic2.itemCellEmpty@0,空单元,IC2:itemCellEmpty,1xgt.metaitem.99@18,熔融镁单元,gregtech:gt.metaitem.99
molten.magnetohydrodynamicallyconstrainedstarmatter,144,1xic2.itemCellEmpty@0,空单元,IC2:itemCellEmpty,1xgt.metaitem.99@583,熔融磁流体约束恒星物质单元,gregtech:gt.metaitem.99
molten.manasteel,144,1xic2.itemCellEmpty@0,空单元,IC2:itemCellEmpty,1xgt.metaitem.99@201,熔融魔力钢单元,gregtech:gt.metaitem.99
molten.manganese,144,1xic2.itemCellEmpty@0,空单元,IC2:itemCellEmpty,1xgt.metaitem.99@31,熔融锰单元,gregtech:gt.metaitem.99
molten.manyullyn,144,1xic2.itemCellEmpty@0,空单元,IC2:itemCellEmpty,1xgt.metaitem.99@386,熔融玛玉灵单元,gregtech:gt.metaitem.99
molten.mar-ce-m200 steel,144,1xic2.itemCellEmpty@0,空单元,IC2:itemCellEmpty,1xgt.bwMetaGeneratedcellMolten@10097,熔融MAR-Ce-M200特种钢单元,bartworks:gt.bwMetaGeneratedcellMolten
molten.mar-m200 steel,144,1xic2.itemCellEmpty@0,空单元,IC2:itemCellEmpty,1xgt.bwMetaGeneratedcellMolten@10096,熔融MAR-M200特种钢单元,bartworks:gt.bwMetaGeneratedcellMolten
molten.maragingsteel250,1000,1xic2.itemCellEmpty@0,空单元,IC2:itemCellEmpty,1xitem.itemCellMaragingSteel250@0,马氏体时效钢250单元,miscutils:itemCellMaragingSteel250
molten.maragingsteel300,1000,1xic2.itemCellEmpty@0,空单元,IC2:itemCellEmpty,1xitem.itemCellMaragingSteel300@0,马氏体时效钢300单元,miscutils:itemCellMaragingSteel300
molten.maragingsteel350,1000,1xic2.itemCellEmpty@0,空单元,IC2:itemCellEmpty,1xitem.itemCellMaragingSteel350@0,马氏体时效钢350单元,miscutils:itemCellMaragingSteel350
molten.meitnerium,144,1xic2.itemCellEmpty@0,空单元,IC2:itemCellEmpty,1xgt.bwMetaGeneratedcellMolten@25080,熔融鿏单元,bartworks:gt.bwMetaGeneratedcellMolten
molten.mellion,144,1xic2.itemCellEmpty@0,空单元,IC2:itemCellEmpty,1xgt.metaitem.99@148,熔融灿茶合金单元,gregtech:gt.metaitem.99
molten.melodicalloy,144,1xic2.itemCellEmpty@0,空单元,IC2:itemCellEmpty,1xgt.metaitem.99@404,熔融旋律合金单元,gregtech:gt.metaitem.99
molten.mendelevium,144,1xic2.itemCellEmpty@0,空单元,IC2:itemCellEmpty,1xgt.bwMetaGeneratedcellMolten@25091,熔融钔单元,bartworks:gt.bwMetaGeneratedcellMolten
molten.metastable oganesson,144,1xic2.itemCellEmpty@0,空单元,IC2:itemCellEmpty,1xgt.bwMetaGeneratedcellMolten@10111,熔融亚稳态鿫单元,bartworks:gt.bwMetaGeneratedcellMolten
molten.meteoriciron,144,1xic2.itemCellEmpty@0,空单元,IC2:itemCellEmpty,1xgt.metaitem.99@340,熔融陨铁单元,gregtech:gt.metaitem.99
molten.meteoricsteel,144,1xic2.itemCellEmpty@0,空单元,IC2:itemCellEmpty,1xgt.metaitem.99@341,熔融陨钢单元,gregtech:gt.metaitem.99
molten.mithril,144,1xic2.itemCellEmpty@0,空单元,IC2:itemCellEmpty,1xgt.metaitem.99@331,熔融秘银单元,gregtech:gt.metaitem.99
molten.molybdenum,144,1xic2.itemCellEmpty@0,空单元,IC2:itemCellEmpty,1xgt.metaitem.99@48,熔融钼单元,gregtech:gt.metaitem.99
molten.molybdenum disilicide,144,1xic2.itemCellEmpty@0,空单元,IC2:itemCellEmpty,1xgt.bwMetaGeneratedcellMolten@25071,熔融二硅化钼单元,bartworks:gt.bwMetaGeneratedcellMolten
molten.moscovium,144,1xic2.itemCellEmpty@0,空单元,IC2:itemCellEmpty,1xgt.bwMetaGeneratedcellMolten@25084,熔融镆单元,bartworks:gt.bwMetaGeneratedcellMolten
molten.mutatedlivingsolder,1000,1xic2.itemCellEmpty@0,空单元,IC2:itemCellEmpty,1xitem.itemCellMutatedLivingSolder@0,突变活性焊料单元,miscutils:itemCellMutatedLivingSolder
molten.mysteriouscrystal,144,1xic2.itemCellEmpty@0,空单元,IC2:itemCellEmpty,1xgt.metaitem.99@398,熔融神秘水晶单元,gregtech:gt.metaitem.99
molten.mytryl,144,1xic2.itemCellEmpty@0,空单元,IC2:itemCellEmpty,1xgt.metaitem.99@387,熔融深空秘银单元,gregtech:gt.metaitem.99
molten.naquadah,144,1xic2.itemCellEmpty@0,空单元,IC2:itemCellEmpty,1xgt.metaitem.99@324,熔融硅岩单元,gregtech:gt.metaitem.99
molten.naquadahalloy,144,1xic2.itemCellEmpty@0,空单元,IC2:itemCellEmpty,1xgt.metaitem.99@325,熔融硅岩合金单元,gregtech:gt.metaitem.99
molten.naquadahenriched,144,1xic2.itemCellEmpty@0,空单元,IC2:itemCellEmpty,1xgt.metaitem.99@326,熔融富集硅岩单元,gregtech:gt.metaitem.99
molten.naquadria,144,1xic2.itemCellEmpty@0,空单元,IC2:itemCellEmpty,1xgt.metaitem.99@327,熔融超能硅岩单元,gregtech:gt.metaitem.99
molten.neodymium,144,1xic2.itemCellEmpty@0,空单元,IC2:itemCellEmpty,1xgt.metaitem.99@67,熔融钕单元,gregtech:gt.metaitem.99
molten.neptunium,1000,1xic2.itemCellEmpty@0,空单元,IC2:itemCellEmpty,1xitem.itemCellNeptunium@0,镎单元,miscutils:itemCellNeptunium
molten.neutronium,144,1xic2.itemCellEmpty@0,空单元,IC2:itemCellEmpty,1xgt.metaitem.99@129,熔融中子单元,gregtech:gt.metaitem.99
molten.nichrome,144,1xic2.itemCellEmpty@0,空单元,IC2:itemCellEmpty,1xgt.metaitem.99@311,熔融镍铬合金单元,gregtech:gt.metaitem.99
molten.nickel,144,1xic2.itemCellEmpty@0,空单元,IC2:itemCellEmpty,1xgt.metaitem.99@34,熔融镍单元,gregtech:gt.metaitem.99
molten.nickelaluminide,144,1xic2.itemCellEmpty@0,空单元,IC2:itemCellEmpty,1xgt.metaitem.99@772,熔融铝化镍单元,gregtech:gt.metaitem.99
molten.nickelzincferrite,144,1xic2.itemCellEmpty@0,空单元,IC2:itemCellEmpty,1xgt.metaitem.99@613,熔融镍锌铁氧体单元,gregtech:gt.metaitem.99
molten.nihonium,144,1xic2.itemCellEmpty@0,空单元,IC2:itemCellEmpty,1xgt.bwMetaGeneratedcellMolten@25094,熔融鿭单元,bartworks:gt.bwMetaGeneratedcellMolten
molten.niobium,144,1xic2.itemCellEmpty@0,空单元,IC2:itemCellEmpty,1xgt.metaitem.99@47,熔融铌单元,gregtech:gt.metaitem.99
molten.niobiumcarbide,1000,1xic2.itemCellEmpty@0,空单元,IC2:itemCellEmpty,1xitem.itemCellNiobiumCarbide@0,碳化铌单元,miscutils:itemCellNiobiumCarbide
molten.niobiumnitride,144,1xic2.itemCellEmpty@0,空单元,IC2:itemCellEmpty,1xgt.metaitem.99@359,熔融氮化铌单元,gregtech:gt.metaitem.99
molten.niobiumtitanium,144,1xic2.itemCellEmpty@0,空单元,IC2:itemCellEmpty,1xgt.metaitem.99@360,熔融铌钛合金单元,gregtech:gt.metaitem.99
molten.nitinol60,1000,1xic2.itemCellEmpty@0,空单元,IC2:itemCellEmpty,1xitem.itemCellNitinol60@0,镍钛诺60单元,miscutils:itemCellNitinol60
molten.nobelium,144,1xic2.itemCellEmpty@0,空单元,IC2:itemCellEmpty,1xgt.bwMetaGeneratedcellMolten@25092,熔融锘单元,bartworks:gt.bwMetaGeneratedcellMolten
molten.obsidian,144,1xic2.itemCellEmpty@0,空单元,IC2:itemCellEmpty,1xgt.metaitem.99@804,熔融黑曜石单元,gregtech:gt.metaitem.99
molten.octiron,1000,1xic2.itemCellEmpty@0,空单元,IC2:itemCellEmpty,1xitem.itemCellOctiron@0,八角铁单元,miscutils:itemCellOctiron
molten.orichalcum,144,1xic2.itemCellEmpty@0,空单元,IC2:itemCellEmpty,1xgt.metaitem.99@966,熔融山铜单元,gregtech:gt.metaitem.99
molten.oriharukon,144,1xic2.itemCellEmpty@0,空单元,IC2:itemCellEmpty,1xgt.metaitem.99@393,熔融奥利哈钢单元,gregtech:gt.metaitem.99
molten.orundum,144,1xic2.itemCellEmpty@0,空单元,IC2:itemCellEmpty,1xgt.bwMetaGeneratedcellMolten@10023,熔融合成玉单元,bartworks:gt.bwMetaGeneratedcellMolten
molten.osmiridium,144,1xic2.itemCellEmpty@0,空单元,IC2:itemCellEmpty,1xgt.metaitem.99@317,熔融铱锇合金单元,gregtech:gt.metaitem.99
molten.osmium,144,1xic2.itemCellEmpty@0,空单元,IC2:itemCellEmpty,1xgt.metaitem.99@83,熔融锇单元,gregtech:gt.metaitem.99
molten.palladium,144,1xic2.itemCellEmpty@0,空单元,IC2:itemCellEmpty,1xgt.metaitem.99@52,熔融钯单元,gregtech:gt.metaitem.99
molten.pentacadmiummagnesiumhexaoxid,144,1xic2.itemCellEmpty@0,空单元,IC2:itemCellEmpty,1xgt.metaitem.99@987,熔融MV超导粗胚单元,gregtech:gt.metaitem.99
molten.periodicium,144,1xic2.itemCellEmpty@0,空单元,IC2:itemCellEmpty,1xgt.bwMetaGeneratedcellMolten@25200,熔融錭錤錶单元,bartworks:gt.bwMetaGeneratedcellMolten
molten.phosphorousuraniumhexafluoridepuf6,1000,1xic2.itemCellEmpty@0,空单元,IC2:itemCellEmpty,1xitem.itemCellPhosphorousUraniumHexafluoridePUF6@0,磷化六氟化铀(P-UF6)单元,miscutils:itemCellPhosphorousUraniumHexafluoridePUF6
molten.pigiron,144,1xic2.itemCellEmpty@0,空单元,IC2:itemCellEmpty,1xgt.metaitem.99@307,熔融生铁单元,gregtech:gt.metaitem.99
molten.pikyonium64b,1000,1xic2.itemCellEmpty@0,空单元,IC2:itemCellEmpty,1xitem.itemCellPikyonium64B@0,皮卡优合金64B单元,miscutils:itemCellPikyonium64B
molten.plastic,144,1xic2.itemCellEmpty@0,空单元,IC2:itemCellEmpty,1xgt.metaitem.99@874,熔融聚乙烯（PE）单元,gregtech:gt.metaitem.99
molten.platinum,144,1xic2.itemCellEmpty@0,空单元,IC2:itemCellEmpty,1xgt.metaitem.99@85,熔融铂单元,gregtech:gt.metaitem.99
molten.plutonium,144,1xic2.itemCellEmpty@0,空单元,IC2:itemCellEmpty,1xgt.metaitem.99@100,熔融钚-239单元,gregtech:gt.metaitem.99
molten.plutonium238,1000,1xic2.itemCellEmpty@0,空单元,IC2:itemCellEmpty,1xitem.itemCellPlutonium238@0,钚-238单元,miscutils:itemCellPlutonium238
molten.plutonium241,144,1xic2.itemCellEmpty@0,空单元,IC2:itemCellEmpty,1xgt.metaitem.99@101,熔融钚-241单元,gregtech:gt.metaitem.99
molten.polonium,1000,1xic2.itemCellEmpty@0,空单元,IC2:itemCellEmpty,1xitem.itemCellPolonium@0,钋单元,miscutils:itemCellPolonium
molten.polybenzimidazole,144,1xic2.itemCellEmpty@0,空单元,IC2:itemCellEmpty,1xgt.metaitem.99@599,熔融聚苯并咪唑（PBI）单元,gregtech:gt.metaitem.99
molten.polycaprolactam,144,1xic2.itemCellEmpty@0,空单元,IC2:itemCellEmpty,1xgt.metaitem.99@472,熔融聚己内酰胺（PCL）单元,gregtech:gt.metaitem.99
molten.polyetheretherketone,144,1xic2.itemCellEmpty@0,空单元,IC2:itemCellEmpty,1xgt.bwMetaGeneratedcellMolten@25047,熔融聚醚醚酮单元,bartworks:gt.bwMetaGeneratedcellMolten
molten.polyimide,144,1xic2.itemCellEmpty@0,空单元,IC2:itemCellEmpty,1xgt.bwMetaGeneratedcellMolten@25041,熔融聚酰亚胺单元,bartworks:gt.bwMetaGeneratedcellMolten
molten.polyphenylenesulfide,144,1xic2.itemCellEmpty@0,空单元,IC2:itemCellEmpty,1xgt.metaitem.99@631,熔融聚苯硫醚（PPS）单元,gregtech:gt.metaitem.99
molten.polystyrene,144,1xic2.itemCellEmpty@0,空单元,IC2:itemCellEmpty,1xgt.metaitem.99@636,熔融聚苯乙烯（PS）单元,gregtech:gt.metaitem.99
molten.polytetrafluoroethylene,144,1xic2.itemCellEmpty@0,空单元,IC2:itemCellEmpty,1xgt.metaitem.99@473,熔融聚四氟乙烯（PTFE）单元,gregtech:gt.metaitem.99
molten.polyvinylchloride,144,1xic2.itemCellEmpty@0,空单元,IC2:itemCellEmpty,1xgt.metaitem.99@649,熔融聚氯乙烯（PVC）单元,gregtech:gt.metaitem.99
molten.potassium,144,1xic2.itemCellEmpty@0,空单元,IC2:itemCellEmpty,1xgt.metaitem.99@25,熔融钾单元,gregtech:gt.metaitem.99
molten.potassium chlorate,144,1xic2.itemCellEmpty@0,空单元,IC2:itemCellEmpty,1xgt.bwMetaGeneratedcellMolten@11314,熔融氯酸钾单元,bartworks:gt.bwMetaGeneratedcellMolten
molten.potassium disulfate,144,1xic2.itemCellEmpty@0,空单元,IC2:itemCellEmpty,1xgt.bwMetaGeneratedcellMolten@59,熔融焦硫酸钾单元,bartworks:gt.bwMetaGeneratedcellMolten
molten.potin,1000,1xic2.itemCellEmpty@0,空单元,IC2:itemCellEmpty,1xitem.itemCellPotin@0,粗青铜合金单元,miscutils:itemCellPotin
molten.praseodymium,144,1xic2.itemCellEmpty@0,空单元,IC2:itemCellEmpty,1xgt.metaitem.99@66,熔融镨单元,gregtech:gt.metaitem.99
molten.precious metals alloy,144,1xic2.itemCellEmpty@0,空单元,IC2:itemCellEmpty,1xgt.bwMetaGeneratedcellMolten@10109,熔融稀有金属合金单元,bartworks:gt.bwMetaGeneratedcellMolten
molten.prismaticnaquadah,144,1xic2.itemCellEmpty@0,空单元,IC2:itemCellEmpty,1xgt.metaitem.99@163,熔融海晶硅岩单元,gregtech:gt.metaitem.99
molten.promethium,144,1xic2.itemCellEmpty@0,空单元,IC2:itemCellEmpty,1xgt.metaitem.99@68,熔融钷单元,gregtech:gt.metaitem.99
molten.protactinium,1000,1xic2.itemCellEmpty@0,空单元,IC2:itemCellEmpty,1xitem.itemCellProtactinium@0,镤单元,miscutils:itemCellProtactinium
molten.pulsatingiron,144,1xic2.itemCellEmpty@0,空单元,IC2:itemCellEmpty,1xgt.metaitem.99@378,熔融脉冲铁单元,gregtech:gt.metaitem.99
molten.quantium,144,1xic2.itemCellEmpty@0,空单元,IC2:itemCellEmpty,1xgt.metaitem.99@391,熔融量子单元,gregtech:gt.metaitem.99
molten.quantum,1000,1xic2.itemCellEmpty@0,空单元,IC2:itemCellEmpty,1xitem.itemCellQuantum@0,量子合金单元,miscutils:itemCellQuantum
molten.radium,1000,1xic2.itemCellEmpty@0,空单元,IC2:itemCellEmpty,1xitem.itemCellRadium@0,镭单元,miscutils:itemCellRadium
molten.radoxpoly,144,1xic2.itemCellEmpty@0,空单元,IC2:itemCellEmpty,1xgt.metaitem.99@979,熔融拉多X聚合物单元,gregtech:gt.metaitem.99
molten.realgar,144,1xic2.itemCellEmpty@0,空单元,IC2:itemCellEmpty,1xgt.metaitem.99@913,熔融雄黄单元,gregtech:gt.metaitem.99
molten.redalloy,144,1xic2.itemCellEmpty@0,空单元,IC2:itemCellEmpty,1xgt.metaitem.99@308,熔融红色合金单元,gregtech:gt.metaitem.99
molten.redsteel,144,1xic2.itemCellEmpty@0,空单元,IC2:itemCellEmpty,1xgt.metaitem.99@348,熔融红钢单元,gregtech:gt.metaitem.99
molten.redstone,144,1xic2.itemCellEmpty@0,空单元,IC2:itemCellEmpty,1xgt.metaitem.99@810,熔融红石单元,gregtech:gt.metaitem.99
molten.redstonealloy,144,1xic2.itemCellEmpty@0,空单元,IC2:itemCellEmpty,1xgt.metaitem.99@381,熔融红石合金单元,gregtech:gt.metaitem.99
molten.reinforced,144,1xic2.itemCellEmpty@0,空单元,IC2:itemCellEmpty,1xgt.metaitem.99@383,熔融强化单元,gregtech:gt.metaitem.99
molten.reinforcedglass,144,1xic2.itemCellEmpty@0,空单元,IC2:itemCellEmpty,1xgt.metaitem.99@602,熔融防爆玻璃单元,gregtech:gt.metaitem.99
molten.rhenium,1000,1xic2.itemCellEmpty@0,空单元,IC2:itemCellEmpty,1xitem.itemCellRhenium@0,铼单元,miscutils:itemCellRhenium
molten.rhodium,1000,1xic2.itemCellEmpty@0,空单元,IC2:itemCellEmpty,1xitem.itemCellRhodium@0,铑单元,miscutils:itemCellRhodium
molten.rhodium,144,1xic2.itemCellEmpty@0,空单元,IC2:itemCellEmpty,1xgt.bwMetaGeneratedcellMolten@78,熔融铑单元,bartworks:gt.bwMetaGeneratedcellMolten
molten.rhodium-plated palladium,144,1xic2.itemCellEmpty@0,空单元,IC2:itemCellEmpty,1xgt.bwMetaGeneratedcellMolten@88,熔融镀铑钯单元,bartworks:gt.bwMetaGeneratedcellMolten
molten.rhugnor,1000,1xic2.itemCellEmpty@0,空单元,IC2:itemCellEmpty,1xitem.itemCellRhugnor@0,鲁格诺单元,miscutils:itemCellRhugnor
molten.roentgenium,144,1xic2.itemCellEmpty@0,空单元,IC2:itemCellEmpty,1xgt.bwMetaGeneratedcellMolten@25082,熔融𬬭单元,bartworks:gt.bwMetaGeneratedcellMolten
molten.rosegold,144,1xic2.itemCellEmpty@0,空单元,IC2:itemCellEmpty,1xgt.metaitem.99@351,熔融玫瑰金单元,gregtech:gt.metaitem.99
molten.rubber,144,1xic2.itemCellEmpty@0,空单元,IC2:itemCellEmpty,1xgt.metaitem.99@880,熔融橡胶单元,gregtech:gt.metaitem.99
molten.rubidium,144,1xic2.itemCellEmpty@0,空单元,IC2:itemCellEmpty,1xgt.metaitem.99@43,熔融铷单元,gregtech:gt.metaitem.99
molten.rubracium,144,1xic2.itemCellEmpty@0,空单元,IC2:itemCellEmpty,1xgt.metaitem.99@488,熔融褐铜单元,gregtech:gt.metaitem.99
molten.runite,1000,1xic2.itemCellEmpty@0,空单元,IC2:itemCellEmpty,1xitem.itemCellRunite@0,虚恩单元,miscutils:itemCellRunite
molten.ruridit,144,1xic2.itemCellEmpty@0,空单元,IC2:itemCellEmpty,1xgt.bwMetaGeneratedcellMolten@90,熔融钌铱合金单元,bartworks:gt.bwMetaGeneratedcellMolten
molten.ruthenium,1000,1xic2.itemCellEmpty@0,空单元,IC2:itemCellEmpty,1xitem.itemCellRuthenium@0,钌单元,miscutils:itemCellRuthenium
molten.ruthenium,144,1xic2.itemCellEmpty@0,空单元,IC2:itemCellEmpty,1xgt.bwMetaGeneratedcellMolten@64,熔融钌单元,bartworks:gt.bwMetaGeneratedcellMolten
molten.rutherfordium,144,1xic2.itemCellEmpty@0,空单元,IC2:itemCellEmpty,1xgt.bwMetaGeneratedcellMolten@25074,熔融𬬻单元,bartworks:gt.bwMetaGeneratedcellMolten
molten.samarium,144,1xic2.itemCellEmpty@0,空单元,IC2:itemCellEmpty,1xgt.metaitem.99@69,熔融钐单元,gregtech:gt.metaitem.99
molten.samarium(iii)-chloride,144,1xic2.itemCellEmpty@0,空单元,IC2:itemCellEmpty,1xgt.bwMetaGeneratedcellMolten@11465,熔融氯化钐(III)单元,bartworks:gt.bwMetaGeneratedcellMolten
molten.scandium,144,1xic2.itemCellEmpty@0,空单元,IC2:itemCellEmpty,1xgt.metaitem.99@27,熔融钪单元,gregtech:gt.metaitem.99
molten.seaborgium,144,1xic2.itemCellEmpty@0,空单元,IC2:itemCellEmpty,1xgt.bwMetaGeneratedcellMolten@25076,熔融𬭳单元,bartworks:gt.bwMetaGeneratedcellMolten
molten.seleniousacid,1000,1xic2.itemCellEmpty@0,空单元,IC2:itemCellEmpty,1xitem.itemCellSeleniousAcid@0,亚硒酸单元,miscutils:itemCellSeleniousAcid
molten.selenium,1000,1xic2.itemCellEmpty@0,空单元,IC2:itemCellEmpty,1xitem.itemCellSelenium@0,硒单元,miscutils:itemCellSelenium
molten.seleniumdioxide,1000,1xic2.itemCellEmpty@0,空单元,IC2:itemCellEmpty,1xitem.itemCellSeleniumDioxide@0,二氧化硒单元,miscutils:itemCellSeleniumDioxide
molten.shadow,144,1xic2.itemCellEmpty@0,空单元,IC2:itemCellEmpty,1xgt.metaitem.99@368,熔融暗影金属单元,gregtech:gt.metaitem.99
molten.shadowiron,144,1xic2.itemCellEmpty@0,空单元,IC2:itemCellEmpty,1xgt.metaitem.99@336,熔融暗影铁单元,gregtech:gt.metaitem.99
molten.shadowsteel,144,1xic2.itemCellEmpty@0,空单元,IC2:itemCellEmpty,1xgt.metaitem.99@337,熔融暗影钢单元,gregtech:gt.metaitem.99
molten.shijima,144,1xic2.itemCellEmpty@0,空单元,IC2:itemCellEmpty,1xgt.metaitem.99@189,熔融静寂单元,gregtech:gt.metaitem.99
molten.shirabon,144,1xic2.itemCellEmpty@0,空单元,IC2:itemCellEmpty,1xgt.bwMetaGeneratedcellMolten@10112,熔融调律源金单元,bartworks:gt.bwMetaGeneratedcellMolten
molten.signalium,144,1xic2.itemCellEmpty@0,空单元,IC2:itemCellEmpty,1xgt.bwMetaGeneratedcellMolten@10099,熔融信素单元,bartworks:gt.bwMetaGeneratedcellMolten
molten.silicon,144,1xic2.itemCellEmpty@0,空单元,IC2:itemCellEmpty,1xgt.metaitem.99@20,熔融生硅单元,gregtech:gt.metaitem.99
molten.siliconcarbide,1000,1xic2.itemCellEmpty@0,空单元,IC2:itemCellEmpty,1xitem.itemCellSiliconCarbide@0,碳化硅单元,miscutils:itemCellSiliconCarbide
molten.silicone,144,1xic2.itemCellEmpty@0,空单元,IC2:itemCellEmpty,1xgt.metaitem.99@471,熔融硅橡胶单元,gregtech:gt.metaitem.99
molten.siliconsolargrade,144,1xic2.itemCellEmpty@0,空单元,IC2:itemCellEmpty,1xgt.metaitem.99@856,熔融太阳能级硅(多晶硅)单元,gregtech:gt.metaitem.99
molten.silver,144,1xic2.itemCellEmpty@0,空单元,IC2:itemCellEmpty,1xgt.metaitem.99@54,熔融银单元,gregtech:gt.metaitem.99
molten.sixphasedcopper,144,1xic2.itemCellEmpty@0,空单元,IC2:itemCellEmpty,1xgt.metaitem.99@147,熔融六相铜单元,gregtech:gt.metaitem.99
molten.sodiumfluoride,1000,1xic2.itemCellEmpty@0,空单元,IC2:itemCellEmpty,1xitem.itemCellSodiumFluoride@0,氟化钠单元,miscutils:itemCellSodiumFluoride
molten.solarsaltcold,1000,1xic2.itemCellEmpty@0,空单元,IC2:itemCellEmpty,1xitem.itemCellSolarSaltCold@0,太阳能盐（冷）单元,miscutils:itemCellSolarSaltCold
molten.solarsalthot,1000,1xic2.itemCellEmpty@0,空单元,IC2:itemCellEmpty,1xitem.itemCellSolarSaltHot@0,太阳能盐（热）单元,miscutils:itemCellSolarSaltHot
molten.solderingalloy,144,1xic2.itemCellEmpty@0,空单元,IC2:itemCellEmpty,1xgt.metaitem.99@314,熔融焊锡单元,gregtech:gt.metaitem.99
molten.solidacidcatalystmixture,1000,1xic2.itemCellEmpty@0,空单元,IC2:itemCellEmpty,1xitem.itemCellSolidAcidCatalystMixture@0,固体酸催化剂混合物单元,miscutils:itemCellSolidAcidCatalystMixture
molten.soularium,144,1xic2.itemCellEmpty@0,空单元,IC2:itemCellEmpty,1xgt.metaitem.99@379,熔融魂金单元,gregtech:gt.metaitem.99
molten.spacetime,144,1xic2.itemCellEmpty@0,空单元,IC2:itemCellEmpty,1xgt.metaitem.99@588,熔融时空单元,gregtech:gt.metaitem.99
molten.staballoy,1000,1xic2.itemCellEmpty@0,空单元,IC2:itemCellEmpty,1xitem.itemCellStaballoy@0,贫铀合金单元,miscutils:itemCellStaballoy
molten.stablemoltensaltbase,1000,1xic2.itemCellEmpty@0,空单元,IC2:itemCellEmpty,1xitem.itemCellStableMoltenSaltBase@0,稳定熔盐基单元,miscutils:itemCellStableMoltenSaltBase
molten.stainlesssteel,144,1xic2.itemCellEmpty@0,空单元,IC2:itemCellEmpty,1xgt.metaitem.99@306,熔融不锈钢单元,gregtech:gt.metaitem.99
molten.stargate,144,1xic2.itemCellEmpty@0,空单元,IC2:itemCellEmpty,1xgt.bwMetaGeneratedcellMolten@25201,熔融星门单元,bartworks:gt.bwMetaGeneratedcellMolten
molten.steel,144,1xic2.itemCellEmpty@0,空单元,IC2:itemCellEmpty,1xgt.metaitem.99@305,熔融钢单元,gregtech:gt.metaitem.99
molten.stellaralloy,144,1xic2.itemCellEmpty@0,空单元,IC2:itemCellEmpty,1xgt.metaitem.99@405,熔融恒星合金单元,gregtech:gt.metaitem.99
molten.stellite,1000,1xic2.itemCellEmpty@0,空单元,IC2:itemCellEmpty,1xitem.itemCellStellite@0,铬钴锰钛合金单元,miscutils:itemCellStellite
molten.sterlingsilver,144,1xic2.itemCellEmpty@0,空单元,IC2:itemCellEmpty,1xgt.metaitem.99@350,熔融标准纯银单元,gregtech:gt.metaitem.99
molten.strontium,144,1xic2.itemCellEmpty@0,空单元,IC2:itemCellEmpty,1xgt.metaitem.99@44,熔融锶单元,gregtech:gt.metaitem.99
molten.stronze,144,1xic2.itemCellEmpty@0,空单元,IC2:itemCellEmpty,1xgt.bwMetaGeneratedcellMolten@25110,熔融青钢单元,bartworks:gt.bwMetaGeneratedcellMolten
molten.styrenebutadienerubber,144,1xic2.itemCellEmpty@0,空单元,IC2:itemCellEmpty,1xgt.metaitem.99@635,熔融丁苯橡胶（SBR）单元,gregtech:gt.metaitem.99
molten.sugar,144,1xic2.itemCellEmpty@0,空单元,IC2:itemCellEmpty,1xgt.metaitem.99@803,熔融糖单元,gregtech:gt.metaitem.99
molten.sunnarium,144,1xic2.itemCellEmpty@0,空单元,IC2:itemCellEmpty,1xgt.metaitem.99@318,熔融阳光化合物单元,gregtech:gt.metaitem.99
molten.superconductoruevbase,144,1xic2.itemCellEmpty@0,空单元,IC2:itemCellEmpty,1xgt.metaitem.99@974,熔融UEV超导粗胚单元,gregtech:gt.metaitem.99
molten.superconductoruivbase,144,1xic2.itemCellEmpty@0,空单元,IC2:itemCellEmpty,1xgt.metaitem.99@131,熔融UIV超导粗胚单元,gregtech:gt.metaitem.99
molten.superconductorumvbase,144,1xic2.itemCellEmpty@0,空单元,IC2:itemCellEmpty,1xgt.metaitem.99@134,熔融UMV超导粗胚单元,gregtech:gt.metaitem.99
molten.tairitsu,144,1xic2.itemCellEmpty@0,空单元,IC2:itemCellEmpty,1xgt.bwMetaGeneratedcellMolten@10106,熔融对立合金单元,bartworks:gt.bwMetaGeneratedcellMolten
molten.talonite,1000,1xic2.itemCellEmpty@0,空单元,IC2:itemCellEmpty,1xitem.itemCellTalonite@0,铬钴磷酸盐合金单元,miscutils:itemCellTalonite
molten.tanmolyium beta-c,144,1xic2.itemCellEmpty@0,空单元,IC2:itemCellEmpty,1xgt.bwMetaGeneratedcellMolten@10103,熔融钛钼合金β-C单元,bartworks:gt.bwMetaGeneratedcellMolten
molten.tantalloy60,1000,1xic2.itemCellEmpty@0,空单元,IC2:itemCellEmpty,1xitem.itemCellTantalloy60@0,钽钨合金-60单元,miscutils:itemCellTantalloy60
molten.tantalloy61,1000,1xic2.itemCellEmpty@0,空单元,IC2:itemCellEmpty,1xitem.itemCellTantalloy61@0,钽钨合金-61单元,miscutils:itemCellTantalloy61
molten.tantalum,144,1xic2.itemCellEmpty@0,空单元,IC2:itemCellEmpty,1xgt.metaitem.99@80,熔融钽单元,gregtech:gt.metaitem.99
molten.tantalum hafnium carbide,144,1xic2.itemCellEmpty@0,空单元,IC2:itemCellEmpty,1xgt.bwMetaGeneratedcellMolten@11503,熔融碳化钽铪单元,bartworks:gt.bwMetaGeneratedcellMolten
molten.tantalumcarbide,1000,1xic2.itemCellEmpty@0,空单元,IC2:itemCellEmpty,1xitem.itemCellTantalumCarbide@0,碳化钽单元,miscutils:itemCellTantalumCarbide
molten.tartarite,144,1xic2.itemCellEmpty@0,空单元,IC2:itemCellEmpty,1xgt.metaitem.99@956,熔融熔火之石单元,gregtech:gt.metaitem.99
molten.technetium,1000,1xic2.itemCellEmpty@0,空单元,IC2:itemCellEmpty,1xitem.itemCellTechnetium@0,锝单元,miscutils:itemCellTechnetium
molten.technetium,144,1xic2.itemCellEmpty@0,空单元,IC2:itemCellEmpty,1xgt.bwMetaGeneratedcellMolten@25077,熔融锝单元,bartworks:gt.bwMetaGeneratedcellMolten
molten.tellurium,144,1xic2.itemCellEmpty@0,空单元,IC2:itemCellEmpty,1xgt.metaitem.99@59,熔融碲单元,gregtech:gt.metaitem.99
molten.tengamattuned,144,1xic2.itemCellEmpty@0,空单元,IC2:itemCellEmpty,1xgt.metaitem.99@112,熔融谐镃单元,gregtech:gt.metaitem.99
molten.tengampurified,144,1xic2.itemCellEmpty@0,空单元,IC2:itemCellEmpty,1xgt.metaitem.99@111,熔融纯镃单元,gregtech:gt.metaitem.99
molten.tennessine,144,1xic2.itemCellEmpty@0,空单元,IC2:itemCellEmpty,1xgt.bwMetaGeneratedcellMolten@25087,熔融鿬单元,bartworks:gt.bwMetaGeneratedcellMolten
molten.terbium,144,1xic2.itemCellEmpty@0,空单元,IC2:itemCellEmpty,1xgt.metaitem.99@72,熔融铽单元,gregtech:gt.metaitem.99
molten.terrasteel,144,1xic2.itemCellEmpty@0,空单元,IC2:itemCellEmpty,1xgt.metaitem.99@202,熔融泰拉钢单元,gregtech:gt.metaitem.99
molten.tetraindiumditindibariumtitaniumheptacoppertetrakaidekaoxid,144,1xic2.itemCellEmpty@0,空单元,IC2:itemCellEmpty,1xgt.metaitem.99@991,熔融LuV超导粗胚单元,gregtech:gt.metaitem.99
molten.tetranaquadahdiindiumhexaplatiumosminid,144,1xic2.itemCellEmpty@0,空单元,IC2:itemCellEmpty,1xgt.metaitem.99@992,熔融ZPM超导粗胚单元,gregtech:gt.metaitem.99
molten.thallium,1000,1xic2.itemCellEmpty@0,空单元,IC2:itemCellEmpty,1xitem.itemCellThallium@0,铊单元,miscutils:itemCellThallium
molten.thaumium,144,1xic2.itemCellEmpty@0,空单元,IC2:itemCellEmpty,1xgt.metaitem.99@330,熔融神秘单元,gregtech:gt.metaitem.99
molten.thorium,144,1xic2.itemCellEmpty@0,空单元,IC2:itemCellEmpty,1xgt.metaitem.99@96,熔融钍单元,gregtech:gt.metaitem.99
molten.thorium232,1000,1xic2.itemCellEmpty@0,空单元,IC2:itemCellEmpty,1xitem.itemCellThorium232@0,钍-232单元,miscutils:itemCellThorium232
molten.thoriumberylliumdepletedmoltensalttbsalt,1000,1xic2.itemCellEmpty@0,空单元,IC2:itemCellEmpty,1xitem.itemCellThoriumBerylliumDepletedMoltenSaltTBSalt@0,枯竭钍铍熔盐单元,miscutils:itemCellThoriumBerylliumDepletedMoltenSaltTBSalt
molten.thoriumdepletedmoltensalttsalt,1000,1xic2.itemCellEmpty@0,空单元,IC2:itemCellEmpty,1xitem.itemCellThoriumDepletedMoltenSaltTSalt@0,枯竭钍熔盐单元,miscutils:itemCellThoriumDepletedMoltenSaltTSalt
molten.thoriumhexafluoride,1000,1xic2.itemCellEmpty@0,空单元,IC2:itemCellEmpty,1xitem.itemCellThoriumHexafluoride@0,六氟化钍单元,miscutils:itemCellThoriumHexafluoride
molten.thoriumtetrafluoride,1000,1xic2.itemCellEmpty@0,空单元,IC2:itemCellEmpty,1xitem.itemCellThoriumTetrafluoride@0,四氟化钍单元,miscutils:itemCellThoriumTetrafluoride
molten.thulium,144,1xic2.itemCellEmpty@0,空单元,IC2:itemCellEmpty,1xgt.metaitem.99@76,熔融铥单元,gregtech:gt.metaitem.99
molten.tin,144,1xic2.itemCellEmpty@0,空单元,IC2:itemCellEmpty,1xgt.metaitem.99@57,熔融锡单元,gregtech:gt.metaitem.99
molten.tinalloy,144,1xic2.itemCellEmpty@0,空单元,IC2:itemCellEmpty,1xgt.metaitem.99@363,熔融锡铁合金单元,gregtech:gt.metaitem.99
molten.titanium,144,1xic2.itemCellEmpty@0,空单元,IC2:itemCellEmpty,1xgt.metaitem.99@28,熔融钛单元,gregtech:gt.metaitem.99
molten.titaniumonabariumdecacoppereikosaoxid,144,1xic2.itemCellEmpty@0,空单元,IC2:itemCellEmpty,1xgt.metaitem.99@988,熔融HV超导粗胚单元,gregtech:gt.metaitem.99
molten.titansteel,1000,1xic2.itemCellEmpty@0,空单元,IC2:itemCellEmpty,1xitem.itemCellTitansteel@0,泰坦精钢单元,miscutils:itemCellTitansteel
molten.tpvalloy,144,1xic2.itemCellEmpty@0,空单元,IC2:itemCellEmpty,1xgt.metaitem.99@576,熔融钛铂钒合金单元,gregtech:gt.metaitem.99
molten.transcendentmetal,144,1xic2.itemCellEmpty@0,空单元,IC2:itemCellEmpty,1xgt.metaitem.99@581,熔融超时空金属单元,gregtech:gt.metaitem.99
molten.trichloroaceticacid,1000,1xic2.itemCellEmpty@0,空单元,IC2:itemCellEmpty,1xitem.itemCellTrichloroaceticAcid@0,三氯乙酸单元,miscutils:itemCellTrichloroaceticAcid
molten.trinium,144,1xic2.itemCellEmpty@0,空单元,IC2:itemCellEmpty,1xgt.metaitem.99@868,熔融三元金属单元,gregtech:gt.metaitem.99
molten.triniumnaquadahalloy,1000,1xic2.itemCellEmpty@0,空单元,IC2:itemCellEmpty,1xitem.itemCellTriniumNaquadahAlloy@0,三元硅岩合金单元,miscutils:itemCellTriniumNaquadahAlloy
molten.triniumnaquadahcarbonite,1000,1xic2.itemCellEmpty@0,空单元,IC2:itemCellEmpty,1xitem.itemCellTriniumNaquadahCarbonite@0,掺碳三元硅岩合金单元,miscutils:itemCellTriniumNaquadahCarbonite
molten.triniumtitaniumalloy,1000,1xic2.itemCellEmpty@0,空单元,IC2:itemCellEmpty,1xitem.itemCellTriniumTitaniumAlloy@0,三元钛合金单元,miscutils:itemCellTriniumTitaniumAlloy
molten.tritanium,144,1xic2.itemCellEmpty@0,空单元,IC2:itemCellEmpty,1xgt.metaitem.99@329,熔融三钛单元,gregtech:gt.metaitem.99
molten.tumbaga,1000,1xic2.itemCellEmpty@0,空单元,IC2:itemCellEmpty,1xitem.itemCellTumbaga@0,铜金合金单元,miscutils:itemCellTumbaga
molten.tungsten,144,1xic2.itemCellEmpty@0,空单元,IC2:itemCellEmpty,1xgt.metaitem.99@81,熔融钨单元,gregtech:gt.metaitem.99
molten.tungstencarbide,144,1xic2.itemCellEmpty@0,空单元,IC2:itemCellEmpty,1xgt.metaitem.99@370,熔融碳化钨单元,gregtech:gt.metaitem.99
molten.tungstensteel,144,1xic2.itemCellEmpty@0,空单元,IC2:itemCellEmpty,1xgt.metaitem.99@316,熔融钨钢单元,gregtech:gt.metaitem.99
molten.tungstentitaniumcarbide,1000,1xic2.itemCellEmpty@0,空单元,IC2:itemCellEmpty,1xitem.itemCellTungstenTitaniumCarbide@0,碳化钨钛合金单元,miscutils:itemCellTungstenTitaniumCarbide
molten.ultimet,144,1xic2.itemCellEmpty@0,空单元,IC2:itemCellEmpty,1xgt.metaitem.99@344,熔融哈氏合金单元,gregtech:gt.metaitem.99
molten.universium,144,1xic2.itemCellEmpty@0,空单元,IC2:itemCellEmpty,1xgt.metaitem.99@139,熔融宇宙素单元,gregtech:gt.metaitem.99
molten.uranium,144,1xic2.itemCellEmpty@0,空单元,IC2:itemCellEmpty,1xgt.metaitem.99@98,熔融铀-238单元,gregtech:gt.metaitem.99
molten.uranium232,1000,1xic2.itemCellEmpty@0,空单元,IC2:itemCellEmpty,1xitem.itemCellUranium232@0,铀-232单元,miscutils:itemCellUranium232
molten.uranium233,1000,1xic2.itemCellEmpty@0,空单元,IC2:itemCellEmpty,1xitem.itemCellUranium233@0,铀-233单元,miscutils:itemCellUranium233
molten.uranium235,144,1xic2.itemCellEmpty@0,空单元,IC2:itemCellEmpty,1xgt.metaitem.99@97,熔融铀-235单元,gregtech:gt.metaitem.99
molten.uraniumdepletedmoltensaltusalt,1000,1xic2.itemCellEmpty@0,空单元,IC2:itemCellEmpty,1xitem.itemCellUraniumDepletedMoltenSaltUSalt@0,枯竭铀熔盐单元,miscutils:itemCellUraniumDepletedMoltenSaltUSalt
molten.uraniumhexafluoride,1000,1xic2.itemCellEmpty@0,空单元,IC2:itemCellEmpty,1xitem.itemCellUraniumHexafluoride@0,六氟化铀单元,miscutils:itemCellUraniumHexafluoride
molten.uraniumtetrafluoride,1000,1xic2.itemCellEmpty@0,空单元,IC2:itemCellEmpty,1xitem.itemCellUraniumTetrafluoride@0,四氟化铀单元,miscutils:itemCellUraniumTetrafluoride
molten.uraniumtriplatinid,144,1xic2.itemCellEmpty@0,空单元,IC2:itemCellEmpty,1xgt.metaitem.99@989,熔融EV超导粗胚单元,gregtech:gt.metaitem.99
molten.vanadium,144,1xic2.itemCellEmpty@0,空单元,IC2:itemCellEmpty,1xgt.metaitem.99@29,熔融钒单元,gregtech:gt.metaitem.99
molten.vanadiumgallium,144,1xic2.itemCellEmpty@0,空单元,IC2:itemCellEmpty,1xgt.metaitem.99@357,熔融钒镓合金单元,gregtech:gt.metaitem.99
molten.vanadiumsteel,144,1xic2.itemCellEmpty@0,空单元,IC2:itemCellEmpty,1xgt.metaitem.99@371,熔融钒钢单元,gregtech:gt.metaitem.99
molten.vanadiumtriindinid,144,1xic2.itemCellEmpty@0,空单元,IC2:itemCellEmpty,1xgt.metaitem.99@990,熔融IV超导粗胚单元,gregtech:gt.metaitem.99
molten.vibrantalloy,144,1xic2.itemCellEmpty@0,空单元,IC2:itemCellEmpty,1xgt.metaitem.99@367,熔融脉冲合金单元,gregtech:gt.metaitem.99
molten.vinteum,144,1xic2.itemCellEmpty@0,空单元,IC2:itemCellEmpty,1xgt.metaitem.99@529,熔融温特姆单元,gregtech:gt.metaitem.99
molten.vividalloy,144,1xic2.itemCellEmpty@0,空单元,IC2:itemCellEmpty,1xgt.metaitem.99@408,熔融生动合金单元,gregtech:gt.metaitem.99
molten.void,144,1xic2.itemCellEmpty@0,空单元,IC2:itemCellEmpty,1xgt.metaitem.99@970,熔融虚空金属单元,gregtech:gt.metaitem.99
molten.vulcanite,144,1xic2.itemCellEmpty@0,空单元,IC2:itemCellEmpty,1xgt.metaitem.99@489,熔融胶木单元,gregtech:gt.metaitem.99
molten.vyroxeres,144,1xic2.itemCellEmpty@0,空单元,IC2:itemCellEmpty,1xgt.metaitem.99@951,熔融幽冥剧毒结晶单元,gregtech:gt.metaitem.99
molten.watertightsteel,1000,1xic2.itemCellEmpty@0,空单元,IC2:itemCellEmpty,1xitem.itemCellWatertightSteel@0,防水钢单元,miscutils:itemCellWatertightSteel
molten.whitedwarfmatter,144,1xic2.itemCellEmpty@0,空单元,IC2:itemCellEmpty,1xgt.metaitem.99@585,熔融白矮星物质单元,gregtech:gt.metaitem.99
molten.ytterbium,144,1xic2.itemCellEmpty@0,空单元,IC2:itemCellEmpty,1xgt.metaitem.99@77,熔融镱单元,gregtech:gt.metaitem.99
molten.yttrium,144,1xic2.itemCellEmpty@0,空单元,IC2:itemCellEmpty,1xgt.metaitem.99@45,熔融钇单元,gregtech:gt.metaitem.99
molten.yttriumbariumcuprate,144,1xic2.itemCellEmpty@0,空单元,IC2:itemCellEmpty,1xgt.metaitem.99@358,熔融钇钡铜氧合金单元,gregtech:gt.metaitem.99
molten.zeron100,1000,1xic2.itemCellEmpty@0,空单元,IC2:itemCellEmpty,1xitem.itemCellZeron100@0,塞龙-100单元,miscutils:itemCellZeron100
molten.zinc,144,1xic2.itemCellEmpty@0,空单元,IC2:itemCellEmpty,1xgt.metaitem.99@36,熔融锌单元,gregtech:gt.metaitem.99
molten.zircaloy-2,144,1xic2.itemCellEmpty@0,空单元,IC2:itemCellEmpty,1xgt.bwMetaGeneratedcellMolten@10083,熔融锆锡合金-2单元,bartworks:gt.bwMetaGeneratedcellMolten
molten.zircaloy-4,144,1xic2.itemCellEmpty@0,空单元,IC2:itemCellEmpty,1xgt.bwMetaGeneratedcellMolten@10082,熔融锆锡合金-4单元,bartworks:gt.bwMetaGeneratedcellMolten
molten.zirconium,1000,1xic2.itemCellEmpty@0,空单元,IC2:itemCellEmpty,1xitem.itemCellZirconium@0,锆单元,miscutils:itemCellZirconium
molten.zirconiumcarbide,1000,1xic2.itemCellEmpty@0,空单元,IC2:itemCellEmpty,1xitem.itemCellZirconiumCarbide@0,碳化锆单元,miscutils:itemCellZirconiumCarbide
molten.zn-th alloy,144,1xic2.itemCellEmpty@0,空单元,IC2:itemCellEmpty,1xgt.bwMetaGeneratedcellMolten@10053,熔融锌钍合金单元,bartworks:gt.bwMetaGeneratedcellMolten
moltenexohalkonitebase,1000,1xic2.itemCellEmpty@0,空单元,IC2:itemCellEmpty,1xgt.metaitem.01@30155,熔融超然恒坚钢配制基底单元,gregtech:gt.metaitem.01
moltenstar,1000,1xic2.itemCellEmpty@0,空单元,IC2:itemCellEmpty,1xgt.bwMetaGeneratedcell@12305,MoltenStar单元,bartworks:gt.bwMetaGeneratedcell
mtbereactionmixture(butane),1000,1xic2.itemCellEmpty@0,空单元,IC2:itemCellEmpty,1xgt.metaitem.01@30425,MTBE反应混合物(丁烷)单元,gregtech:gt.metaitem.01
mtbereactionmixture(butene),1000,1xic2.itemCellEmpty@0,空单元,IC2:itemCellEmpty,1xgt.metaitem.01@30983,MTBE反应混合物(丁烯)单元,gregtech:gt.metaitem.01
mud.red.slurry,1000,1xic2.itemCellEmpty@0,空单元,IC2:itemCellEmpty,1xitem.MudRedSlurry@0,赤泥浆单元,miscutils:MudRedSlurry
muddy bastnasite rare earth solution,1000,1xic2.itemCellEmpty@0,空单元,IC2:itemCellEmpty,1xgt.bwMetaGeneratedcell@11100,氟碳镧铈稀土浊溶液单元,bartworks:gt.bwMetaGeneratedcell
muddy monazite rare earth solution,1000,1xic2.itemCellEmpty@0,空单元,IC2:itemCellEmpty,1xgt.bwMetaGeneratedcell@11014,独居石稀土浊溶液单元,bartworks:gt.bwMetaGeneratedcell
muddy samarium rare earth solution,1000,1xic2.itemCellEmpty@0,空单元,IC2:itemCellEmpty,1xgt.bwMetaGeneratedcell@11461,钐稀土浊液单元,bartworks:gt.bwMetaGeneratedcell
mushroomstew,1000,1xitem.bowl@0,碗,minecraft:bowl,1xitem.mushroomStew@0,蘑菇煲,minecraft:mushroom_stew
mutagen,1000,1xitem.for.canEmpty@0,罐,Forestry:canEmpty,1xitem.gendustry.mutagen.can@0,诱变剂罐,gendustry:MutagenCan
mutagen,1000,1xitem.bucket@0,铁桶,minecraft:bucket,1xitem.gendustry.mutagen.bucket@0,诱变剂桶,gendustry:MutagenBucket
mutagen,1000,1xic2.itemCellEmpty@0,空单元,IC2:itemCellEmpty,1xgt.metaitem.98@2,诱变剂单元,gregtech:gt.metaitem.98
naphthenicacid,1000,1xic2.itemCellEmpty@0,空单元,IC2:itemCellEmpty,1xgt.metaitem.01@30760,环烷酸单元,gregtech:gt.metaitem.01
naquadah asphalt,1000,1xic2.itemCellEmpty@0,空单元,IC2:itemCellEmpty,1xgt.bwMetaGeneratedcell@10028,硅岩沥青单元,bartworks:gt.bwMetaGeneratedcell
naquadah based liquid fuel mki,1000,1xic2.itemCellEmpty@0,空单元,IC2:itemCellEmpty,1xgt.bwMetaGeneratedcell@10039,硅岩基流体燃料-MkI单元,bartworks:gt.bwMetaGeneratedcell
naquadah based liquid fuel mki (depleted),1000,1xic2.itemCellEmpty@0,空单元,IC2:itemCellEmpty,1xgt.bwMetaGeneratedcell@10040,硅岩基流体燃料-MkI(枯竭的)单元,bartworks:gt.bwMetaGeneratedcell
naquadah based liquid fuel mkii,1000,1xic2.itemCellEmpty@0,空单元,IC2:itemCellEmpty,1xgt.bwMetaGeneratedcell@10041,硅岩基流体燃料-MkII单元,bartworks:gt.bwMetaGeneratedcell
naquadah based liquid fuel mkii (depleted),1000,1xic2.itemCellEmpty@0,空单元,IC2:itemCellEmpty,1xgt.bwMetaGeneratedcell@10042,硅岩基流体燃料-MkII(枯竭的)单元,bartworks:gt.bwMetaGeneratedcell
naquadah based liquid fuel mkiii,1000,1xic2.itemCellEmpty@0,空单元,IC2:itemCellEmpty,1xgt.bwMetaGeneratedcell@10046,硅岩基流体燃料-MkIII单元,bartworks:gt.bwMetaGeneratedcell
naquadah based liquid fuel mkiii (depleted),1000,1xic2.itemCellEmpty@0,空单元,IC2:itemCellEmpty,1xgt.bwMetaGeneratedcell@10047,硅岩基流体燃料-MkIII(枯竭的)单元,bartworks:gt.bwMetaGeneratedcell
naquadah based liquid fuel mkiv,1000,1xic2.itemCellEmpty@0,空单元,IC2:itemCellEmpty,1xgt.bwMetaGeneratedcell@10048,硅岩基流体燃料-MkIV单元,bartworks:gt.bwMetaGeneratedcell
naquadah based liquid fuel mkiv (depleted),1000,1xic2.itemCellEmpty@0,空单元,IC2:itemCellEmpty,1xgt.bwMetaGeneratedcell@10049,硅岩基流体燃料-MkIV(枯竭的)单元,bartworks:gt.bwMetaGeneratedcell
naquadah based liquid fuel mkv,1000,1xic2.itemCellEmpty@0,空单元,IC2:itemCellEmpty,1xgt.bwMetaGeneratedcell@10050,硅岩基流体燃料-MkV单元,bartworks:gt.bwMetaGeneratedcell
naquadah based liquid fuel mkv (depleted),1000,1xic2.itemCellEmpty@0,空单元,IC2:itemCellEmpty,1xgt.bwMetaGeneratedcell@10051,硅岩基流体燃料-MkV(枯竭的)单元,bartworks:gt.bwMetaGeneratedcell
naquadah based liquid fuel mkvi,1000,1xic2.itemCellEmpty@0,空单元,IC2:itemCellEmpty,1xgt.bwMetaGeneratedcell@10116,硅岩基流体燃料-MkVI单元,bartworks:gt.bwMetaGeneratedcell
naquadah based liquid fuel mkvi (depleted),1000,1xic2.itemCellEmpty@0,空单元,IC2:itemCellEmpty,1xgt.bwMetaGeneratedcell@10117,硅岩基流体燃料-MkVI(枯竭的)单元,bartworks:gt.bwMetaGeneratedcell
naquadah emulsion,1000,1xic2.itemCellEmpty@0,空单元,IC2:itemCellEmpty,1xgt.bwMetaGeneratedcell@10037,硅岩乳液单元,bartworks:gt.bwMetaGeneratedcell
naquadah gas,1000,1xic2.itemCellEmpty@0,空单元,IC2:itemCellEmpty,1xgt.bwMetaGeneratedcell@10027,硅岩气单元,bartworks:gt.bwMetaGeneratedcell
naquadah goo,1000,1xic2.itemCellEmpty@0,空单元,IC2:itemCellEmpty,1xgt.bwMetaGeneratedcell@10079,硅岩黏浆单元,bartworks:gt.bwMetaGeneratedcell
naquadah solution,1000,1xic2.itemCellEmpty@0,空单元,IC2:itemCellEmpty,1xgt.bwMetaGeneratedcell@10038,硅岩溶液单元,bartworks:gt.bwMetaGeneratedcell
naquadah-adamantium solution,1000,1xic2.itemCellEmpty@0,空单元,IC2:itemCellEmpty,1xgt.bwMetaGeneratedcell@10061,硅岩-精金溶液单元,bartworks:gt.bwMetaGeneratedcell
naquadah-rich solution,1000,1xic2.itemCellEmpty@0,空单元,IC2:itemCellEmpty,1xgt.bwMetaGeneratedcell@10062,高纯硅岩溶液单元,bartworks:gt.bwMetaGeneratedcell
naquadria goo,1000,1xic2.itemCellEmpty@0,空单元,IC2:itemCellEmpty,1xgt.bwMetaGeneratedcell@10081,超能硅岩黏浆单元,bartworks:gt.bwMetaGeneratedcell
naquadria waste,1000,1xic2.itemCellEmpty@0,空单元,IC2:itemCellEmpty,1xgt.bwMetaGeneratedcell@25106,超能硅岩废液单元,bartworks:gt.bwMetaGeneratedcell
naquadria-rich solution,1000,1xic2.itemCellEmpty@0,空单元,IC2:itemCellEmpty,1xgt.bwMetaGeneratedcell@10075,高纯超能硅岩溶液单元,bartworks:gt.bwMetaGeneratedcell
nefariousgas,1000,1xic2.itemCellEmpty@0,空单元,IC2:itemCellEmpty,1xgt.metaitem.01@30120,邪恶气体单元,gregtech:gt.metaitem.01
nefariousoil,1000,1xic2.itemCellEmpty@0,空单元,IC2:itemCellEmpty,1xgt.metaitem.01@30122,邪恶原油单元,gregtech:gt.metaitem.01
neodymium chloride concentrate,1000,1xic2.itemCellEmpty@0,空单元,IC2:itemCellEmpty,1xgt.bwMetaGeneratedcell@11434,氯化钕浓缩液单元,bartworks:gt.bwMetaGeneratedcell
neodymium extracting nano resin,1000,1xic2.itemCellEmpty@0,空单元,IC2:itemCellEmpty,1xgt.bwMetaGeneratedcell@11407,钕萃取纳米树脂单元,bartworks:gt.bwMetaGeneratedcell
neon,1000,1xic2.itemCellEmpty@0,空单元,IC2:itemCellEmpty,1xitem.itemCellNeon@0,氖单元,miscutils:itemCellNeon
neon,1000,1xic2.itemCellEmpty@0,空单元,IC2:itemCellEmpty,1xgt.bwMetaGeneratedcell@41,氖单元,bartworks:gt.bwMetaGeneratedcell
neptuniumhexafluoride,1000,1xic2.itemCellEmpty@0,空单元,IC2:itemCellEmpty,1xitem.itemCellNeptuniumHexafluoride@0,六氟化镎单元,miscutils:itemCellNeptuniumHexafluoride
netherair,1000,1xic2.itemCellEmpty@0,空单元,IC2:itemCellEmpty,1xgt.metaitem.01@30118,下界空气单元,gregtech:gt.metaitem.01
nethersemifluid,1000,1xic2.itemCellEmpty@0,空单元,IC2:itemCellEmpty,1xgt.metaitem.01@30119,半流质下界空气单元,gregtech:gt.metaitem.01
neutralised red mud,1000,1xic2.itemCellEmpty@0,空单元,IC2:itemCellEmpty,1xgt.bwMetaGeneratedcell@25055,中和赤泥单元,bartworks:gt.bwMetaGeneratedcell
nickel.molten,1000,1xitem.bucket@0,铁桶,minecraft:bucket,1xitem.tconstruct.bucket@17,桶装熔融镍,TConstruct:buckets
nickel.molten,1000,1xitem.iguana.tcon.clayBucketFired@0,黏土桶(烤制),IguanaTweaksTConstruct:clayBucketFired,1xitem.iguana.tcon.clayBucket@17,黏土桶(熔融镍),IguanaTweaksTConstruct:clayBucketsTinkers
nickeltetracarbonyl,1000,1xic2.itemCellEmpty@0,空单元,IC2:itemCellEmpty,1xgt.metaitem.01@30791,四羰基镍单元,gregtech:gt.metaitem.01
nitric monazite leached concentrate,1000,1xic2.itemCellEmpty@0,空单元,IC2:itemCellEmpty,1xgt.bwMetaGeneratedcell@11018,浓缩硝酸独居石浸出溶液单元,bartworks:gt.bwMetaGeneratedcell
nitric-leached monazite mixture,1000,1xic2.itemCellEmpty@0,空单元,IC2:itemCellEmpty,1xgt.bwMetaGeneratedcell@11046,硝酸独居石浸出混合物单元,bartworks:gt.bwMetaGeneratedcell
nitricacid,1000,1xic2.itemCellEmpty@0,空单元,IC2:itemCellEmpty,1xgt.metaitem.01@30653,硝酸单元,gregtech:gt.metaitem.01
nitricoxide,1000,1xic2.itemCellEmpty@0,空单元,IC2:itemCellEmpty,1xgt.metaitem.01@30658,一氧化氮单元,gregtech:gt.metaitem.01
nitrobenzene,1000,1xic2.itemCellEmpty@0,空单元,IC2:itemCellEmpty,1xitem.nitrobenzene@0,硝基苯单元,miscutils:nitrobenzene
nitrofuel,1000,1xic2.itemCellEmpty@0,空单元,IC2:itemCellEmpty,1xgt.metaitem.01@30709,高十六烷值柴油单元,gregtech:gt.metaitem.01
nitrogen,1000,1xic2.itemCellEmpty@0,空单元,IC2:itemCellEmpty,1xgt.metaitem.01@30012,氮单元,gregtech:gt.metaitem.01
nitrogenated bastnasite rarer earth oxides,1000,1xic2.itemCellEmpty@0,空单元,IC2:itemCellEmpty,1xgt.bwMetaGeneratedcell@11114,氮化氟碳镧铈罕土氧化物单元,bartworks:gt.bwMetaGeneratedcell
nitrogenated monazite rare earth concentrate,1000,1xic2.itemCellEmpty@0,空单元,IC2:itemCellEmpty,1xgt.bwMetaGeneratedcell@11017,浓缩氮化独居石稀土溶液单元,bartworks:gt.bwMetaGeneratedcell
nitrogendioxide,1000,1xic2.itemCellEmpty@0,空单元,IC2:itemCellEmpty,1xgt.metaitem.01@30717,二氧化氮单元,gregtech:gt.metaitem.01
nitromethane,1000,1xic2.itemCellEmpty@0,空单元,IC2:itemCellEmpty,1xgt.bwMetaGeneratedcell@29914,硝基甲烷单元,bartworks:gt.bwMetaGeneratedcell
nitrous acid,1000,1xic2.itemCellEmpty@0,空单元,IC2:itemCellEmpty,1xgt.bwMetaGeneratedcell@25028,亚硝酸单元,bartworks:gt.bwMetaGeneratedcell
nitrousoxide,1000,1xic2.itemCellEmpty@0,空单元,IC2:itemCellEmpty,1xgt.metaitem.01@30993,一氧化二氮单元,gregtech:gt.metaitem.01
nmethylpyrolidone,1000,1xic2.itemCellEmpty@0,空单元,IC2:itemCellEmpty,1xgt.metaitem.01@30783,N-甲基吡咯烷酮单元,gregtech:gt.metaitem.01
noblegases,1000,1xic2.itemCellEmpty@0,空单元,IC2:itemCellEmpty,1xgt.metaitem.01@30496,稀有气体单元,gregtech:gt.metaitem.01
nuclear.waste,1000,1xic2.itemCellEmpty@0,空单元,IC2:itemCellEmpty,1xitem.NuclearWaste@0,核废水单元,miscutils:NuclearWaste
nutrient_distillation,1000,1xitem.bucket@0,铁桶,minecraft:bucket,1xitem.bucketNutrient_distillation@0,桶装营养精华液,EnderIO:bucketNutrient_distillation
obsidian sluice,1000,1xic2.itemCellEmpty@0,空单元,IC2:itemCellEmpty,1xgt.bwMetaGeneratedcell@25118,黑曜石泥浆单元,bartworks:gt.bwMetaGeneratedcell
obsidian.molten,1000,1xitem.bucket@0,铁桶,minecraft:bucket,1xitem.tconstruct.bucket@11,桶装熔融黑曜石,TConstruct:buckets
obsidian.molten,1000,1xitem.iguana.tcon.clayBucketFired@0,黏土桶(烤制),IguanaTweaksTConstruct:clayBucketFired,1xitem.iguana.tcon.clayBucket@11,黏土桶(熔融黑曜石),IguanaTweaksTConstruct:clayBucketsTinkers
octane,1000,1xic2.itemCellEmpty@0,空单元,IC2:itemCellEmpty,1xgt.metaitem.01@30995,辛烷单元,gregtech:gt.metaitem.01
oganesson,1000,1xic2.itemCellEmpty@0,空单元,IC2:itemCellEmpty,1xgt.bwMetaGeneratedcell@38,鿫单元,bartworks:gt.bwMetaGeneratedcell
oil,1000,1xitem.oilCanisterPartial@1001,空罐,GalacticraftCore:item.oilCanisterPartial,1xitem.oilCanisterPartial@1,油罐(满),GalacticraftCore:item.oilCanisterPartial
oil,1000,1xitem.bucket@0,铁桶,minecraft:bucket,1xitem.bucketOil@0,石油桶,GalacticraftCore:item.bucketOil
oil,1000,1xitem.for.waxCapsule@0,蜂蜡胶囊,Forestry:waxCapsule,1xitem.for.waxCapsuleOil@0,石油胶囊,Forestry:waxCapsuleOil
oil,1000,1xitem.bucket@0,铁桶,minecraft:bucket,1xitem.bucketOil@0,石油桶,BuildCraft|Energy:bucketOil
oil,2000,1xitem.capsule.magic@0,空魔力胶囊,MagicBees:capsule.magic,1xitem.capsule.magic@5,石油魔力胶囊,MagicBees:capsule.magic
oil,1000,1xitem.iguana.tcon.clayBucketFired@0,黏土桶(烤制),IguanaTweaksTConstruct:clayBucketFired,1xitem.iguana.tcon.clayBucket.oil@0,黏土桶(石油),IguanaTweaksTConstruct:clayBucketOil
oil,8000,1xitem.capsule.void@0,空虚空胶囊,MagicBees:capsule.void,1xitem.capsule.void@5,石油虚空胶囊,MagicBees:capsule.void
oil,1000,1xitem.for.refractoryEmpty@0,耐火胶囊,Forestry:refractoryEmpty,1xitem.for.refractoryOil@0,石油胶囊,Forestry:refractoryOil
oil,1000,1xitem.for.canEmpty@0,罐,Forestry:canEmpty,1xitem.for.canOil@0,石油罐,Forestry:canOil
oil,1000,1xic2.itemCellEmpty@0,空单元,IC2:itemCellEmpty,1xgt.metaitem.01@30707,石油单元,gregtech:gt.metaitem.01
osmium solution,1000,1xic2.itemCellEmpty@0,空单元,IC2:itemCellEmpty,1xgt.bwMetaGeneratedcell@74,锇溶液单元,bartworks:gt.bwMetaGeneratedcell
oxalic acid,1000,1xic2.itemCellEmpty@0,空单元,IC2:itemCellEmpty,1xgt.bwMetaGeneratedcell@10013,草酸单元,bartworks:gt.bwMetaGeneratedcell
oxydianiline,1000,1xic2.itemCellEmpty@0,空单元,IC2:itemCellEmpty,1xgt.bwMetaGeneratedcell@25043,二氨基二苯醚单元,bartworks:gt.bwMetaGeneratedcell
oxygen,1000,1xic2.itemCellEmpty@0,空单元,IC2:itemCellEmpty,1xgt.metaitem.01@30013,氧单元,gregtech:gt.metaitem.01
ozone,1000,1xic2.itemCellEmpty@0,空单元,IC2:itemCellEmpty,1xgt.metaitem.01@30568,臭氧单元,gregtech:gt.metaitem.01
p-507,1000,1xic2.itemCellEmpty@0,空单元,IC2:itemCellEmpty,1xgt.bwMetaGeneratedcell@10060,P-507单元,bartworks:gt.bwMetaGeneratedcell
palladium enriched ammonia,1000,1xic2.itemCellEmpty@0,空单元,IC2:itemCellEmpty,1xgt.bwMetaGeneratedcell@52,富钯氨单元,bartworks:gt.bwMetaGeneratedcell
penicillin,1000,1xic2.itemCellEmpty@0,空单元,IC2:itemCellEmpty,1xgt.metaitem.98@12,青霉素单元,gregtech:gt.metaitem.98
phenol,1000,1xic2.itemCellEmpty@0,空单元,IC2:itemCellEmpty,1xgt.metaitem.01@30687,苯酚单元,gregtech:gt.metaitem.01
phononcrystalsolution,1000,1xic2.itemCellEmpty@0,空单元,IC2:itemCellEmpty,1xgt.metaitem.01@30146,饱和声子晶体溶液单元,gregtech:gt.metaitem.01
phononmedium,1000,1xic2.itemCellEmpty@0,空单元,IC2:itemCellEmpty,1xgt.metaitem.01@30145,无损声子传输介质单元,gregtech:gt.metaitem.01
phosgene,1000,1xic2.itemCellEmpty@0,空单元,IC2:itemCellEmpty,1xgt.bwMetaGeneratedcell@29905,碳酰氯单元,bartworks:gt.bwMetaGeneratedcell
phosphoricacid_gt5u,1000,1xic2.itemCellEmpty@0,空单元,IC2:itemCellEmpty,1xgt.metaitem.01@30689,磷酸单元,gregtech:gt.metaitem.01
phosphoruschlorinemixture,1000,1xic2.itemCellEmpty@0,空单元,IC2:itemCellEmpty,1xgt.metaitem.01@30179,磷氯混合物单元,gregtech:gt.metaitem.01
phosphoruspentachloride,1000,1xic2.itemCellEmpty@0,空单元,IC2:itemCellEmpty,1xgt.metaitem.01@30180,五氯化磷单元,gregtech:gt.metaitem.01
phosphorustrichloride,1000,1xic2.itemCellEmpty@0,空单元,IC2:itemCellEmpty,1xgt.metaitem.01@30752,三氯化磷单元,gregtech:gt.metaitem.01
phtalicacid,1000,1xic2.itemCellEmpty@0,空单元,IC2:itemCellEmpty,1xgt.metaitem.01@30595,邻苯二甲酸单元,gregtech:gt.metaitem.01
pigiron.molten,1000,1xitem.bucket@0,铁桶,minecraft:bucket,1xitem.tconstruct.bucket@26,桶装熔融生铁,TConstruct:buckets
pigiron.molten,1000,1xitem.iguana.tcon.clayBucketFired@0,黏土桶(烤制),IguanaTweaksTConstruct:clayBucketFired,1xitem.iguana.tcon.clayBucket@26,黏土桶(熔融生铁),IguanaTweaksTConstruct:clayBucketsTinkers
pineoil,1000,1xic2.itemCellEmpty@0,空单元,IC2:itemCellEmpty,1xitem.pineoil@0,松油单元,miscutils:pineoil
plasma.advancednitinol,1000,1xic2.itemCellEmpty@0,空单元,IC2:itemCellEmpty,1xitem.itemCellPlasmaAdvancedNitinol@0,高级镍钛诺等离子体单元,miscutils:itemCellPlasmaAdvancedNitinol
plasma.aluminium,144,1xic2.itemCellEmpty@0,空单元,IC2:itemCellEmpty,1xgt.metaitem.01@31019,铝等离子体单元,gregtech:gt.metaitem.01
plasma.americium,144,1xic2.itemCellEmpty@0,空单元,IC2:itemCellEmpty,1xgt.metaitem.01@31103,镅等离子体单元,gregtech:gt.metaitem.01
plasma.antimony,144,1xic2.itemCellEmpty@0,空单元,IC2:itemCellEmpty,1xgt.metaitem.01@31058,锑等离子体单元,gregtech:gt.metaitem.01
plasma.ardite,144,1xic2.itemCellEmpty@0,空单元,IC2:itemCellEmpty,1xgt.metaitem.01@31382,阿迪特等离子体单元,gregtech:gt.metaitem.01
plasma.argon,1000,1xic2.itemCellEmpty@0,空单元,IC2:itemCellEmpty,1xgt.metaitem.01@31024,氩等离子体单元,gregtech:gt.metaitem.01
plasma.arsenic,144,1xic2.itemCellEmpty@0,空单元,IC2:itemCellEmpty,1xgt.metaitem.01@31039,砷等离子体单元,gregtech:gt.metaitem.01
plasma.astraltitanium,1000,1xic2.itemCellEmpty@0,空单元,IC2:itemCellEmpty,1xitem.itemCellPlasmaAstralTitanium@0,星体钛等离子体单元,miscutils:itemCellPlasmaAstralTitanium
plasma.barium,144,1xic2.itemCellEmpty@0,空单元,IC2:itemCellEmpty,1xgt.metaitem.01@31063,钡等离子体单元,gregtech:gt.metaitem.01
plasma.bedrockium,1000,1xic2.itemCellEmpty@0,空单元,IC2:itemCellEmpty,1xgt.metaitem.01@31395,基岩等离子体单元,gregtech:gt.metaitem.01
plasma.beryllium,144,1xic2.itemCellEmpty@0,空单元,IC2:itemCellEmpty,1xgt.metaitem.01@31008,铍等离子体单元,gregtech:gt.metaitem.01
plasma.bismuth,144,1xic2.itemCellEmpty@0,空单元,IC2:itemCellEmpty,1xgt.metaitem.01@31090,铋等离子体单元,gregtech:gt.metaitem.01
plasma.boron,144,1xic2.itemCellEmpty@0,空单元,IC2:itemCellEmpty,1xgt.metaitem.01@31009,硼等离子体单元,gregtech:gt.metaitem.01
plasma.bromine,1000,1xic2.itemCellEmpty@0,空单元,IC2:itemCellEmpty,1xitem.itemCellPlasmaBromine@0,溴等离子体单元,miscutils:itemCellPlasmaBromine
plasma.cadmium,1000,1xic2.itemCellEmpty@0,空单元,IC2:itemCellEmpty,1xgt.metaitem.01@31055,镉等离子体单元,gregtech:gt.metaitem.01
plasma.caesium,144,1xic2.itemCellEmpty@0,空单元,IC2:itemCellEmpty,1xgt.metaitem.01@31062,铯等离子体单元,gregtech:gt.metaitem.01
plasma.calcium,1000,1xic2.itemCellEmpty@0,空单元,IC2:itemCellEmpty,1xgt.metaitem.01@31026,钙等离子体单元,gregtech:gt.metaitem.01
plasma.californium,1000,1xic2.itemCellEmpty@0,空单元,IC2:itemCellEmpty,1xitem.itemCellPlasmaCalifornium@0,锎等离子体单元,miscutils:itemCellPlasmaCalifornium
plasma.carbon,1000,1xic2.itemCellEmpty@0,空单元,IC2:itemCellEmpty,1xgt.metaitem.01@31010,碳等离子体单元,gregtech:gt.metaitem.01
plasma.celestialtungsten,1000,1xic2.itemCellEmpty@0,空单元,IC2:itemCellEmpty,1xitem.itemCellPlasmaCelestialTungsten@0,天体钨等离子体单元,miscutils:itemCellPlasmaCelestialTungsten
plasma.cerium,144,1xic2.itemCellEmpty@0,空单元,IC2:itemCellEmpty,1xgt.metaitem.01@31065,铈等离子体单元,gregtech:gt.metaitem.01
plasma.chlorine,1000,1xic2.itemCellEmpty@0,空单元,IC2:itemCellEmpty,1xgt.metaitem.01@31023,氯等离子体单元,gregtech:gt.metaitem.01
plasma.chromaticglass,1000,1xic2.itemCellEmpty@0,空单元,IC2:itemCellEmpty,1xitem.itemCellPlasmaChromaticGlass@0,彩色玻璃等离子体单元,miscutils:itemCellPlasmaChromaticGlass
plasma.cobalt,144,1xic2.itemCellEmpty@0,空单元,IC2:itemCellEmpty,1xgt.metaitem.01@31033,钴等离子体单元,gregtech:gt.metaitem.01
plasma.copper,144,1xic2.itemCellEmpty@0,空单元,IC2:itemCellEmpty,1xgt.metaitem.01@31035,铜等离子体单元,gregtech:gt.metaitem.01
plasma.cosmicneutronium,1000,1xic2.itemCellEmpty@0,空单元,IC2:itemCellEmpty,1xgt.metaitem.01@31982,宇宙中子态素等离子体单元,gregtech:gt.metaitem.01
plasma.creon,144,1xic2.itemCellEmpty@0,空单元,IC2:itemCellEmpty,1xgt.metaitem.01@31149,创律合金等离子体单元,gregtech:gt.metaitem.01
plasma.curium,1000,1xic2.itemCellEmpty@0,空单元,IC2:itemCellEmpty,1xitem.itemCellPlasmaCurium@0,锔等离子体单元,miscutils:itemCellPlasmaCurium
plasma.desh,144,1xic2.itemCellEmpty@0,空单元,IC2:itemCellEmpty,1xgt.metaitem.01@31884,戴斯等离子体单元,gregtech:gt.metaitem.01
plasma.deuterium,1000,1xic2.itemCellEmpty@0,空单元,IC2:itemCellEmpty,1xgt.metaitem.01@31002,氘等离子体单元,gregtech:gt.metaitem.01
plasma.draconium,144,1xic2.itemCellEmpty@0,空单元,IC2:itemCellEmpty,1xgt.metaitem.01@31975,龙等离子体单元,gregtech:gt.metaitem.01
plasma.draconiumawakened,144,1xic2.itemCellEmpty@0,空单元,IC2:itemCellEmpty,1xgt.metaitem.01@31976,觉醒龙等离子体单元,gregtech:gt.metaitem.01
plasma.dragonblood,1000,1xic2.itemCellEmpty@0,空单元,IC2:itemCellEmpty,1xitem.itemCellPlasmaDragonblood@0,龙血等离子体单元,miscutils:itemCellPlasmaDragonblood
plasma.dysprosium,144,1xic2.itemCellEmpty@0,空单元,IC2:itemCellEmpty,1xgt.metaitem.01@31073,镝等离子体单元,gregtech:gt.metaitem.01
plasma.erbium,144,1xic2.itemCellEmpty@0,空单元,IC2:itemCellEmpty,1xgt.metaitem.01@31075,铒等离子体单元,gregtech:gt.metaitem.01
plasma.europium,144,1xic2.itemCellEmpty@0,空单元,IC2:itemCellEmpty,1xgt.metaitem.01@31070,铕等离子体单元,gregtech:gt.metaitem.01
plasma.fermium,1000,1xic2.itemCellEmpty@0,空单元,IC2:itemCellEmpty,1xitem.itemCellPlasmaFermium@0,镄等离子体单元,miscutils:itemCellPlasmaFermium
plasma.flerovium_gt5u,144,1xic2.itemCellEmpty@0,空单元,IC2:itemCellEmpty,1xgt.metaitem.01@31984,等离子体单元,gregtech:gt.metaitem.01
plasma.fluorine,1000,1xic2.itemCellEmpty@0,空单元,IC2:itemCellEmpty,1xgt.metaitem.01@31014,氟等离子体单元,gregtech:gt.metaitem.01
plasma.force,1000,1xic2.itemCellEmpty@0,空单元,IC2:itemCellEmpty,1xitem.itemCellPlasmaForce@0,力量等离子体单元,miscutils:itemCellPlasmaForce
plasma.francium_gt5u,1000,1xic2.itemCellEmpty@0,空单元,IC2:itemCellEmpty,1xgt.metaitem.01@31094,钫等离子体单元,gregtech:gt.metaitem.01
plasma.gadolinium,144,1xic2.itemCellEmpty@0,空单元,IC2:itemCellEmpty,1xgt.metaitem.01@31071,钆等离子体单元,gregtech:gt.metaitem.01
plasma.gallium,144,1xic2.itemCellEmpty@0,空单元,IC2:itemCellEmpty,1xgt.metaitem.01@31037,镓等离子体单元,gregtech:gt.metaitem.01
plasma.germanium,1000,1xic2.itemCellEmpty@0,空单元,IC2:itemCellEmpty,1xitem.itemCellPlasmaGermanium@0,锗等离子体单元,miscutils:itemCellPlasmaGermanium
plasma.gold,144,1xic2.itemCellEmpty@0,空单元,IC2:itemCellEmpty,1xgt.metaitem.01@31086,金等离子体单元,gregtech:gt.metaitem.01
plasma.hafnium,1000,1xic2.itemCellEmpty@0,空单元,IC2:itemCellEmpty,1xitem.itemCellPlasmaHafnium@0,铪等离子体单元,miscutils:itemCellPlasmaHafnium
plasma.helium,1000,1xic2.itemCellEmpty@0,空单元,IC2:itemCellEmpty,1xgt.metaitem.01@31004,氦等离子体单元,gregtech:gt.metaitem.01
plasma.holmium,144,1xic2.itemCellEmpty@0,空单元,IC2:itemCellEmpty,1xgt.metaitem.01@31074,钬等离子体单元,gregtech:gt.metaitem.01
plasma.hydrogen,1000,1xic2.itemCellEmpty@0,空单元,IC2:itemCellEmpty,1xgt.metaitem.01@31001,氢等离子体单元,gregtech:gt.metaitem.01
plasma.hypogen,1000,1xic2.itemCellEmpty@0,空单元,IC2:itemCellEmpty,1xitem.itemCellPlasmaHypogen@0,海珀珍等离子体单元,miscutils:itemCellPlasmaHypogen
plasma.ichorium,1000,1xic2.itemCellEmpty@0,空单元,IC2:itemCellEmpty,1xgt.metaitem.01@31978,灵宝等离子体单元,gregtech:gt.metaitem.01
plasma.indium,144,1xic2.itemCellEmpty@0,空单元,IC2:itemCellEmpty,1xgt.metaitem.01@31056,铟等离子体单元,gregtech:gt.metaitem.01
plasma.infinity,1000,1xic2.itemCellEmpty@0,空单元,IC2:itemCellEmpty,1xgt.metaitem.01@31397,无尽等离子体单元,gregtech:gt.metaitem.01
plasma.iodine,1000,1xic2.itemCellEmpty@0,空单元,IC2:itemCellEmpty,1xitem.itemCellPlasmaIodine@0,碘等离子体单元,miscutils:itemCellPlasmaIodine
plasma.iron,144,1xic2.itemCellEmpty@0,空单元,IC2:itemCellEmpty,1xgt.metaitem.01@31032,铁等离子体单元,gregtech:gt.metaitem.01
plasma.krypton,1000,1xic2.itemCellEmpty@0,空单元,IC2:itemCellEmpty,1xitem.itemCellPlasmaKrypton@0,氪等离子体单元,miscutils:itemCellPlasmaKrypton
plasma.lanthanum,144,1xic2.itemCellEmpty@0,空单元,IC2:itemCellEmpty,1xgt.metaitem.01@31064,镧等离子体单元,gregtech:gt.metaitem.01
plasma.lead,144,1xic2.itemCellEmpty@0,空单元,IC2:itemCellEmpty,1xgt.metaitem.01@31089,铅等离子体单元,gregtech:gt.metaitem.01
plasma.lithium,144,1xic2.itemCellEmpty@0,空单元,IC2:itemCellEmpty,1xgt.metaitem.01@31006,锂等离子体单元,gregtech:gt.metaitem.01
plasma.lutetium,144,1xic2.itemCellEmpty@0,空单元,IC2:itemCellEmpty,1xgt.metaitem.01@31078,镥等离子体单元,gregtech:gt.metaitem.01
plasma.magnesium,144,1xic2.itemCellEmpty@0,空单元,IC2:itemCellEmpty,1xgt.metaitem.01@31018,镁等离子体单元,gregtech:gt.metaitem.01
plasma.manganese,144,1xic2.itemCellEmpty@0,空单元,IC2:itemCellEmpty,1xgt.metaitem.01@31031,锰等离子体单元,gregtech:gt.metaitem.01
plasma.mercury,1000,1xic2.itemCellEmpty@0,空单元,IC2:itemCellEmpty,1xgt.metaitem.01@31087,汞等离子体单元,gregtech:gt.metaitem.01
plasma.meteoriciron,144,1xic2.itemCellEmpty@0,空单元,IC2:itemCellEmpty,1xgt.metaitem.01@31340,陨铁等离子体单元,gregtech:gt.metaitem.01
plasma.molybdenum,144,1xic2.itemCellEmpty@0,空单元,IC2:itemCellEmpty,1xgt.metaitem.01@31048,钼等离子体单元,gregtech:gt.metaitem.01
plasma.naquadria,144,1xic2.itemCellEmpty@0,空单元,IC2:itemCellEmpty,1xgt.metaitem.01@31327,超能硅岩等离子体单元,gregtech:gt.metaitem.01
plasma.neodymium,144,1xic2.itemCellEmpty@0,空单元,IC2:itemCellEmpty,1xgt.metaitem.01@31067,钕等离子体单元,gregtech:gt.metaitem.01
plasma.neon,1000,1xic2.itemCellEmpty@0,空单元,IC2:itemCellEmpty,1xitem.itemCellPlasmaNeon@0,氖等离子体单元,miscutils:itemCellPlasmaNeon
plasma.neptunium,1000,1xic2.itemCellEmpty@0,空单元,IC2:itemCellEmpty,1xitem.itemCellPlasmaNeptunium@0,镎等离子体单元,miscutils:itemCellPlasmaNeptunium
plasma.neutronium,144,1xic2.itemCellEmpty@0,空单元,IC2:itemCellEmpty,1xgt.metaitem.01@31129,中子等离子体单元,gregtech:gt.metaitem.01
plasma.nickel,144,1xic2.itemCellEmpty@0,空单元,IC2:itemCellEmpty,1xgt.metaitem.01@31034,镍等离子体单元,gregtech:gt.metaitem.01
plasma.niobium,144,1xic2.itemCellEmpty@0,空单元,IC2:itemCellEmpty,1xgt.metaitem.01@31047,铌等离子体单元,gregtech:gt.metaitem.01
plasma.nitrogen,1000,1xic2.itemCellEmpty@0,空单元,IC2:itemCellEmpty,1xgt.metaitem.01@31012,氮等离子体单元,gregtech:gt.metaitem.01
plasma.oriharukon,144,1xic2.itemCellEmpty@0,空单元,IC2:itemCellEmpty,1xgt.metaitem.01@31393,奥利哈钢等离子体单元,gregtech:gt.metaitem.01
plasma.oxygen,1000,1xic2.itemCellEmpty@0,空单元,IC2:itemCellEmpty,1xgt.metaitem.01@31013,氧等离子体单元,gregtech:gt.metaitem.01
plasma.palladium,144,1xic2.itemCellEmpty@0,空单元,IC2:itemCellEmpty,1xgt.metaitem.01@31052,钯等离子体单元,gregtech:gt.metaitem.01
plasma.phosphorus,1000,1xic2.itemCellEmpty@0,空单元,IC2:itemCellEmpty,1xgt.metaitem.01@31021,磷等离子体单元,gregtech:gt.metaitem.01
plasma.plutonium238,1000,1xic2.itemCellEmpty@0,空单元,IC2:itemCellEmpty,1xitem.itemCellPlasmaPlutonium238@0,钚-238等离子体单元,miscutils:itemCellPlasmaPlutonium238
plasma.plutonium241,144,1xic2.itemCellEmpty@0,空单元,IC2:itemCellEmpty,1xgt.metaitem.01@31101,钚-241等离子体单元,gregtech:gt.metaitem.01
plasma.polonium,1000,1xic2.itemCellEmpty@0,空单元,IC2:itemCellEmpty,1xitem.itemCellPlasmaPolonium@0,钋等离子体单元,miscutils:itemCellPlasmaPolonium
plasma.potassium,144,1xic2.itemCellEmpty@0,空单元,IC2:itemCellEmpty,1xgt.metaitem.01@31025,钾等离子体单元,gregtech:gt.metaitem.01
plasma.praseodymium,144,1xic2.itemCellEmpty@0,空单元,IC2:itemCellEmpty,1xgt.metaitem.01@31066,镨等离子体单元,gregtech:gt.metaitem.01
plasma.promethium,144,1xic2.itemCellEmpty@0,空单元,IC2:itemCellEmpty,1xgt.metaitem.01@31068,钷等离子体单元,gregtech:gt.metaitem.01
plasma.protactinium,1000,1xic2.itemCellEmpty@0,空单元,IC2:itemCellEmpty,1xitem.itemCellPlasmaProtactinium@0,镤等离子体单元,miscutils:itemCellPlasmaProtactinium
plasma.radium,1000,1xic2.itemCellEmpty@0,空单元,IC2:itemCellEmpty,1xitem.itemCellPlasmaRadium@0,镭等离子体单元,miscutils:itemCellPlasmaRadium
plasma.radon,1000,1xic2.itemCellEmpty@0,空单元,IC2:itemCellEmpty,1xgt.metaitem.01@31093,氡等离子体单元,gregtech:gt.metaitem.01
plasma.redstone,144,1xic2.itemCellEmpty@0,空单元,IC2:itemCellEmpty,1xgt.metaitem.01@31810,红石等离子体单元,gregtech:gt.metaitem.01
plasma.rhenium,1000,1xic2.itemCellEmpty@0,空单元,IC2:itemCellEmpty,1xitem.itemCellPlasmaRhenium@0,铼等离子体单元,miscutils:itemCellPlasmaRhenium
plasma.rhodium,1000,1xic2.itemCellEmpty@0,空单元,IC2:itemCellEmpty,1xitem.itemCellPlasmaRhodium@0,铑等离子体单元,miscutils:itemCellPlasmaRhodium
plasma.rhugnor,1000,1xic2.itemCellEmpty@0,空单元,IC2:itemCellEmpty,1xitem.itemCellPlasmaRhugnor@0,鲁格诺等离子体单元,miscutils:itemCellPlasmaRhugnor
plasma.rubidium,144,1xic2.itemCellEmpty@0,空单元,IC2:itemCellEmpty,1xgt.metaitem.01@31043,铷等离子体单元,gregtech:gt.metaitem.01
plasma.runite,1000,1xic2.itemCellEmpty@0,空单元,IC2:itemCellEmpty,1xitem.itemCellPlasmaRunite@0,虚恩等离子体单元,miscutils:itemCellPlasmaRunite
plasma.ruthenium,1000,1xic2.itemCellEmpty@0,空单元,IC2:itemCellEmpty,1xitem.itemCellPlasmaRuthenium@0,钌等离子体单元,miscutils:itemCellPlasmaRuthenium
plasma.samarium,144,1xic2.itemCellEmpty@0,空单元,IC2:itemCellEmpty,1xgt.metaitem.01@31069,钐等离子体单元,gregtech:gt.metaitem.01
plasma.selenium,1000,1xic2.itemCellEmpty@0,空单元,IC2:itemCellEmpty,1xitem.itemCellPlasmaSelenium@0,硒等离子体单元,miscutils:itemCellPlasmaSelenium
plasma.silicon,144,1xic2.itemCellEmpty@0,空单元,IC2:itemCellEmpty,1xgt.metaitem.01@31020,生硅等离子体单元,gregtech:gt.metaitem.01
plasma.silver,144,1xic2.itemCellEmpty@0,空单元,IC2:itemCellEmpty,1xgt.metaitem.01@31054,银等离子体单元,gregtech:gt.metaitem.01
plasma.sixphasedcopper,144,1xic2.itemCellEmpty@0,空单元,IC2:itemCellEmpty,1xgt.metaitem.01@31147,六相铜等离子体单元,gregtech:gt.metaitem.01
plasma.sodium,1000,1xic2.itemCellEmpty@0,空单元,IC2:itemCellEmpty,1xgt.metaitem.01@31017,钠等离子体单元,gregtech:gt.metaitem.01
plasma.strontium,144,1xic2.itemCellEmpty@0,空单元,IC2:itemCellEmpty,1xgt.metaitem.01@31044,锶等离子体单元,gregtech:gt.metaitem.01
plasma.sulfur,1000,1xic2.itemCellEmpty@0,空单元,IC2:itemCellEmpty,1xgt.metaitem.01@31022,硫等离子体单元,gregtech:gt.metaitem.01
plasma.tantalum,144,1xic2.itemCellEmpty@0,空单元,IC2:itemCellEmpty,1xgt.metaitem.01@31080,钽等离子体单元,gregtech:gt.metaitem.01
plasma.technetium,1000,1xic2.itemCellEmpty@0,空单元,IC2:itemCellEmpty,1xitem.itemCellPlasmaTechnetium@0,锝等离子体单元,miscutils:itemCellPlasmaTechnetium
plasma.tellurium,144,1xic2.itemCellEmpty@0,空单元,IC2:itemCellEmpty,1xgt.metaitem.01@31059,碲等离子体单元,gregtech:gt.metaitem.01
plasma.terbium,144,1xic2.itemCellEmpty@0,空单元,IC2:itemCellEmpty,1xgt.metaitem.01@31072,铽等离子体单元,gregtech:gt.metaitem.01
plasma.thallium,1000,1xic2.itemCellEmpty@0,空单元,IC2:itemCellEmpty,1xitem.itemCellPlasmaThallium@0,铊等离子体单元,miscutils:itemCellPlasmaThallium
plasma.thorium,144,1xic2.itemCellEmpty@0,空单元,IC2:itemCellEmpty,1xgt.metaitem.01@31096,钍等离子体单元,gregtech:gt.metaitem.01
plasma.thorium232,1000,1xic2.itemCellEmpty@0,空单元,IC2:itemCellEmpty,1xitem.itemCellPlasmaThorium232@0,钍-232等离子体单元,miscutils:itemCellPlasmaThorium232
plasma.thulium,144,1xic2.itemCellEmpty@0,空单元,IC2:itemCellEmpty,1xgt.metaitem.01@31076,铥等离子体单元,gregtech:gt.metaitem.01
plasma.tin,144,1xic2.itemCellEmpty@0,空单元,IC2:itemCellEmpty,1xgt.metaitem.01@31057,锡等离子体单元,gregtech:gt.metaitem.01
plasma.titanium,144,1xic2.itemCellEmpty@0,空单元,IC2:itemCellEmpty,1xgt.metaitem.01@31028,钛等离子体单元,gregtech:gt.metaitem.01
plasma.tritanium,144,1xic2.itemCellEmpty@0,空单元,IC2:itemCellEmpty,1xgt.metaitem.01@31329,三钛等离子体单元,gregtech:gt.metaitem.01
plasma.tritium,1000,1xic2.itemCellEmpty@0,空单元,IC2:itemCellEmpty,1xgt.metaitem.01@31003,氚等离子体单元,gregtech:gt.metaitem.01
plasma.tungsten,144,1xic2.itemCellEmpty@0,空单元,IC2:itemCellEmpty,1xgt.metaitem.01@31081,钨等离子体单元,gregtech:gt.metaitem.01
plasma.uranium,144,1xic2.itemCellEmpty@0,空单元,IC2:itemCellEmpty,1xgt.metaitem.01@31098,铀-238等离子体单元,gregtech:gt.metaitem.01
plasma.uranium232,1000,1xic2.itemCellEmpty@0,空单元,IC2:itemCellEmpty,1xitem.itemCellPlasmaUranium232@0,铀-232等离子体单元,miscutils:itemCellPlasmaUranium232
plasma.uranium233,1000,1xic2.itemCellEmpty@0,空单元,IC2:itemCellEmpty,1xitem.itemCellPlasmaUranium233@0,铀-233等离子体单元,miscutils:itemCellPlasmaUranium233
plasma.uranium235,144,1xic2.itemCellEmpty@0,空单元,IC2:itemCellEmpty,1xgt.metaitem.01@31097,铀-235等离子体单元,gregtech:gt.metaitem.01
plasma.vanadium,144,1xic2.itemCellEmpty@0,空单元,IC2:itemCellEmpty,1xgt.metaitem.01@31029,钒等离子体单元,gregtech:gt.metaitem.01
plasma.xenon,1000,1xic2.itemCellEmpty@0,空单元,IC2:itemCellEmpty,1xitem.itemCellPlasmaXenon@0,氙等离子体单元,miscutils:itemCellPlasmaXenon
plasma.ytterbium,144,1xic2.itemCellEmpty@0,空单元,IC2:itemCellEmpty,1xgt.metaitem.01@31077,镱等离子体单元,gregtech:gt.metaitem.01
plasma.yttrium,144,1xic2.itemCellEmpty@0,空单元,IC2:itemCellEmpty,1xgt.metaitem.01@31045,钇等离子体单元,gregtech:gt.metaitem.01
plasma.zinc,144,1xic2.itemCellEmpty@0,空单元,IC2:itemCellEmpty,1xgt.metaitem.01@31036,锌等离子体单元,gregtech:gt.metaitem.01
plasma.zirconium,1000,1xic2.itemCellEmpty@0,空单元,IC2:itemCellEmpty,1xitem.itemCellPlasmaZirconium@0,锆等离子体单元,miscutils:itemCellPlasmaZirconium
platinum concentrate,1000,1xic2.itemCellEmpty@0,空单元,IC2:itemCellEmpty,1xgt.bwMetaGeneratedcell@44,浓缩铂单元,bartworks:gt.bwMetaGeneratedcell
platinum.molten,1000,1xitem.bucket@0,铁桶,minecraft:bucket,1xitem.tconstruct.bucket@20,桶装熔融铂金,TConstruct:buckets
platinum.molten,1000,1xitem.iguana.tcon.clayBucketFired@0,黏土桶(烤制),IguanaTweaksTConstruct:clayBucketFired,1xitem.iguana.tcon.clayBucket@20,黏土桶(熔融铂),IguanaTweaksTConstruct:clayBucketsTinkers
ployamic acid,1000,1xic2.itemCellEmpty@0,空单元,IC2:itemCellEmpty,1xgt.bwMetaGeneratedcell@25042,聚酰胺酸（PAA）单元,bartworks:gt.bwMetaGeneratedcell
plutonium based liquid fuel,1000,1xic2.itemCellEmpty@0,空单元,IC2:itemCellEmpty,1xgt.bwMetaGeneratedcell@10010,钚基流体燃料单元,bartworks:gt.bwMetaGeneratedcell
plutonium based liquid fuel (depleted),1000,1xic2.itemCellEmpty@0,空单元,IC2:itemCellEmpty,1xgt.bwMetaGeneratedcell@10012,钚基流体燃料(枯竭的)单元,bartworks:gt.bwMetaGeneratedcell
plutonium based liquid fuel (excited state),1000,1xic2.itemCellEmpty@0,空单元,IC2:itemCellEmpty,1xgt.bwMetaGeneratedcell@10011,钚基流体燃料(激发态)单元,bartworks:gt.bwMetaGeneratedcell
poison,1000,1xitem.misc@8,玻璃罐,Genetics:misc,1xitem.containerCylinder@65,毒液玻璃罐,BinnieCore:containerCylinder
poison,2000,1xitem.capsule.magic@0,空魔力胶囊,MagicBees:capsule.magic,1xitem.capsule.magic@13,毒液魔力胶囊,MagicBees:capsule.magic
poison,1000,1xitem.glassBottle@0,玻璃瓶,minecraft:glass_bottle,1xitem.containerGlass@65,毒液瓶,BinnieCore:containerGlass
poison,8000,1xitem.capsule.void@0,空虚空胶囊,MagicBees:capsule.void,1xitem.capsule.void@13,毒液虚空胶囊,MagicBees:capsule.void
poison,1000,1xitem.bucket@0,铁桶,minecraft:bucket,1xitem.containerBucket@65,毒液桶,BinnieCore:containerBucket
poison,1000,1xitem.for.refractoryEmpty@0,耐火胶囊,Forestry:refractoryEmpty,1xitem.containerRefractory@65,毒液耐火胶囊,BinnieCore:containerRefractory
poison,1000,1xitem.for.waxCapsule@0,蜂蜡胶囊,Forestry:waxCapsule,1xitem.containerCapsule@65,毒液胶囊,BinnieCore:containerCapsule
poison,1000,1xitem.for.canEmpty@0,罐,Forestry:canEmpty,1xitem.containerCan@65,毒液胶囊,BinnieCore:containerCan
poison,1000,1xitem.iguana.tcon.clayBucketFired@0,黏土桶(烤制),IguanaTweaksTConstruct:clayBucketFired,1xitem.iguana.tcon.clayBucket.poison@0,黏土桶(毒液),IguanaTweaksTConstruct:clayBucketPoison
poisonousslurry,1000,1xic2.itemCellEmpty@0,空单元,IC2:itemCellEmpty,1xgt.metaitem.01@30191,毒性泥浆单元,gregtech:gt.metaitem.01
pollution,1000,1xic2.itemCellEmpty@0,空单元,IC2:itemCellEmpty,1xgt.metaitem.98@21,污染单元,gregtech:gt.metaitem.98
polyaluminiumchloride,1000,1xic2.itemCellEmpty@0,空单元,IC2:itemCellEmpty,1xgt.metaitem.01@30566,聚氯化铝单元,gregtech:gt.metaitem.01
polymerase,1000,1xic2.itemCellEmpty@0,空单元,IC2:itemCellEmpty,1xgt.metaitem.98@17,聚合酶单元,gregtech:gt.metaitem.98
polyurethane,1000,1xic2.itemCellEmpty@0,空单元,IC2:itemCellEmpty,1xitem.polyurethane@0,聚氨酯单元,miscutils:polyurethane
polyurethaneresin,1000,1xic2.itemCellEmpty@0,空单元,IC2:itemCellEmpty,1xgt.metaitem.01@30784,聚氨酯树脂单元,gregtech:gt.metaitem.01
polyvinylacetate,1000,1xic2.itemCellEmpty@0,空单元,IC2:itemCellEmpty,1xgt.metaitem.01@30680,聚乙酸乙烯酯单元,gregtech:gt.metaitem.01
poornetherwaste,1000,1xic2.itemCellEmpty@0,空单元,IC2:itemCellEmpty,1xgt.metaitem.01@30123,贫瘠下界废水单元,gregtech:gt.metaitem.01
post process be waste,1000,1xic2.itemCellEmpty@0,空单元,IC2:itemCellEmpty,1xgt.bwMetaGeneratedcell@25124,后处理铍废液单元,bartworks:gt.bwMetaGeneratedcell
potassium permanganate solution,1000,1xic2.itemCellEmpty@0,空单元,IC2:itemCellEmpty,1xgt.bwMetaGeneratedcell@11044,高锰酸钾溶液单元,bartworks:gt.bwMetaGeneratedcell
potion.alcopops,250,1xitem.glassBottle@0,玻璃瓶,minecraft:glass_bottle,1xgt.metaitem.02@32134,波普甜酒,gregtech:gt.metaitem.02
potion.applejuice,250,1xitem.glassBottle@0,玻璃瓶,minecraft:glass_bottle,1xgt.metaitem.02@32125,苹果汁,gregtech:gt.metaitem.02
potion.awkward,250,1xitem.glassBottle@0,玻璃瓶,minecraft:glass_bottle,1xitem.potion@16,粗制的 药水,minecraft:potion
potion.beer,250,1xitem.glassBottle@0,玻璃瓶,minecraft:glass_bottle,1xgt.metaitem.02@32119,啤酒,gregtech:gt.metaitem.02
potion.cavejohnsonsgrenadejuice,250,1xitem.glassBottle@0,玻璃瓶,minecraft:glass_bottle,1xgt.metaitem.02@32135,约翰逊的炸弹柠檬汁,gregtech:gt.metaitem.02
potion.chillysauce,250,1xitem.glassBottle@0,玻璃瓶,minecraft:glass_bottle,1xgt.metaitem.02@32120,辣酱,gregtech:gt.metaitem.02
potion.chocolatemilk,250,1xgt.metaitem.01@32404,空保温瓶,gregtech:gt.metaitem.01,1xgt.metaitem.02@32006,巧克力牛奶,gregtech:gt.metaitem.02
potion.cider,250,1xitem.glassBottle@0,玻璃瓶,minecraft:glass_bottle,1xgt.metaitem.02@32126,苹果酒,gregtech:gt.metaitem.02
potion.coffee,500,1xitem.cropsnh:mug@0,石杯,cropsnh:mug,1xitem.cropsnh:mug@2,深度烘焙咖啡,cropsnh:mug
potion.coffee,250,1xgt.metaitem.01@32404,空保温瓶,gregtech:gt.metaitem.01,1xgt.metaitem.02@32000,咖啡,gregtech:gt.metaitem.02
potion.damage,250,1xitem.glassBottle@0,玻璃瓶,minecraft:glass_bottle,1xitem.potion@8204,伤害药水,minecraft:potion
potion.damage.splash,250,1xitem.glassBottle@0,玻璃瓶,minecraft:glass_bottle,1xitem.potion@16396,喷溅型 伤害药水,minecraft:potion
potion.damage.strong,250,1xitem.glassBottle@0,玻璃瓶,minecraft:glass_bottle,1xitem.potion@8236,伤害药水,minecraft:potion
potion.damage.strong.splash,250,1xitem.glassBottle@0,玻璃瓶,minecraft:glass_bottle,1xitem.potion@16428,喷溅型 伤害药水,minecraft:potion
potion.darkbeer,250,1xitem.glassBottle@0,玻璃瓶,minecraft:glass_bottle,1xgt.metaitem.02@32113,黑啤,gregtech:gt.metaitem.02
potion.darkchocolatemilk,250,1xgt.metaitem.01@32404,空保温瓶,gregtech:gt.metaitem.01,1xgt.metaitem.02@32005,黑巧克力奶,gregtech:gt.metaitem.02
potion.diablosauce,250,1xitem.glassBottle@0,玻璃瓶,minecraft:glass_bottle,1xgt.metaitem.02@32123,恐惧辣酱,gregtech:gt.metaitem.02
potion.diablosauce.strong,250,1xitem.glassBottle@0,玻璃瓶,minecraft:glass_bottle,1xgt.metaitem.02@32124,祖传配方秘制而成的恐惧辣酱,gregtech:gt.metaitem.02
potion.diabolosauce,250,1xitem.glassBottle@0,玻璃瓶,minecraft:glass_bottle,1xgt.metaitem.02@32122,恶魔辣酱,gregtech:gt.metaitem.02
potion.dragonblood,250,1xitem.glassBottle@0,玻璃瓶,minecraft:glass_bottle,1xgt.metaitem.02@32114,龙血,gregtech:gt.metaitem.02
potion.fireresistance,250,1xitem.glassBottle@0,玻璃瓶,minecraft:glass_bottle,1xitem.potion@8195,抗火药水,minecraft:potion
potion.fireresistance.long,250,1xitem.glassBottle@0,玻璃瓶,minecraft:glass_bottle,1xitem.potion@8259,抗火药水,minecraft:potion
potion.fireresistance.long.splash,250,1xitem.glassBottle@0,玻璃瓶,minecraft:glass_bottle,1xitem.potion@16451,喷溅型 抗火药水,minecraft:potion
potion.fireresistance.splash,250,1xitem.glassBottle@0,玻璃瓶,minecraft:glass_bottle,1xitem.potion@16387,喷溅型 抗火药水,minecraft:potion
potion.glenmckenner,250,1xitem.glassBottle@0,玻璃瓶,minecraft:glass_bottle,1xgt.metaitem.02@32117,格伦·麦肯纳,gregtech:gt.metaitem.02
potion.goldenapplejuice,250,1xitem.glassBottle@0,玻璃瓶,minecraft:glass_bottle,1xgt.metaitem.02@32127,金苹果汁,gregtech:gt.metaitem.02
potion.goldencider,250,1xitem.glassBottle@0,玻璃瓶,minecraft:glass_bottle,1xgt.metaitem.02@32128,金苹果酒,gregtech:gt.metaitem.02
potion.grapejuice,250,1xitem.glassBottle@0,玻璃瓶,minecraft:glass_bottle,1xgt.metaitem.02@32101,葡萄汁,gregtech:gt.metaitem.02
potion.health,250,1xitem.glassBottle@0,玻璃瓶,minecraft:glass_bottle,1xitem.potion@8197,治疗药水,minecraft:potion
potion.health.splash,250,1xitem.glassBottle@0,玻璃瓶,minecraft:glass_bottle,1xitem.potion@16389,喷溅型 治疗药水,minecraft:potion
potion.health.strong,250,1xitem.glassBottle@0,玻璃瓶,minecraft:glass_bottle,1xitem.potion@8229,治疗药水,minecraft:potion
potion.health.strong.splash,250,1xitem.glassBottle@0,玻璃瓶,minecraft:glass_bottle,1xitem.potion@16421,喷溅型 治疗药水,minecraft:potion
potion.hopsjuice,250,1xitem.glassBottle@0,玻璃瓶,minecraft:glass_bottle,1xgt.metaitem.02@32112,啤酒花汁,gregtech:gt.metaitem.02
potion.hotsauce,250,1xitem.glassBottle@0,玻璃瓶,minecraft:glass_bottle,1xgt.metaitem.02@32121,红辣酱,gregtech:gt.metaitem.02
potion.icetea,250,1xgt.metaitem.01@32404,空保温瓶,gregtech:gt.metaitem.01,1xgt.metaitem.02@32009,冰红茶,gregtech:gt.metaitem.02
potion.idunsapplejuice,250,1xitem.glassBottle@0,玻璃瓶,minecraft:glass_bottle,1xgt.metaitem.02@32129,青春苹果汁,gregtech:gt.metaitem.02
potion.invisibility,250,1xitem.glassBottle@0,玻璃瓶,minecraft:glass_bottle,1xitem.potion@8206,隐身药水,minecraft:potion
potion.invisibility.long,250,1xitem.glassBottle@0,玻璃瓶,minecraft:glass_bottle,1xitem.potion@8270,隐身药水,minecraft:potion
potion.invisibility.long.splash,250,1xitem.glassBottle@0,玻璃瓶,minecraft:glass_bottle,1xitem.potion@16462,喷溅型 隐身药水,minecraft:potion
potion.invisibility.splash,250,1xitem.glassBottle@0,玻璃瓶,minecraft:glass_bottle,1xitem.potion@16398,喷溅型 隐身药水,minecraft:potion
potion.latte,500,1xitem.cropsnh:mug@0,石杯,cropsnh:mug,1xitem.cropsnh:mug@3,咖啡,cropsnh:mug
potion.latte,250,1xgt.metaitem.01@32404,空保温瓶,gregtech:gt.metaitem.01,1xgt.metaitem.02@32002,拿铁,gregtech:gt.metaitem.02
potion.lemonade,250,1xitem.glassBottle@0,玻璃瓶,minecraft:glass_bottle,1xgt.metaitem.02@32133,柠檬汽水,gregtech:gt.metaitem.02
potion.lemonjuice,250,1xitem.glassBottle@0,玻璃瓶,minecraft:glass_bottle,1xgt.metaitem.02@32131,柠檬汁,gregtech:gt.metaitem.02
potion.leninade,250,1xitem.glassBottle@0,玻璃瓶,minecraft:glass_bottle,1xgt.metaitem.02@32106,列宁柠檬汁,gregtech:gt.metaitem.02
potion.limoncello,250,1xitem.glassBottle@0,玻璃瓶,minecraft:glass_bottle,1xgt.metaitem.02@32132,意大利柠檬甜酒,gregtech:gt.metaitem.02
potion.mineralwater,250,1xitem.glassBottle@0,玻璃瓶,minecraft:glass_bottle,1xgt.metaitem.02@32107,矿泉水,gregtech:gt.metaitem.02
potion.mundane,250,1xitem.glassBottle@0,玻璃瓶,minecraft:glass_bottle,1xitem.potion@64,平凡的 药水,minecraft:potion
potion.nightvision,250,1xitem.glassBottle@0,玻璃瓶,minecraft:glass_bottle,1xitem.potion@8198,夜视药水,minecraft:potion
potion.nightvision.long,250,1xitem.glassBottle@0,玻璃瓶,minecraft:glass_bottle,1xitem.potion@8262,夜视药水,minecraft:potion
potion.nightvision.long.splash,250,1xitem.glassBottle@0,玻璃瓶,minecraft:glass_bottle,1xitem.potion@16454,喷溅型 夜视药水,minecraft:potion
potion.nightvision.splash,250,1xitem.glassBottle@0,玻璃瓶,minecraft:glass_bottle,1xitem.potion@16390,喷溅型 夜视药水,minecraft:potion
potion.notchesbrew,250,1xitem.glassBottle@0,玻璃瓶,minecraft:glass_bottle,1xgt.metaitem.02@32130,附魔金苹果之酿,gregtech:gt.metaitem.02
potion.piratebrew,250,1xitem.glassBottle@0,玻璃瓶,minecraft:glass_bottle,1xgt.metaitem.02@32111,海盗之酿,gregtech:gt.metaitem.02
potion.poison,250,1xitem.glassBottle@0,玻璃瓶,minecraft:glass_bottle,1xitem.potion@8196,剧毒药水,minecraft:potion
potion.poison.long,250,1xitem.glassBottle@0,玻璃瓶,minecraft:glass_bottle,1xitem.potion@8260,剧毒药水,minecraft:potion
potion.poison.long.splash,250,1xitem.glassBottle@0,玻璃瓶,minecraft:glass_bottle,1xitem.potion@16452,喷溅型 剧毒药水,minecraft:potion
potion.poison.splash,250,1xitem.glassBottle@0,玻璃瓶,minecraft:glass_bottle,1xitem.potion@16388,喷溅型 剧毒药水,minecraft:potion
potion.poison.strong,250,1xitem.glassBottle@0,玻璃瓶,minecraft:glass_bottle,1xitem.potion@8228,剧毒药水,minecraft:potion
potion.poison.strong,750,1xgt.metaitem.01@32402,空喷漆罐,gregtech:gt.metaitem.01,1xitem.cropsnh:weedEX@0,除草剂,cropsnh:weedEX
potion.poison.strong.splash,250,1xitem.glassBottle@0,玻璃瓶,minecraft:glass_bottle,1xitem.potion@16420,喷溅型 剧毒药水,minecraft:potion
potion.potatojuice,250,1xitem.glassBottle@0,玻璃瓶,minecraft:glass_bottle,1xgt.metaitem.02@32104,土豆汁,gregtech:gt.metaitem.02
potion.purpledrink,250,1xitem.glassBottle@0,玻璃瓶,minecraft:glass_bottle,1xgt.metaitem.02@32100,紫色饮料,gregtech:gt.metaitem.02
potion.reedwater,250,1xitem.glassBottle@0,玻璃瓶,minecraft:glass_bottle,1xgt.metaitem.02@32109,甘蔗水,gregtech:gt.metaitem.02
potion.regen,250,1xitem.glassBottle@0,玻璃瓶,minecraft:glass_bottle,1xitem.potion@8193,再生药水,minecraft:potion
potion.regen.long,250,1xitem.glassBottle@0,玻璃瓶,minecraft:glass_bottle,1xitem.potion@8257,再生药水,minecraft:potion
potion.regen.long.splash,250,1xitem.glassBottle@0,玻璃瓶,minecraft:glass_bottle,1xitem.potion@16449,喷溅型 再生药水,minecraft:potion
potion.regen.splash,250,1xitem.glassBottle@0,玻璃瓶,minecraft:glass_bottle,1xitem.potion@16385,喷溅型 再生药水,minecraft:potion
potion.regen.strong,250,1xitem.glassBottle@0,玻璃瓶,minecraft:glass_bottle,1xitem.potion@8225,再生药水,minecraft:potion
potion.regen.strong.splash,250,1xitem.glassBottle@0,玻璃瓶,minecraft:glass_bottle,1xitem.potion@16417,喷溅型 再生药水,minecraft:potion
potion.rum,250,1xitem.glassBottle@0,玻璃瓶,minecraft:glass_bottle,1xgt.metaitem.02@32110,朗姆酒,gregtech:gt.metaitem.02
potion.saltywater,250,1xitem.glassBottle@0,玻璃瓶,minecraft:glass_bottle,1xgt.metaitem.02@32108,盐水,gregtech:gt.metaitem.02
potion.scotch,250,1xitem.glassBottle@0,玻璃瓶,minecraft:glass_bottle,1xgt.metaitem.02@32116,苏格兰威士忌,gregtech:gt.metaitem.02
potion.slowness,250,1xitem.glassBottle@0,玻璃瓶,minecraft:glass_bottle,1xitem.potion@8202,迟缓药水,minecraft:potion
potion.slowness.long,250,1xitem.glassBottle@0,玻璃瓶,minecraft:glass_bottle,1xitem.potion@8266,迟缓药水,minecraft:potion
potion.slowness.long.splash,250,1xitem.glassBottle@0,玻璃瓶,minecraft:glass_bottle,1xitem.potion@16458,喷溅型 迟缓药水,minecraft:potion
potion.slowness.splash,250,1xitem.glassBottle@0,玻璃瓶,minecraft:glass_bottle,1xitem.potion@16394,喷溅型 迟缓药水,minecraft:potion
potion.speed,250,1xitem.glassBottle@0,玻璃瓶,minecraft:glass_bottle,1xitem.potion@8194,迅捷药水,minecraft:potion
potion.speed.long,250,1xitem.glassBottle@0,玻璃瓶,minecraft:glass_bottle,1xitem.potion@8258,迅捷药水,minecraft:potion
potion.speed.long.splash,250,1xitem.glassBottle@0,玻璃瓶,minecraft:glass_bottle,1xitem.potion@16450,喷溅型 迅捷药水,minecraft:potion
potion.speed.splash,250,1xitem.glassBottle@0,玻璃瓶,minecraft:glass_bottle,1xitem.potion@16386,喷溅型 迅捷药水,minecraft:potion
potion.speed.strong,250,1xitem.glassBottle@0,玻璃瓶,minecraft:glass_bottle,1xitem.potion@8226,迅捷药水,minecraft:potion
potion.speed.strong.splash,250,1xitem.glassBottle@0,玻璃瓶,minecraft:glass_bottle,1xitem.potion@16418,喷溅型 迅捷药水,minecraft:potion
potion.strength,250,1xitem.glassBottle@0,玻璃瓶,minecraft:glass_bottle,1xitem.potion@8201,力量药水,minecraft:potion
potion.strength.long,250,1xitem.glassBottle@0,玻璃瓶,minecraft:glass_bottle,1xitem.potion@8265,力量药水,minecraft:potion
potion.strength.long.splash,250,1xitem.glassBottle@0,玻璃瓶,minecraft:glass_bottle,1xitem.potion@16457,喷溅型 力量药水,minecraft:potion
potion.strength.splash,250,1xitem.glassBottle@0,玻璃瓶,minecraft:glass_bottle,1xitem.potion@16393,喷溅型 力量药水,minecraft:potion
potion.strength.strong,250,1xitem.glassBottle@0,玻璃瓶,minecraft:glass_bottle,1xitem.potion@8233,力量药水,minecraft:potion
potion.strength.strong.splash,250,1xitem.glassBottle@0,玻璃瓶,minecraft:glass_bottle,1xitem.potion@16425,喷溅型 力量药水,minecraft:potion
potion.sweetcoffee,250,1xgt.metaitem.01@32404,空保温瓶,gregtech:gt.metaitem.01,1xgt.metaitem.02@32001,甜咖啡,gregtech:gt.metaitem.02
potion.sweetjesuslatte,250,1xgt.metaitem.01@32404,空保温瓶,gregtech:gt.metaitem.01,1xgt.metaitem.02@32004,美味拿铁,gregtech:gt.metaitem.02
potion.sweetlatte,250,1xgt.metaitem.01@32404,空保温瓶,gregtech:gt.metaitem.01,1xgt.metaitem.02@32003,甜拿铁,gregtech:gt.metaitem.02
potion.sweettea,250,1xgt.metaitem.01@32404,空保温瓶,gregtech:gt.metaitem.01,1xgt.metaitem.02@32008,甜茶,gregtech:gt.metaitem.02
potion.tea,250,1xgt.metaitem.01@32404,空保温瓶,gregtech:gt.metaitem.01,1xgt.metaitem.02@32007,茶,gregtech:gt.metaitem.02
potion.thick,250,1xitem.glassBottle@0,玻璃瓶,minecraft:glass_bottle,1xitem.potion@32,浓稠的 药水,minecraft:potion
potion.vinegar,250,1xitem.glassBottle@0,玻璃瓶,minecraft:glass_bottle,1xgt.metaitem.02@32103,醋,gregtech:gt.metaitem.02
potion.vodka,250,1xitem.glassBottle@0,玻璃瓶,minecraft:glass_bottle,1xgt.metaitem.02@32105,伏特加,gregtech:gt.metaitem.02
potion.waterbreathing,250,1xitem.glassBottle@0,玻璃瓶,minecraft:glass_bottle,1xitem.potion@8205,水肺药水,minecraft:potion
potion.waterbreathing.long,250,1xitem.glassBottle@0,玻璃瓶,minecraft:glass_bottle,1xitem.potion@8269,水肺药水,minecraft:potion
potion.waterbreathing.long.splash,250,1xitem.glassBottle@0,玻璃瓶,minecraft:glass_bottle,1xitem.potion@16461,喷溅型 水肺药水,minecraft:potion
potion.waterbreathing.splash,250,1xitem.glassBottle@0,玻璃瓶,minecraft:glass_bottle,1xitem.potion@16397,喷溅型 水肺药水,minecraft:potion
potion.weakness,250,1xitem.glassBottle@0,玻璃瓶,minecraft:glass_bottle,1xitem.potion@8200,虚弱药水,minecraft:potion
potion.weakness.long,250,1xitem.glassBottle@0,玻璃瓶,minecraft:glass_bottle,1xitem.potion@8264,虚弱药水,minecraft:potion
potion.weakness.long.splash,250,1xitem.glassBottle@0,玻璃瓶,minecraft:glass_bottle,1xitem.potion@16456,喷溅型 虚弱药水,minecraft:potion
potion.weakness.splash,250,1xitem.glassBottle@0,玻璃瓶,minecraft:glass_bottle,1xitem.potion@16392,喷溅型 虚弱药水,minecraft:potion
potion.wheatyhopsjuice,250,1xitem.glassBottle@0,玻璃瓶,minecraft:glass_bottle,1xgt.metaitem.02@32118,小麦啤酒花汁,gregtech:gt.metaitem.02
potion.wheatyjuice,250,1xitem.glassBottle@0,玻璃瓶,minecraft:glass_bottle,1xgt.metaitem.02@32115,小麦汁,gregtech:gt.metaitem.02
potion.wine,250,1xitem.glassBottle@0,玻璃瓶,minecraft:glass_bottle,1xgt.metaitem.02@32102,葡萄酒,gregtech:gt.metaitem.02
praseodymium chloride concentrate,1000,1xic2.itemCellEmpty@0,空单元,IC2:itemCellEmpty,1xgt.bwMetaGeneratedcell@11432,氯化镨浓缩液单元,bartworks:gt.bwMetaGeneratedcell
praseodymium extracting nano resin,1000,1xic2.itemCellEmpty@0,空单元,IC2:itemCellEmpty,1xgt.bwMetaGeneratedcell@11403,镨萃取纳米树脂单元,bartworks:gt.bwMetaGeneratedcell
primordialmatter,1000,1xic2.itemCellEmpty@0,空单元,IC2:itemCellEmpty,1xgt.metaitem.01@30142,流体本源物质单元,gregtech:gt.metaitem.01
prismarinecontaminatedhydrogenperoxide,1000,1xic2.itemCellEmpty@0,空单元,IC2:itemCellEmpty,1xgt.metaitem.01@30136,海晶参杂的过氧化氢单元,gregtech:gt.metaitem.01
prismarinecontaminatednitrobenzenesolution,1000,1xic2.itemCellEmpty@0,空单元,IC2:itemCellEmpty,1xgt.metaitem.01@30138,海晶参杂的硝基苯溶液单元,gregtech:gt.metaitem.01
prismarinerichnitrobenzenesolution,1000,1xic2.itemCellEmpty@0,空单元,IC2:itemCellEmpty,1xgt.metaitem.01@30137,富海晶硝基苯溶液单元,gregtech:gt.metaitem.01
prismarinesolution,1000,1xic2.itemCellEmpty@0,空单元,IC2:itemCellEmpty,1xgt.metaitem.01@30135,海晶石溶液单元,gregtech:gt.metaitem.01
prismaticacid,1000,1xic2.itemCellEmpty@0,空单元,IC2:itemCellEmpty,1xgt.metaitem.01@30162,海晶酸单元,gregtech:gt.metaitem.01
prismaticgas,1000,1xic2.itemCellEmpty@0,空单元,IC2:itemCellEmpty,1xgt.metaitem.01@30161,海晶气单元,gregtech:gt.metaitem.01
prismaticnaquadahcompositeslurry,1000,1xic2.itemCellEmpty@0,空单元,IC2:itemCellEmpty,1xgt.metaitem.01@30164,海晶硅岩混合砂浆单元,gregtech:gt.metaitem.01
promethium chloride concentrate,1000,1xic2.itemCellEmpty@0,空单元,IC2:itemCellEmpty,1xgt.bwMetaGeneratedcell@11435,氯化钷浓缩液单元,bartworks:gt.bwMetaGeneratedcell
promoteruev,1000,1xic2.itemCellEmpty@0,空单元,IC2:itemCellEmpty,1xgt.bwMetaGeneratedcell@12311,PromoterUEV单元,bartworks:gt.bwMetaGeneratedcell
promoterzpm,1000,1xic2.itemCellEmpty@0,空单元,IC2:itemCellEmpty,1xgt.bwMetaGeneratedcell@12310,PromoterZPM单元,bartworks:gt.bwMetaGeneratedcell
propane,1000,1xic2.itemCellEmpty@0,空单元,IC2:itemCellEmpty,1xgt.metaitem.01@30643,丙烷单元,gregtech:gt.metaitem.01
propene,1000,1xic2.itemCellEmpty@0,空单元,IC2:itemCellEmpty,1xgt.metaitem.01@30678,丙烯单元,gregtech:gt.metaitem.01
propionicacid,1000,1xic2.itemCellEmpty@0,空单元,IC2:itemCellEmpty,1xitem.propionicacid@0,丙酸单元,miscutils:propionicacid
protein,1000,1xitem.for.canEmpty@0,罐,Forestry:canEmpty,1xitem.gendustry.protein.can@0,蛋白质罐,gendustry:ProteinCan
protein,1000,1xitem.bucket@0,铁桶,minecraft:bucket,1xitem.gendustry.protein.bucket@0,蛋白质桶,gendustry:ProteinBucket
protohalkonitebase,1000,1xic2.itemCellEmpty@0,空单元,IC2:itemCellEmpty,1xgt.metaitem.01@30152,熔融原初恒坚钢基底单元,gregtech:gt.metaitem.01
protomatter,1000,1xic2.itemCellEmpty@0,空单元,IC2:itemCellEmpty,1xgt.metaitem.01@30159,元始物质单元,gregtech:gt.metaitem.01
pure mana,1000,1xic2.itemCellEmpty@0,空单元,IC2:itemCellEmpty,1xgt.bwMetaGeneratedcell@20005,至纯魔力单元,bartworks:gt.bwMetaGeneratedcell
purified mana,1000,1xic2.itemCellEmpty@0,空单元,IC2:itemCellEmpty,1xgt.bwMetaGeneratedcell@20007,纯净魔力单元,bartworks:gt.bwMetaGeneratedcell
putrescine,1000,1xic2.itemCellEmpty@0,空单元,IC2:itemCellEmpty,1xitem.putrescine@0,腐胺单元,miscutils:putrescine
pyrotheum,1000,1xic2.itemCellEmpty@0,空单元,IC2:itemCellEmpty,1xitem.pyrotheum@0,烈焰之炽焱单元,miscutils:pyrotheum
pyrotheum,2000,1xitem.capsule.magic@0,空魔力胶囊,MagicBees:capsule.magic,1xitem.capsule.magic@21,烈焰之炽焱魔力胶囊,MagicBees:capsule.magic
pyrotheum,1000,1xitem.bucket@0,铁桶,minecraft:bucket,1xitem.MiscUtils.bucket@1,烈焰之炽焱桶,miscutils:bucket
pyrotheum,8000,1xitem.capsule.void@0,空虚空胶囊,MagicBees:capsule.void,1xitem.capsule.void@21,烈焰之炽焱虚空胶囊,MagicBees:capsule.void
quantum infusion,1000,1xic2.itemCellEmpty@0,空单元,IC2:itemCellEmpty,1xgt.bwMetaGeneratedcell@25125,量子灌输液单元,bartworks:gt.bwMetaGeneratedcell
quarkgluonplasma,1000,1xic2.itemCellEmpty@0,空单元,IC2:itemCellEmpty,1xgt.metaitem.01@30144,简并夸克胶子等离子体单元,gregtech:gt.metaitem.01
quartz.molten,1000,1xitem.bucket@0,铁桶,minecraft:bucket,1xitem.tconstruct.bucket@31,熔融下界石英桶,TConstruct:buckets
radon,1000,1xic2.itemCellEmpty@0,空单元,IC2:itemCellEmpty,1xgt.metaitem.01@30093,氡单元,gregtech:gt.metaitem.01
radon cracked enriched naquadah,1000,1xic2.itemCellEmpty@0,空单元,IC2:itemCellEmpty,1xgt.bwMetaGeneratedcell@25105,加氡裂化富集硅岩单元,bartworks:gt.bwMetaGeneratedcell
radoxgas,1000,1xic2.itemCellEmpty@0,空单元,IC2:itemCellEmpty,1xgt.metaitem.98@34,拉多X气单元,gregtech:gt.metaitem.98
rare earth chlorides,1000,1xic2.itemCellEmpty@0,空单元,IC2:itemCellEmpty,1xgt.bwMetaGeneratedcell@25051,稀土氯化物单元,bartworks:gt.bwMetaGeneratedcell
rare earth hydroxides,1000,1xic2.itemCellEmpty@0,空单元,IC2:itemCellEmpty,1xgt.bwMetaGeneratedcell@25050,稀土氢氧化物单元,bartworks:gt.bwMetaGeneratedcell
rawgasoline,1000,1xic2.itemCellEmpty@0,空单元,IC2:itemCellEmpty,1xgt.metaitem.01@30996,粗汽油单元,gregtech:gt.metaitem.01
rawradox,1000,1xic2.itemCellEmpty@0,空单元,IC2:itemCellEmpty,1xgt.metaitem.98@36,粗制拉多X单元,gregtech:gt.metaitem.98
rawstarmatter,1000,1xic2.itemCellEmpty@0,空单元,IC2:itemCellEmpty,1xgt.metaitem.01@30584,浓缩原始恒星等离子体混合物单元,gregtech:gt.metaitem.01
reactive-ion etching mixture,1000,1xic2.itemCellEmpty@0,空单元,IC2:itemCellEmpty,1xgt.bwMetaGeneratedcell@11355,反应性离子刻蚀混合物单元,bartworks:gt.bwMetaGeneratedcell
redmud,1000,1xic2.itemCellEmpty@0,空单元,IC2:itemCellEmpty,1xgt.metaitem.01@30743,赤泥单元,gregtech:gt.metaitem.01
refinedglue,1000,1xic2.itemCellEmpty@0,空单元,IC2:itemCellEmpty,1xgt.metaitem.01@30726,精制胶水单元,gregtech:gt.metaitem.01
resin,1000,1xitem.for.canEmpty@0,罐,Forestry:canEmpty,1xitem.containerCan@129,树脂胶囊,BinnieCore:containerCan
resin,1000,1xitem.misc@8,玻璃罐,Genetics:misc,1xitem.containerCylinder@129,树脂玻璃罐,BinnieCore:containerCylinder
resin,1000,1xitem.bucket@0,铁桶,minecraft:bucket,1xitem.containerBucket@129,树脂桶,BinnieCore:containerBucket
resin,1000,1xitem.glassBottle@0,玻璃瓶,minecraft:glass_bottle,1xitem.containerGlass@129,树脂瓶,BinnieCore:containerGlass
resin,1000,1xitem.for.refractoryEmpty@0,耐火胶囊,Forestry:refractoryEmpty,1xitem.containerRefractory@129,树脂耐火胶囊,BinnieCore:containerRefractory
resin,1000,1xitem.for.waxCapsule@0,蜂蜡胶囊,Forestry:waxCapsule,1xitem.containerCapsule@129,树脂胶囊,BinnieCore:containerCapsule
resorcinol,1000,1xic2.itemCellEmpty@0,空单元,IC2:itemCellEmpty,1xgt.bwMetaGeneratedcell@25100,间苯二酚单元,bartworks:gt.bwMetaGeneratedcell
rhodium filter cake solution,1000,1xic2.itemCellEmpty@0,空单元,IC2:itemCellEmpty,1xgt.bwMetaGeneratedcell@86,铑滤饼溶液单元,bartworks:gt.bwMetaGeneratedcell
rhodium salt solution,1000,1xic2.itemCellEmpty@0,空单元,IC2:itemCellEmpty,1xgt.bwMetaGeneratedcell@81,铑盐溶液单元,bartworks:gt.bwMetaGeneratedcell
rhodium sulfate,1000,1xic2.itemCellEmpty@0,空单元,IC2:itemCellEmpty,1xgt.bwMetaGeneratedcell@61,硫酸铑单元,bartworks:gt.bwMetaGeneratedcell
rhodium sulfate solution,1000,1xic2.itemCellEmpty@0,空单元,IC2:itemCellEmpty,1xgt.bwMetaGeneratedcell@62,硫酸铑溶液单元,bartworks:gt.bwMetaGeneratedcell
richnetherwaste,1000,1xic2.itemCellEmpty@0,空单元,IC2:itemCellEmpty,1xgt.metaitem.01@30124,富集下界废水单元,gregtech:gt.metaitem.01
rocket_fuel,1000,1xitem.bucket@0,铁桶,minecraft:bucket,1xitem.bucketRocket_fuel@0,桶装火箭燃料,EnderIO:bucketRocket_fuel
rubyjuice,1000,1xic2.itemCellEmpty@0,空单元,IC2:itemCellEmpty,1xgt.metaitem.01@30417,红宝石汁单元,gregtech:gt.metaitem.01
ruthenium tetroxide,1000,1xic2.itemCellEmpty@0,空单元,IC2:itemCellEmpty,1xgt.bwMetaGeneratedcell@66,四氧化钌单元,bartworks:gt.bwMetaGeneratedcell
ruthenium tetroxide solution,1000,1xic2.itemCellEmpty@0,空单元,IC2:itemCellEmpty,1xgt.bwMetaGeneratedcell@68,四氧化钌溶液单元,bartworks:gt.bwMetaGeneratedcell
saltwater,1000,1xic2.itemCellEmpty@0,空单元,IC2:itemCellEmpty,1xgt.metaitem.01@30692,盐水单元,gregtech:gt.metaitem.01
samarium chloride concentrate,1000,1xic2.itemCellEmpty@0,空单元,IC2:itemCellEmpty,1xgt.bwMetaGeneratedcell@11436,氯化钐浓缩液单元,bartworks:gt.bwMetaGeneratedcell
samarium extracting nano resin,1000,1xic2.itemCellEmpty@0,空单元,IC2:itemCellEmpty,1xgt.bwMetaGeneratedcell@11411,钐萃取纳米树脂单元,bartworks:gt.bwMetaGeneratedcell
samarium rare earth mud,1000,1xic2.itemCellEmpty@0,空单元,IC2:itemCellEmpty,1xgt.bwMetaGeneratedcell@11462,钐稀土泥浆单元,bartworks:gt.bwMetaGeneratedcell
sand sluice,1000,1xic2.itemCellEmpty@0,空单元,IC2:itemCellEmpty,1xgt.bwMetaGeneratedcell@25117,沙子泥浆单元,bartworks:gt.bwMetaGeneratedcell
sap,1000,1xitem.for.canEmpty@0,罐,Forestry:canEmpty,1xitem.containerCan@128,树液胶囊,BinnieCore:containerCan
sap,1000,1xitem.misc@8,玻璃罐,Genetics:misc,1xitem.containerCylinder@128,树液玻璃罐,BinnieCore:containerCylinder
sap,1000,1xitem.bucket@0,铁桶,minecraft:bucket,1xitem.containerBucket@128,树液桶,BinnieCore:containerBucket
sap,1000,1xitem.glassBottle@0,玻璃瓶,minecraft:glass_bottle,1xitem.containerGlass@128,树液瓶,BinnieCore:containerGlass
sap,1000,1xitem.for.refractoryEmpty@0,耐火胶囊,Forestry:refractoryEmpty,1xitem.containerRefractory@128,树液耐火胶囊,BinnieCore:containerRefractory
sap,1000,1xitem.for.waxCapsule@0,蜂蜡胶囊,Forestry:waxCapsule,1xitem.containerCapsule@128,树液胶囊,BinnieCore:containerCapsule
sapphirejuice,1000,1xic2.itemCellEmpty@0,空单元,IC2:itemCellEmpty,1xgt.metaitem.01@30416,蓝宝石汁单元,gregtech:gt.metaitem.01
seaweed byproducts,1000,1xic2.itemCellEmpty@0,空单元,IC2:itemCellEmpty,1xgt.bwMetaGeneratedcell@11045,海藻副产单元,bartworks:gt.bwMetaGeneratedcell
seaweed concentrate,1000,1xic2.itemCellEmpty@0,空单元,IC2:itemCellEmpty,1xgt.bwMetaGeneratedcell@11042,浓缩海藻溶液单元,bartworks:gt.bwMetaGeneratedcell
seaweedbroth,1000,1xic2.itemCellEmpty@0,空单元,IC2:itemCellEmpty,1xgt.metaitem.98@8,Seaweed Broth Cell,gregtech:gt.metaitem.98
seedoil,1000,1xitem.for.refractoryEmpty@0,耐火胶囊,Forestry:refractoryEmpty,1xitem.for.refractorySeedOil@0,种子油胶囊,Forestry:refractorySeedOil
seedoil,1000,1xitem.for.canEmpty@0,罐,Forestry:canEmpty,1xitem.for.canSeedOil@0,种子油罐,Forestry:canSeedOil
seedoil,2000,1xitem.capsule.magic@0,空魔力胶囊,MagicBees:capsule.magic,1xitem.capsule.magic@7,种子油魔力胶囊,MagicBees:capsule.magic
seedoil,8000,1xitem.capsule.void@0,空虚空胶囊,MagicBees:capsule.void,1xitem.capsule.void@7,种子油虚空胶囊,MagicBees:capsule.void
seedoil,1000,1xic2.itemCellEmpty@0,空单元,IC2:itemCellEmpty,1xgt.metaitem.01@30713,种子油单元,gregtech:gt.metaitem.01
seedoil,1000,1xitem.bucket@0,铁桶,minecraft:bucket,1xitem.for.bucketSeedOil@0,种子油桶,Forestry:bucketSeedOil
seedoil,1000,1xitem.for.waxCapsule@0,蜂蜡胶囊,Forestry:waxCapsule,1xitem.for.waxCapsuleSeedOil@0,种子油胶囊,Forestry:waxCapsuleSeedOil
seleniumhexafluoride,1000,1xic2.itemCellEmpty@0,空单元,IC2:itemCellEmpty,1xitem.itemCellSeleniumHexafluoride@0,六氟化硒单元,miscutils:itemCellSeleniumHexafluoride
severelyhydrocracked.butadiene,1000,1xic2.itemCellEmpty@0,空单元,IC2:itemCellEmpty,1xgt.metaitem.99@12646,重度加氢裂化丁二烯单元,gregtech:gt.metaitem.99
severelyhydrocracked.butane,1000,1xic2.itemCellEmpty@0,空单元,IC2:itemCellEmpty,1xgt.metaitem.99@12644,重度加氢裂化丁烷单元,gregtech:gt.metaitem.99
severelyhydrocracked.butene,1000,1xic2.itemCellEmpty@0,空单元,IC2:itemCellEmpty,1xgt.metaitem.99@12645,重度加氢裂化丁烯单元,gregtech:gt.metaitem.99
severelyhydrocracked.ethane,1000,1xic2.itemCellEmpty@0,空单元,IC2:itemCellEmpty,1xgt.metaitem.99@12642,重度加氢裂化乙烷单元,gregtech:gt.metaitem.99
severelyhydrocracked.ethylene,1000,1xic2.itemCellEmpty@0,空单元,IC2:itemCellEmpty,1xgt.metaitem.99@12677,重度加氢裂化乙烯单元,gregtech:gt.metaitem.99
severelyhydrocracked.gas,1000,1xic2.itemCellEmpty@0,空单元,IC2:itemCellEmpty,1xgt.metaitem.99@12735,重度加氢裂化炼油气单元,gregtech:gt.metaitem.99
severelyhydrocracked.heavyfuel,1000,1xic2.itemCellEmpty@0,空单元,IC2:itemCellEmpty,1xgt.metaitem.99@12741,重度加氢裂化重燃油单元,gregtech:gt.metaitem.99
severelyhydrocracked.lightfuel,1000,1xic2.itemCellEmpty@0,空单元,IC2:itemCellEmpty,1xgt.metaitem.99@12740,重度加氢裂化轻燃油单元,gregtech:gt.metaitem.99
severelyhydrocracked.naphtha,1000,1xic2.itemCellEmpty@0,空单元,IC2:itemCellEmpty,1xgt.metaitem.99@12739,重度加氢裂化石脑油单元,gregtech:gt.metaitem.99
severelyhydrocracked.propane,1000,1xic2.itemCellEmpty@0,空单元,IC2:itemCellEmpty,1xgt.metaitem.99@12643,重度加氢裂化丙烷单元,gregtech:gt.metaitem.99
severelyhydrocracked.propene,1000,1xic2.itemCellEmpty@0,空单元,IC2:itemCellEmpty,1xgt.metaitem.99@12678,重度加氢裂化丙烯单元,gregtech:gt.metaitem.99
severelysteamcracked.butadiene,1000,1xic2.itemCellEmpty@0,空单元,IC2:itemCellEmpty,1xgt.metaitem.99@15646,重度蒸汽裂化丁二烯单元,gregtech:gt.metaitem.99
severelysteamcracked.butane,1000,1xic2.itemCellEmpty@0,空单元,IC2:itemCellEmpty,1xgt.metaitem.99@15644,重度蒸汽裂化丁烷单元,gregtech:gt.metaitem.99
severelysteamcracked.butene,1000,1xic2.itemCellEmpty@0,空单元,IC2:itemCellEmpty,1xgt.metaitem.99@15645,重度蒸汽裂化丁烯单元,gregtech:gt.metaitem.99
severelysteamcracked.ethane,1000,1xic2.itemCellEmpty@0,空单元,IC2:itemCellEmpty,1xgt.metaitem.99@15642,重度蒸汽裂化乙烷单元,gregtech:gt.metaitem.99
severelysteamcracked.ethylene,1000,1xic2.itemCellEmpty@0,空单元,IC2:itemCellEmpty,1xgt.metaitem.99@15677,重度蒸汽裂化乙烯单元,gregtech:gt.metaitem.99
severelysteamcracked.gas,1000,1xic2.itemCellEmpty@0,空单元,IC2:itemCellEmpty,1xgt.metaitem.99@15735,重度蒸汽裂化炼油气单元,gregtech:gt.metaitem.99
severelysteamcracked.heavyfuel,1000,1xic2.itemCellEmpty@0,空单元,IC2:itemCellEmpty,1xgt.metaitem.99@15741,重度蒸汽裂化重燃油单元,gregtech:gt.metaitem.99
severelysteamcracked.lightfuel,1000,1xic2.itemCellEmpty@0,空单元,IC2:itemCellEmpty,1xgt.metaitem.99@15740,重度蒸汽裂化轻燃油单元,gregtech:gt.metaitem.99
severelysteamcracked.naphtha,1000,1xic2.itemCellEmpty@0,空单元,IC2:itemCellEmpty,1xgt.metaitem.99@15739,重度蒸汽裂化石脑油单元,gregtech:gt.metaitem.99
severelysteamcracked.propane,1000,1xic2.itemCellEmpty@0,空单元,IC2:itemCellEmpty,1xgt.metaitem.99@15643,重度蒸汽裂化丙烷单元,gregtech:gt.metaitem.99
severelysteamcracked.propene,1000,1xic2.itemCellEmpty@0,空单元,IC2:itemCellEmpty,1xgt.metaitem.99@15678,重度蒸汽裂化丙烯单元,gregtech:gt.metaitem.99
sgcrystalslurry,1000,1xic2.itemCellEmpty@0,空单元,IC2:itemCellEmpty,1xgt.metaitem.01@30160,星门水晶浆液单元,gregtech:gt.metaitem.01
shimmer,1000,1xitem.bucket@0,铁桶,minecraft:bucket,1xitem.ShimmerBucket@0,微光桶,sciencenotleisure:ShimmerBucket
shimmer,1000,1xic2.itemCellEmpty@0,空单元,IC2:itemCellEmpty,1xgt.bwMetaGeneratedcell@25202,微光单元,bartworks:gt.bwMetaGeneratedcell
short.mead,1000,1xitem.for.canEmpty@0,罐,Forestry:canEmpty,1xitem.for.canShortMead@0,蜂蜜酒罐,Forestry:canShortMead
short.mead,1000,1xitem.bucket@0,铁桶,minecraft:bucket,1xitem.for.bucketShortMead@0,蜂蜜酒桶,Forestry:bucketShortMead
short.mead,1000,1xitem.for.refractoryEmpty@0,耐火胶囊,Forestry:refractoryEmpty,1xitem.for.refractoryShortMead@0,蜂蜜酒胶囊,Forestry:refractoryShortMead
short.mead,1000,1xitem.for.waxCapsule@0,蜂蜡胶囊,Forestry:waxCapsule,1xitem.for.waxCapsuleShortMead@0,蜂蜜酒胶囊,Forestry:waxCapsuleShortMead
short.mead,1000,1xitem.glassBottle@0,玻璃瓶,minecraft:glass_bottle,1xitem.for.beverage@0,蜂蜜酒,Forestry:beverage
signalum.molten,1000,1xitem.bucket@0,铁桶,minecraft:bucket,1xitem.tconstruct.bucket@28,桶装熔融信素,TConstruct:buckets
silane,1000,1xic2.itemCellEmpty@0,空单元,IC2:itemCellEmpty,1xgt.metaitem.01@30798,硅烷单元,gregtech:gt.metaitem.01
silane-nitrogen plasma mixture,1000,1xic2.itemCellEmpty@0,空单元,IC2:itemCellEmpty,1xgt.bwMetaGeneratedcell@11360,硅烷-氮等离子混合物单元,bartworks:gt.bwMetaGeneratedcell
silica gel base,1000,1xic2.itemCellEmpty@0,空单元,IC2:itemCellEmpty,1xgt.bwMetaGeneratedcell@25006,硅胶基质单元,bartworks:gt.bwMetaGeneratedcell
siliconoil,1000,1xic2.itemCellEmpty@0,空单元,IC2:itemCellEmpty,1xgt.metaitem.01@30788,硅油单元,gregtech:gt.metaitem.01
silicontetrachloride,1000,1xic2.itemCellEmpty@0,空单元,IC2:itemCellEmpty,1xgt.metaitem.01@30968,四氯化硅单元,gregtech:gt.metaitem.01
silicontetrafluoride,1000,1xic2.itemCellEmpty@0,空单元,IC2:itemCellEmpty,1xgt.metaitem.01@30967,四氟化硅单元,gregtech:gt.metaitem.01
silver.molten,1000,1xitem.bucket@0,铁桶,minecraft:bucket,1xitem.tconstruct.bucket@19,桶装熔融银,TConstruct:buckets
silver.molten,1000,1xitem.iguana.tcon.clayBucketFired@0,黏土桶(烤制),IguanaTweaksTConstruct:clayBucketFired,1xitem.iguana.tcon.clayBucket@19,黏土桶(熔融银),IguanaTweaksTConstruct:clayBucketsTinkers
slime.blue,1000,1xitem.bucket@0,铁桶,minecraft:bucket,1xitem.tconstruct.bucket@24,桶装史莱姆黏液,TConstruct:buckets
slime.blue,1000,1xitem.iguana.tcon.clayBucketFired@0,黏土桶(烤制),IguanaTweaksTConstruct:clayBucketFired,1xitem.iguana.tcon.clayBucket@24,黏土桶(史莱姆黏液),IguanaTweaksTConstruct:clayBucketsTinkers
sluicejuice,1000,1xic2.itemCellEmpty@0,空单元,IC2:itemCellEmpty,1xgt.metaitem.01@30411,废液单元,gregtech:gt.metaitem.01
small baka,1000,1xic2.itemCellEmpty@0,空单元,IC2:itemCellEmpty,1xgt.bwMetaGeneratedcell@25107,硝苯氮单元,bartworks:gt.bwMetaGeneratedcell
smgdoxides solution,1000,1xic2.itemCellEmpty@0,空单元,IC2:itemCellEmpty,1xgt.bwMetaGeneratedcell@25058,钐-钆氧化物单元,bartworks:gt.bwMetaGeneratedcell
sodium formate,1000,1xic2.itemCellEmpty@0,空单元,IC2:itemCellEmpty,1xgt.bwMetaGeneratedcell@56,甲酸钠单元,bartworks:gt.bwMetaGeneratedcell
sodium nitrate solution,1000,1xic2.itemCellEmpty@0,空单元,IC2:itemCellEmpty,1xgt.bwMetaGeneratedcell@25031,硝酸钠溶液单元,bartworks:gt.bwMetaGeneratedcell
sodium tungstate,1000,1xic2.itemCellEmpty@0,空单元,IC2:itemCellEmpty,1xgt.bwMetaGeneratedcell@29904,钨酸钠单元,bartworks:gt.bwMetaGeneratedcell
sodiumfluorosilicate,1000,1xic2.itemCellEmpty@0,空单元,IC2:itemCellEmpty,1xgt.bwMetaGeneratedcell@11102,氟硅酸钠单元,bartworks:gt.bwMetaGeneratedcell
sodiumpersulfate,1000,1xic2.itemCellEmpty@0,空单元,IC2:itemCellEmpty,1xgt.metaitem.01@30718,过硫酸钠单元,gregtech:gt.metaitem.01
sodiumpotassium,1000,1xic2.itemCellEmpty@0,空单元,IC2:itemCellEmpty,1xgt.metaitem.98@18,钠钾共晶合金单元,gregtech:gt.metaitem.98
solution.bluevitriol,1000,1xic2.itemCellEmpty@0,空单元,IC2:itemCellEmpty,1xgt.metaitem.98@22,蓝矾溶液单元,gregtech:gt.metaitem.98
solution.greenvitriol,1000,1xic2.itemCellEmpty@0,空单元,IC2:itemCellEmpty,1xgt.metaitem.98@24,绿矾溶液单元,gregtech:gt.metaitem.98
solution.nickelsulfate,1000,1xic2.itemCellEmpty@0,空单元,IC2:itemCellEmpty,1xgt.metaitem.98@23,硫酸镍溶液单元,gregtech:gt.metaitem.98
soulinfusedmedium,1000,1xic2.itemCellEmpty@0,空单元,IC2:itemCellEmpty,1xgt.metaitem.01@30600,灵魂灌注溶剂单元,gregtech:gt.metaitem.01
spatialfluid,1000,1xic2.itemCellEmpty@0,空单元,IC2:itemCellEmpty,1xgt.metaitem.01@30106,扩大化空间流体单元,gregtech:gt.metaitem.01
squidink,144,1xic2.itemCellEmpty@0,空单元,IC2:itemCellEmpty,1xgt.metaitem.98@6,墨水单元,gregtech:gt.metaitem.98
stabilise void matter,1000,1xic2.itemCellEmpty@0,空单元,IC2:itemCellEmpty,1xgt.bwMetaGeneratedcell@20008,稳定虚空物质单元,bartworks:gt.bwMetaGeneratedcell
stablebaryonicmatter,1000,1xic2.itemCellEmpty@0,空单元,IC2:itemCellEmpty,1xgt.metaitem.01@30569,稳定重子物质单元,gregtech:gt.metaitem.01
stagnantwastewater,1000,1xic2.itemCellEmpty@0,空单元,IC2:itemCellEmpty,1xgt.metaitem.01@30186,不流动的废水单元,gregtech:gt.metaitem.01
steam,2000,1xitem.capsule.magic@0,空魔力胶囊,MagicBees:capsule.magic,1xitem.capsule.magic@17,蒸汽魔力胶囊,MagicBees:capsule.magic
steam,1000,1xitem.glassBottle@0,玻璃瓶,minecraft:glass_bottle,1xitem.railcraft.fluid.steam.bottle@0,蒸汽瓶,Railcraft:fluid.steam.bottle
steam,1000,1xic2.itemCellEmpty@0,空单元,IC2:itemCellEmpty,1xgt.metaitem.98@0,蒸汽单元,gregtech:gt.metaitem.98
steam,8000,1xitem.capsule.void@0,空虚空胶囊,MagicBees:capsule.void,1xitem.capsule.void@17,蒸汽虚空胶囊,MagicBees:capsule.void
steam-cracked bastnasite mud,1000,1xic2.itemCellEmpty@0,空单元,IC2:itemCellEmpty,1xgt.bwMetaGeneratedcell@11103,蒸汽裂化氟碳镧铈泥浆单元,bartworks:gt.bwMetaGeneratedcell
steel.molten,1000,1xitem.bucket@0,铁桶,minecraft:bucket,1xitem.tconstruct.bucket@12,桶装熔融钢,TConstruct:buckets
steel.molten,1000,1xitem.iguana.tcon.clayBucketFired@0,黏土桶(烤制),IguanaTweaksTConstruct:clayBucketFired,1xitem.iguana.tcon.clayBucket@12,黏土桶(熔融钢),IguanaTweaksTConstruct:clayBucketsTinkers
stone.seared,1000,1xitem.bucket@0,铁桶,minecraft:bucket,1xitem.tconstruct.bucket@14,桶装熔融石头,TConstruct:buckets
stone.seared,1000,1xitem.iguana.tcon.clayBucketFired@0,黏土桶(烤制),IguanaTweaksTConstruct:clayBucketFired,1xitem.iguana.tcon.clayBucket@14,黏土桶(熔融焦石),IguanaTweaksTConstruct:clayBucketsTinkers
styrene,1000,1xic2.itemCellEmpty@0,空单元,IC2:itemCellEmpty,1xgt.metaitem.01@30637,苯乙烯单元,gregtech:gt.metaitem.01
sulfurdichloride,1000,1xic2.itemCellEmpty@0,空单元,IC2:itemCellEmpty,1xgt.metaitem.01@30767,二氯化硫单元,gregtech:gt.metaitem.01
sulfurdioxide,1000,1xic2.itemCellEmpty@0,空单元,IC2:itemCellEmpty,1xgt.metaitem.01@30651,二氧化硫单元,gregtech:gt.metaitem.01
sulfuricacid,1000,1xic2.itemCellEmpty@0,空单元,IC2:itemCellEmpty,1xgt.metaitem.01@30720,硫酸单元,gregtech:gt.metaitem.01
sulfuricapatite,1000,1xic2.itemCellEmpty@0,空单元,IC2:itemCellEmpty,1xic2.itemCellEmpty@17,硫酸磷灰石单元,IC2:itemCellEmpty
sulfuriclithium,1000,1xic2.itemCellEmpty@0,空单元,IC2:itemCellEmpty,1xic2.itemCellEmpty@19,硫酸锂单元,IC2:itemCellEmpty
sulfurousacid,1000,1xic2.itemCellEmpty@0,空单元,IC2:itemCellEmpty,1xic2.itemCellEmpty@16,亚硫酸单元,IC2:itemCellEmpty
sulfurtrioxide,1000,1xic2.itemCellEmpty@0,空单元,IC2:itemCellEmpty,1xgt.metaitem.01@30652,三氧化硫单元,gregtech:gt.metaitem.01
super mutated living solder,1000,1xic2.itemCellEmpty@0,空单元,IC2:itemCellEmpty,1xgt.bwMetaGeneratedcell@25040,超突变活性焊料单元,bartworks:gt.bwMetaGeneratedcell
supercoolant,1000,1xic2.itemCellEmpty@0,空单元,IC2:itemCellEmpty,1xgt.metaitem.01@30140,超级冷却液单元,gregtech:gt.metaitem.01
superheavyradox,1000,1xic2.itemCellEmpty@0,空单元,IC2:itemCellEmpty,1xgt.metaitem.98@28,超重拉多X单元,gregtech:gt.metaitem.98
superlightradox,1000,1xic2.itemCellEmpty@0,空单元,IC2:itemCellEmpty,1xgt.metaitem.98@9,超轻拉多X单元,gregtech:gt.metaitem.98
tbhooxides solution,1000,1xic2.itemCellEmpty@0,空单元,IC2:itemCellEmpty,1xgt.bwMetaGeneratedcell@25059,铽-钬氧化物单元,bartworks:gt.bwMetaGeneratedcell
technetiumhexafluoride,1000,1xic2.itemCellEmpty@0,空单元,IC2:itemCellEmpty,1xitem.itemCellTechnetiumHexafluoride@0,六氟化锝单元,miscutils:itemCellTechnetiumHexafluoride
temporalfluid,1000,1xic2.itemCellEmpty@0,空单元,IC2:itemCellEmpty,1xgt.metaitem.01@30587,富快子时间流体单元,gregtech:gt.metaitem.01
terbium chloride concentrate,1000,1xic2.itemCellEmpty@0,空单元,IC2:itemCellEmpty,1xgt.bwMetaGeneratedcell@11439,氯化铽浓缩液单元,bartworks:gt.bwMetaGeneratedcell
terbium extracting nano resin,1000,1xic2.itemCellEmpty@0,空单元,IC2:itemCellEmpty,1xgt.bwMetaGeneratedcell@11417,铽萃取纳米树脂单元,bartworks:gt.bwMetaGeneratedcell
terephthalicacid,1000,1xic2.itemCellEmpty@0,空单元,IC2:itemCellEmpty,1xgt.metaitem.01@30764,对苯二甲酸单元,gregtech:gt.metaitem.01
tetrafluoroethylene,1000,1xic2.itemCellEmpty@0,空单元,IC2:itemCellEmpty,1xgt.metaitem.01@30666,四氟乙烯单元,gregtech:gt.metaitem.01
tetranitromethane,1000,1xic2.itemCellEmpty@0,空单元,IC2:itemCellEmpty,1xgt.metaitem.01@30639,四硝基甲烷单元,gregtech:gt.metaitem.01
thionylchloride,1000,1xic2.itemCellEmpty@0,空单元,IC2:itemCellEmpty,1xgt.metaitem.01@30768,氯化亚砜单元,gregtech:gt.metaitem.01
thorium based liquid fuel,1000,1xic2.itemCellEmpty@0,空单元,IC2:itemCellEmpty,1xgt.bwMetaGeneratedcell@10006,钍基流体燃料单元,bartworks:gt.bwMetaGeneratedcell
thorium based liquid fuel (depleted),1000,1xic2.itemCellEmpty@0,空单元,IC2:itemCellEmpty,1xgt.bwMetaGeneratedcell@10008,钍基流体燃料(枯竭的)单元,bartworks:gt.bwMetaGeneratedcell
thorium based liquid fuel (excited state),1000,1xic2.itemCellEmpty@0,空单元,IC2:itemCellEmpty,1xgt.bwMetaGeneratedcell@10007,钍基流体燃料(激发态)单元,bartworks:gt.bwMetaGeneratedcell
thorium nitrate,1000,1xic2.itemCellEmpty@0,空单元,IC2:itemCellEmpty,1xgt.bwMetaGeneratedcell@10015,硝酸钍单元,bartworks:gt.bwMetaGeneratedcell
thorium tetrachloride,1000,1xic2.itemCellEmpty@0,空单元,IC2:itemCellEmpty,1xgt.bwMetaGeneratedcell@10019,四氯化钍单元,bartworks:gt.bwMetaGeneratedcell
thorium-232 tetrafluoride,1000,1xic2.itemCellEmpty@0,空单元,IC2:itemCellEmpty,1xgt.bwMetaGeneratedcell@10021,四氟化钍-232单元,bartworks:gt.bwMetaGeneratedcell
thoriumelutionadsorbent,1000,1xic2.itemCellEmpty@0,空单元,IC2:itemCellEmpty,1xgt.metaitem.01@30178,钍洗脱吸附剂单元,gregtech:gt.metaitem.01
thulium chloride concentrate,1000,1xic2.itemCellEmpty@0,空单元,IC2:itemCellEmpty,1xgt.bwMetaGeneratedcell@11443,氯化铥浓缩液单元,bartworks:gt.bwMetaGeneratedcell
thulium extracting nano resin,1000,1xic2.itemCellEmpty@0,空单元,IC2:itemCellEmpty,1xgt.bwMetaGeneratedcell@11425,铥萃取纳米树脂单元,bartworks:gt.bwMetaGeneratedcell
tin.molten,1000,1xitem.bucket@0,铁桶,minecraft:bucket,1xitem.tconstruct.bucket@3,桶装熔融锡,TConstruct:buckets
tin.molten,1000,1xitem.iguana.tcon.clayBucketFired@0,黏土桶(烤制),IguanaTweaksTConstruct:clayBucketFired,1xitem.iguana.tcon.clayBucket@3,黏土桶(熔融锡),IguanaTweaksTConstruct:clayBucketsTinkers
titaniumtetrachloride,1000,1xic2.itemCellEmpty@0,空单元,IC2:itemCellEmpty,1xgt.metaitem.01@30376,四氯化钛单元,gregtech:gt.metaitem.01
toxic mercury sludge,1000,1xic2.itemCellEmpty@0,空单元,IC2:itemCellEmpty,1xgt.bwMetaGeneratedcell@25123,剧毒水银污泥单元,bartworks:gt.bwMetaGeneratedcell
toxicair,1000,1xic2.itemCellEmpty@0,空单元,IC2:itemCellEmpty,1xgt.metaitem.01@30181,毒性空气单元,gregtech:gt.metaitem.01
toxicslurry,1000,1xic2.itemCellEmpty@0,空单元,IC2:itemCellEmpty,1xgt.metaitem.01@30182,毒性泥浆单元,gregtech:gt.metaitem.01
trichlorosilane,1000,1xic2.itemCellEmpty@0,空单元,IC2:itemCellEmpty,1xgt.metaitem.01@30972,三氯硅烷单元,gregtech:gt.metaitem.01
trimethylamine,1000,1xic2.itemCellEmpty@0,空单元,IC2:itemCellEmpty,1xgt.metaitem.01@30777,三甲胺单元,gregtech:gt.metaitem.01
trimethylborate,1000,1xic2.itemCellEmpty@0,空单元,IC2:itemCellEmpty,1xgt.metaitem.01@30750,硼酸三甲酯单元,gregtech:gt.metaitem.01
tritium,1000,1xic2.itemCellEmpty@0,空单元,IC2:itemCellEmpty,1xgt.metaitem.01@30003,氚单元,gregtech:gt.metaitem.01
turpentine,1000,1xitem.for.canEmpty@0,罐,Forestry:canEmpty,1xitem.containerCan@131,松节油胶囊,BinnieCore:containerCan
turpentine,1000,1xitem.misc@8,玻璃罐,Genetics:misc,1xitem.containerCylinder@131,松节油玻璃罐,BinnieCore:containerCylinder
turpentine,1000,1xitem.bucket@0,铁桶,minecraft:bucket,1xitem.containerBucket@131,松节油桶,BinnieCore:containerBucket
turpentine,1000,1xitem.glassBottle@0,玻璃瓶,minecraft:glass_bottle,1xitem.containerGlass@131,松节油瓶,BinnieCore:containerGlass
turpentine,1000,1xitem.for.refractoryEmpty@0,耐火胶囊,Forestry:refractoryEmpty,1xitem.containerRefractory@131,松节油耐火胶囊,BinnieCore:containerRefractory
turpentine,1000,1xitem.for.waxCapsule@0,蜂蜡胶囊,Forestry:waxCapsule,1xitem.containerCapsule@131,松节油胶囊,BinnieCore:containerCapsule
twilight sluice,1000,1xic2.itemCellEmpty@0,空单元,IC2:itemCellEmpty,1xgt.bwMetaGeneratedcell@25131,暮色泥浆单元,bartworks:gt.bwMetaGeneratedcell
ultracontaminatedgas,1000,1xic2.itemCellEmpty@0,空单元,IC2:itemCellEmpty,1xgt.metaitem.01@30185,超重度污染气体单元,gregtech:gt.metaitem.01
unformed fluorophlogopite,1000,1xic2.itemCellEmpty@0,空单元,IC2:itemCellEmpty,1xgt.bwMetaGeneratedcell@103,未定型氟金云母单元,bartworks:gt.bwMetaGeneratedcell
unformed hexanite,1000,1xic2.itemCellEmpty@0,空单元,IC2:itemCellEmpty,1xgt.metaitem.01@30173,未成形的咒源玄晶单元,gregtech:gt.metaitem.01
unknownnutrientagar,1000,1xic2.itemCellEmpty@0,空单元,IC2:itemCellEmpty,1xgt.metaitem.98@7,Unknown Nutrient Agar Cell,gregtech:gt.metaitem.98
unknowwater,1000,1xitem.bucket@0,铁桶,minecraft:bucket,1xitem.UnknowWaterBucket@0,不明液体桶,GalaxySpace:item.UnknowWaterBucket
uranium based liquid fuel,1000,1xic2.itemCellEmpty@0,空单元,IC2:itemCellEmpty,1xgt.bwMetaGeneratedcell@10002,铀基流体燃料单元,bartworks:gt.bwMetaGeneratedcell
uranium based liquid fuel (depleted),1000,1xic2.itemCellEmpty@0,空单元,IC2:itemCellEmpty,1xgt.bwMetaGeneratedcell@10004,铀基流体燃料(枯竭的)单元,bartworks:gt.bwMetaGeneratedcell
uranium based liquid fuel (excited state),1000,1xic2.itemCellEmpty@0,空单元,IC2:itemCellEmpty,1xgt.bwMetaGeneratedcell@10003,铀基流体燃料(激发态)单元,bartworks:gt.bwMetaGeneratedcell
uranium waste,1000,1xic2.itemCellEmpty@0,空单元,IC2:itemCellEmpty,1xgt.bwMetaGeneratedcell@25128,铀废料单元,bartworks:gt.bwMetaGeneratedcell
ureamix,1000,1xic2.itemCellEmpty@0,空单元,IC2:itemCellEmpty,1xitem.ureamix@0,尿素混合物单元,miscutils:ureamix
uuamplifier,1000,1xic2.itemCellEmpty@0,空单元,IC2:itemCellEmpty,1xgt.metaitem.01@30721,UU增幅液体单元,gregtech:gt.metaitem.01
vapor_of_levity,1000,1xitem.bucket@0,铁桶,minecraft:bucket,1xitem.bucketVapor_of_levity@0,桶装轻盈之气,EnderIO:bucketVapor_of_levity
vinylacetate,1000,1xic2.itemCellEmpty@0,空单元,IC2:itemCellEmpty,1xgt.metaitem.01@30679,乙酸乙烯酯单元,gregtech:gt.metaitem.01
vinylchloride,1000,1xic2.itemCellEmpty@0,空单元,IC2:itemCellEmpty,1xgt.metaitem.01@30650,氯乙烯单元,gregtech:gt.metaitem.01
waste liquid,1000,1xic2.itemCellEmpty@0,空单元,IC2:itemCellEmpty,1xgt.bwMetaGeneratedcell@10065,废液单元,bartworks:gt.bwMetaGeneratedcell
water,1000,1xitem.for.canEmpty@0,罐,Forestry:canEmpty,1xitem.for.canWater@0,水罐,Forestry:canWater
water,0,1xitem.glassBottle@0,玻璃瓶,minecraft:glass_bottle,1xitem.potion@0,水瓶,minecraft:potion
water,1000,1xic2.itemCellEmpty@0,空单元,IC2:itemCellEmpty,1xic2.itemCellEmpty@1,水单元,IC2:itemCellEmpty
water,1000,1xitem.for.waxCapsule@0,蜂蜡胶囊,Forestry:waxCapsule,1xitem.for.waxCapsuleWater@0,耐火水胶囊,Forestry:waxCapsuleWater
water,2000,1xitem.capsule.magic@0,空魔力胶囊,MagicBees:capsule.magic,1xitem.capsule.magic@1,水魔力胶囊,MagicBees:capsule.magic
water,1000,1xitem.for.refractoryEmpty@0,耐火胶囊,Forestry:refractoryEmpty,1xitem.for.refractoryWater@0,耐火水胶囊,Forestry:refractoryWater
water,8000,1xitem.capsule.void@0,空虚空胶囊,MagicBees:capsule.void,1xitem.capsule.void@1,水虚空胶囊,MagicBees:capsule.void
water,1000,1xitem.iguana.tcon.clayBucketFired@0,黏土桶(烤制),IguanaTweaksTConstruct:clayBucketFired,1xitem.iguana.tcon.clayBucket.Water@0,黏土桶(水),IguanaTweaksTConstruct:clayBucketWater
water,1000,1xitem.bucket@0,铁桶,minecraft:bucket,1xitem.bucketWater@0,水桶,minecraft:water_bucket
wet.concrete,144,1xic2.itemCellEmpty@0,空单元,IC2:itemCellEmpty,1xgt.metaitem.99@947,熔融混凝土单元,gregtech:gt.metaitem.99
witchery:brew,1000,1xitem.bucket@0,铁桶,minecraft:bucket,1xitem.witchery:bucketbrew@0,酿造,witchery:bucketbrew
witchery:fluidspirit,1000,1xitem.bucket@0,铁桶,minecraft:bucket,1xitem.witchery:bucketspirit@0,精神桶,witchery:bucketspirit
witchery:hollowtears,1000,1xitem.bucket@0,铁桶,minecraft:bucket,1xitem.witchery:buckethollowtears@0,虚伪泪水桶,witchery:buckethollowtears
woodgas,1000,1xic2.itemCellEmpty@0,空单元,IC2:itemCellEmpty,1xgt.metaitem.01@30660,木炭气单元,gregtech:gt.metaitem.01
woodtar,1000,1xic2.itemCellEmpty@0,空单元,IC2:itemCellEmpty,1xgt.metaitem.01@30662,木焦油单元,gregtech:gt.metaitem.01
woodvinegar,1000,1xic2.itemCellEmpty@0,空单元,IC2:itemCellEmpty,1xgt.metaitem.01@30661,木醋酸单元,gregtech:gt.metaitem.01
xenon,1000,1xic2.itemCellEmpty@0,空单元,IC2:itemCellEmpty,1xitem.itemCellXenon@0,氙单元,miscutils:itemCellXenon
xenon,1000,1xic2.itemCellEmpty@0,空单元,IC2:itemCellEmpty,1xgt.bwMetaGeneratedcell@37,氙单元,bartworks:gt.bwMetaGeneratedcell
xenoxene,1000,1xic2.itemCellEmpty@0,空单元,IC2:itemCellEmpty,1xgt.metaitem.98@27,异氙单元,gregtech:gt.metaitem.98
xpjuice,1000,1xitem.bucket@0,铁桶,minecraft:bucket,1xitem.openblocks.filledbucket@0,液态经验桶,OpenBlocks:filledbucket
ytterbium chloride concentrate,1000,1xic2.itemCellEmpty@0,空单元,IC2:itemCellEmpty,1xgt.bwMetaGeneratedcell@11444,氯化镱浓缩液单元,bartworks:gt.bwMetaGeneratedcell
ytterbium extracting nano resin,1000,1xic2.itemCellEmpty@0,空单元,IC2:itemCellEmpty,1xgt.bwMetaGeneratedcell@11427,镱萃取纳米树脂单元,bartworks:gt.bwMetaGeneratedcell
zirconium tetrachloride solution,1000,1xic2.itemCellEmpty@0,空单元,IC2:itemCellEmpty,1xgt.bwMetaGeneratedcell@11010,四氯化锆溶液单元,bartworks:gt.bwMetaGeneratedcell
zirconiumtetrafluoride,1000,1xic2.itemCellEmpty@0,空单元,IC2:itemCellEmpty,1xitem.ZirconiumTetrafluoride@0,四氟化锆单元,miscutils:ZirconiumTetrafluoride
