ID,Name,Localized Name,Temperature,Luminosity,Density,Viscosity,Placeable,Block ID,Block Class
1,water,水,300,0,1000,1000,true,minecraft:water,cofh.asmhooks.block.BlockWater
2,lava,岩浆,1300,15,3000,6000,true,minecraft:lava,net.minecraft.block.BlockStaticLiquid
3,ic2uumatter,UU物质,300,0,3000,3000,true,IC2:fluidUuMatter,ic2.core.block.BlockIC2Fluid
4,ic2constructionfoam,建筑泡沫,300,0,10000,50000,true,IC2:fluidConstructionFoam,ic2.core.block.BlockIC2Fluid
5,ic2coolant,冷却液,300,0,1000,3000,true,IC2:fluidCoolant,ic2.core.block.BlockIC2Fluid
6,ic2hotcoolant,热冷却液,1200,0,1000,3000,true,IC2:fluidHotCoolant,ic2.core.block.BlockIC2Fluid
7,ic2pahoehoelava,熔岩岩浆,1200,10,50000,250000,true,IC2:fluidPahoehoeLava,ic2.core.block.BlockIC2Fluid
8,ic2biomass,生物质,300,0,1000,3000,true,IC2:fluidBiomass,ic2.core.block.BlockIC2Fluid
9,ic2biogas,沼气,300,0,1000,3000,true,IC2:fluidBiogas,ic2.core.block.BlockIC2Fluid
10,ic2distilledwater,蒸馏水,300,0,1000,1000,true,IC2:fluidDistilledWater,ic2.core.block.BlockIC2Fluid
11,ic2superheatedsteam,过热蒸汽,600,0,-3000,100,true,IC2:fluidSuperheatedSteam,ic2.core.block.BlockIC2Fluid
12,ic2steam,蒸汽,420,0,-800,300,true,IC2:fluidSteam,ic2.core.block.BlockIC2Fluid
13,ic2hotwater,Heated Water,350,0,1000,1000,true,IC2:fluidHotWater,ic2.core.block.BlockIC2Fluid
14,fluxgoo,咒波黏浆,300,7,8,6000,true,Thaumcraft:blockFluxGoo,thaumcraft.common.blocks.BlockFluxGoo
15,fluidpure,净化之水,300,10,1000,1000,true,Thaumcraft:blockFluidPure,thaumcraft.common.blocks.BlockFluidPure
16,fluiddeath,死亡之水,300,8,1000,1500,true,Thaumcraft:blockFluidDeath,thaumcraft.common.blocks.BlockFluidDeath
17,slime.blue,液态蓝史莱姆,300,0,1000,1000,true,TConstruct:liquid.slime,tconstruct.blocks.slime.SlimeFluid
18,iron.molten,熔融铁,1300,12,3000,6000,true,TConstruct:fluid.molten.iron,tconstruct.smeltery.blocks.TConstructFluid
19,gold.molten,熔融金,1300,12,3000,6000,true,TConstruct:fluid.molten.gold,tconstruct.smeltery.blocks.TConstructFluid
20,copper.molten,熔融铜,1300,12,3000,6000,true,TConstruct:fluid.molten.copper,tconstruct.smeltery.blocks.TConstructFluid
21,tin.molten,熔融锡,1300,12,3000,6000,true,TConstruct:fluid.molten.tin,tconstruct.smeltery.blocks.TConstructFluid
22,aluminum.molten,熔融铝,1300,12,3000,6000,true,TConstruct:fluid.molten.aluminum,tconstruct.smeltery.blocks.TConstructFluid
23,cobalt.molten,熔融钴,1300,12,3000,6000,true,TConstruct:fluid.molten.cobalt,tconstruct.smeltery.blocks.TConstructFluid
24,ardite.molten,熔融阿迪特,1300,12,3000,6000,true,TConstruct:fluid.molten.ardite,tconstruct.smeltery.blocks.TConstructFluid
25,bronze.molten,熔融青铜,1300,12,3000,6000,true,TConstruct:fluid.molten.bronze,tconstruct.smeltery.blocks.TConstructFluid
26,aluminumbrass.molten,熔融铝黄铜,1300,12,3000,6000,true,TConstruct:fluid.molten.alubrass,tconstruct.smeltery.blocks.TConstructFluid
27,manyullyn.molten,熔融玛玉灵,1300,12,3000,6000,true,TConstruct:fluid.molten.manyullyn,tconstruct.smeltery.blocks.TConstructFluid
28,alumite.molten,熔融锌曜钢,1300,12,3000,6000,true,TConstruct:fluid.molten.alumite,tconstruct.smeltery.blocks.TConstructFluid
29,obsidian.molten,熔融黑曜石,1300,12,3000,6000,true,TConstruct:fluid.molten.obsidian,tconstruct.smeltery.blocks.TConstructFluid
30,steel.molten,熔融钢,1300,12,3000,6000,true,TConstruct:fluid.molten.steel,tconstruct.smeltery.blocks.TConstructFluid
31,glass.molten,熔融玻璃,1300,12,3000,6000,true,TConstruct:fluid.molten.glass,tconstruct.smeltery.blocks.TConstructFluid
32,stone.seared,熔融石头,1300,12,3000,6000,true,TConstruct:molten.stone,tconstruct.smeltery.blocks.TConstructFluid
33,emerald.liquid,熔融绿宝石,1300,12,3000,6000,true,TConstruct:molten.emerald,tconstruct.smeltery.blocks.TConstructFluid
34,quartz.molten,熔融下界石英,1300,12,3000,6000,true,TConstruct:molten.quartz,tconstruct.smeltery.blocks.TConstructFluid
35,nickel.molten,熔融镍,1300,12,3000,6000,true,TConstruct:fluid.molten.nickel,tconstruct.smeltery.blocks.TConstructFluid
36,lead.molten,熔融铅,1300,12,3000,6000,true,TConstruct:fluid.molten.lead,tconstruct.smeltery.blocks.TConstructFluid
37,silver.molten,熔融银,1300,12,3000,6000,true,TConstruct:fluid.molten.silver,tconstruct.smeltery.blocks.TConstructFluid
38,platinum.molten,熔融铂金,1300,12,3000,6000,true,TConstruct:fluid.molten.shiny,tconstruct.smeltery.blocks.TConstructFluid
39,invar.molten,熔融殷钢,1300,12,3000,6000,true,TConstruct:fluid.molten.invar,tconstruct.smeltery.blocks.TConstructFluid
40,electrum.molten,熔融琥珀金,1300,12,3000,6000,true,TConstruct:fluid.molten.electrum,tconstruct.smeltery.blocks.TConstructFluid
41,ender,熔融末影珍珠,295,0,3000,6000,true,TConstruct:fluid.ender,tconstruct.smeltery.blocks.TConstructFluid
42,lumium.molten,熔融流明,1300,12,3000,6000,true,TConstruct:fluid.molten.lumium,tconstruct.smeltery.blocks.TConstructFluid
43,signalum.molten,熔融信素,1300,12,3000,6000,true,TConstruct:fluid.molten.signalum,tconstruct.smeltery.blocks.TConstructFluid
44,mithril.molten,熔融蕴魔金属,1300,12,3000,6000,true,TConstruct:fluid.molten.mithril,tconstruct.smeltery.blocks.TConstructFluid
45,enderium.molten,熔融末影,1300,12,3000,6000,true,TConstruct:fluid.molten.enderium,tconstruct.smeltery.blocks.TConstructFluid
46,blood,血,1300,0,3000,6000,true,TConstruct:liquid.blood,tconstruct.smeltery.blocks.BloodBlock
47,glue,凝胶,200,0,6000,6000,true,TConstruct:liquid.glue,tconstruct.smeltery.blocks.GlueFluid
48,pigiron.molten,生铁,1300,0,3000,6000,true,TConstruct:fluid.molten.pigiron,tconstruct.smeltery.blocks.PigIronMoltenBlock
49,milk,牛奶,290,0,1200,1200,false,null,null
50,melonjuice,西瓜汁,300,0,1000,1000,false,null,null
51,mushroomstew,蘑菇煲,300,0,1200,1200,false,null,null
52,oil,石油,295,0,800,10000,true,BuildCraft|Energy:blockOil,buildcraft.core.lib.block.BlockBuildCraftFluid
53,fuel,燃油,295,0,1000,1000,true,BuildCraft|Energy:blockFuel,buildcraft.core.lib.block.BlockBuildCraftFluid
54,redplasma,红等离子体,300,30,10000,10000,true,BuildCraft|Energy:blockRedPlasma,buildcraft.core.lib.block.BlockBuildCraftFluid
55,poison,毒液,300,0,1000,1000,true,BiomesOPlenty:poison,biomesoplenty.common.fluids.blocks.BlockPoisonFluid
56,hell_blood,血水,300,0,1000,1000,true,BiomesOPlenty:hell_blood,biomesoplenty.common.fluids.blocks.BlockBloodFluid
57,honey,蜂蜜,300,0,1000,1500,true,BiomesOPlenty:honey,biomesoplenty.common.fluids.blocks.BlockHoneyFluid
58,endergoo,末影黏浆,220,0,1500,1500,true,HardcoreEnderExpansion:ender_goo,chylex.hee.block.BlockEnderGoo
59,bioethanol,乙醇,295,0,790,1000,true,Forestry:fluid.bioethanol,forestry.core.fluids.BlockForestryFluid
60,biomass,生物质,295,0,400,6560,true,Forestry:fluid.biomass,forestry.core.fluids.BlockForestryFluid
61,glass,液态玻璃,1200,0,2400,10000,true,Forestry:fluid.glass,forestry.core.fluids.BlockForestryFluid
62,for.honey,蜂蜜,295,0,1420,73600,true,Forestry:fluid.honey,forestry.core.fluids.BlockForestryFluid
63,ice,碎冰,265,0,920,1000,true,Forestry:fluid.ice,forestry.core.fluids.BlockForestryFluid
64,juice,果汁,295,0,1000,1000,true,Forestry:fluid.juice,forestry.core.fluids.BlockForestryFluid
65,seedoil,种子油,295,0,885,5000,true,Forestry:fluid.seedoil,forestry.core.fluids.BlockForestryFluid
66,short.mead,蜂蜜酒,295,0,1000,1200,true,Forestry:fluid.short.mead,forestry.core.fluids.BlockForestryFluid
67,mead,蜂蜜陈酿,295,0,1000,1200,true,Forestry:fluid.mead,forestry.core.fluids.BlockForestryFluid
68,creosote,杂酚油,295,0,800,1500,true,Railcraft:fluid.creosote,mods.railcraft.common.fluids.BlockRailcraftFluid
69,steam,蒸汽,375,0,-1000,500,true,Railcraft:fluid.steam,mods.railcraft.common.fluids.BlockRailcraftFluidFinite
70,nutrient_distillation,营养精华液,300,0,1500,3000,true,EnderIO:blockNutrient_distillation,crazypants.enderio.fluid.BlockFluidEio
71,hootch,烈酒,300,0,900,1000,true,EnderIO:blockHootch,crazypants.enderio.fluid.BlockFluidEio
72,rocket_fuel,火箭燃料,295,0,900,1000,true,EnderIO:blockRocket_fuel,crazypants.enderio.fluid.BlockFluidEio
73,fire_water,火焰水,2600,0,900,1000,true,EnderIO:blockFire_water,crazypants.enderio.fluid.BlockFluidEio
74,liquid_sunshine,液态阳光,300,0,200,400,true,EnderIO:blockLiquid_sunshine,crazypants.enderio.fluid.BlockFluidEio
75,cloud_seed,云之精华,300,0,500,800,true,EnderIO:blockCloud_seed,crazypants.enderio.fluid.BlockFluidEio
76,cloud_seed_concentrated,浓缩云之精华,300,0,1000,1200,true,EnderIO:blockCloud_seed_concentrated,crazypants.enderio.fluid.BlockFluidEio
77,ender_distillation,深渊露水,175,0,200,1000,true,EnderIO:blockEnder_distillation,crazypants.enderio.fluid.BlockFluidEio
78,vapor_of_levity,轻盈之气,5,0,-10,100,true,EnderIO:blockVapor_of_levity,crazypants.enderio.fluid.BlockFluidEio
79,gelatinmixture,明胶混合物,300,0,1000,1000,false,null,null
80,meatextract,肉类提取物,300,0,1000,1000,false,null,null
81,unknownnutrientagar,未知营养琼脂,300,0,1000,1000,false,null,null
82,seaweedbroth,海藻基质,300,0,1000,1000,false,null,null
83,concrete,混凝土,300,0,1000,1000,true,dreamcraft:dreamcraft_Concrete,eu.usrv.yamcore.fluids.ModSimpleBaseFluid
84,fluidmilk,牛奶,300,0,1000,1050,true,Automagy:blockFluidMilk,tuhljin.automagy.blocks.fluid.BlockFluidMilk
85,fluidmushroom,蘑菇汤,300,0,1000,1500,true,Automagy:blockFluidMushroom,tuhljin.automagy.blocks.fluid.BlockFluidMushroom
86,fluidvishroom,毒菇汤,300,8,1000,1500,true,Automagy:blockFluidVishroom,tuhljin.automagy.blocks.fluid.BlockFluidVishroom
87,lifeessence,Life Essence,295,0,2000,2000,true,AWWayofTime:lifeEssence,WayofTime.alchemicalWizardry.common.block.LifeEssenceBlock
88,acid,酸,300,0,1000,1000,false,null,null
89,sap,树液,300,0,1000,1000,false,null,null
90,resin,树脂,300,0,1000,1000,false,null,null
91,latex,乳胶,300,0,1000,1000,false,null,null
92,turpentine,松节油,300,0,1000,1000,false,null,null
93,binnie.growthmedium,培养基,300,0,1000,1000,false,null,null
94,binnie.bacteria,细菌,300,0,1000,1000,false,null,null
95,binnie.bacteriapoly,聚合菌,300,0,1000,1000,false,null,null
96,binnie.dna.raw,原生 DNA,300,0,1000,1000,false,null,null
97,binnie.bacteriavector,细菌质粒,300,0,1000,1000,false,null,null
98,witchery:fluidspirit,精神,300,0,500,2000,true,witchery:spiritflowing,com.emoniph.witchery.blocks.BlockFlowingSpirit
99,witchery:hollowtears,虚伪泪水,300,0,100,1500,true,witchery:hollowtears,com.emoniph.witchery.blocks.BlockFlowingSpirit
100,witchery:brew,酿造,300,0,100,1500,true,witchery:brew,com.emoniph.witchery.brewing.BlockBrew
101,witchery:brewgas,气态酿造,300,0,1000,1000,false,null,null
102,witchery:brewliquid,液态酿造,300,0,1000,1000,true,witchery:brewliquid,com.emoniph.witchery.brewing.BlockBrewLiquidEffect
103,witchery:fluiddisease,液态瘟疫,300,0,50,3000,true,witchery:disease,com.emoniph.witchery.blocks.BlockDisease
104,mutagen,诱变剂,295,0,1000,1000,true,gendustry:fluid.Mutagen,net.bdew.gendustry.fluids.BlockFluid
105,liquiddna,液态DNA,295,0,1000,1000,true,gendustry:fluid.LiquidDNA,net.bdew.gendustry.fluids.BlockFluid
106,protein,蛋白质,295,0,1000,1000,true,gendustry:fluid.Protein,net.bdew.gendustry.fluids.BlockFluid
107,air,空气,295,0,-100,200,false,null,null
108,liquidoxygen,液氧,60,0,-100,200,false,null,null
109,liquidnitrogen,液氮,77,0,-100,200,false,null,null
110,liquidair,液态空气,77,0,1000,1000,false,null,null
111,oxygen,氧,295,0,-100,200,false,null,null
112,hydrogen,氢,295,0,-100,200,false,null,null
113,deuterium,氘,295,0,-100,200,false,null,null
114,tritium,氚,295,0,-100,200,false,null,null
115,helium,氦,295,0,-100,200,false,null,null
116,argon,氩,295,0,-100,200,false,null,null
117,radon,氡,295,0,-100,200,false,null,null
118,fluorine,氟,53,0,-100,200,false,null,null
119,titaniumtetrachloride,四氯化钛,295,0,1000,1000,false,null,null
120,helium-3,氦-3,295,0,-100,200,false,null,null
121,methane,甲烷,295,0,-100,200,false,null,null
122,nitrogen,氮,295,0,-100,200,false,null,null
123,nitrogendioxide,二氧化氮,295,0,-100,200,false,null,null
124,liquid_extra_heavy_oil,极重油,295,0,1000,1000,false,null,null
125,liquid_epichlorhydrin,环氧氯丙烷,295,0,1000,1000,false,null,null
126,liquid_drillingfluid,钻井液,295,0,1000,1000,false,null,null
127,liquid_toluene,甲苯,295,0,1000,1000,false,null,null
128,liquid_nitrationmixture,硝酸混酸,295,0,1000,1000,false,null,null
129,liquid_heavy_oil,重油,295,0,1000,1000,false,null,null
130,liquid_medium_oil,原油,295,0,1000,1000,false,null,null
131,liquid_light_oil,轻油,295,0,1000,1000,false,null,null
132,gas_natural_gas,天然气,295,0,-100,200,false,null,null
133,liquid_hydricsulfur,硫化氢,295,0,-100,200,false,null,null
134,gas_sulfuricgas,含硫炼油气,295,0,-100,200,false,null,null
135,gas_gas,炼油气,295,0,-100,200,false,null,null
136,liquid_sulfuricnaphtha,含硫石脑油,295,0,1000,1000,false,null,null
137,liquid_sufluriclight_fuel,含硫轻燃油,295,0,1000,1000,false,null,null
138,liquid_sulfuricheavy_fuel,含硫重燃油,295,0,1000,1000,false,null,null
139,liquid_naphtha,石脑油,295,0,1000,1000,false,null,null
140,liquid_light_fuel,轻燃油,295,0,1000,1000,false,null,null
141,liquid_heavy_fuel,重燃油,295,0,1000,1000,false,null,null
142,liquid_lpg,液化石油气,295,0,1000,1000,false,null,null
143,charcoal_byproducts,木炭副产,775,0,-100,200,false,null,null
144,molten.bisphenol_a,熔融双酚A,432,0,1000,1000,false,null,null
145,uuamplifier,UU增幅液体,295,0,1000,1000,false,null,null
146,chlorine,氯,295,0,-100,200,false,null,null
147,mercury,汞,295,0,1000,1000,false,null,null
148,nitrofuel,高十六烷值柴油,295,0,1000,1000,false,null,null
149,sodiumpersulfate,过硫酸钠,295,0,1000,1000,false,null,null
150,glyceryl,硝化甘油,295,0,1000,1000,false,null,null
151,lubricant,润滑油,295,0,1000,1000,false,null,null
152,fishoil,鱼油,295,0,1000,1000,false,null,null
153,sulfuricacid,硫酸,295,0,1000,1000,false,null,null
154,mcguffium,麦高芬239,295,0,1000,1000,false,null,null
155,refinedglue,精制胶水,295,0,1000,1000,false,null,null
156,hotfryingoil,热煎炸油,400,0,1000,1000,false,null,null
157,sodiumpotassium,钠钾合金,295,0,1000,1000,false,null,null
158,pollution,污染,295,0,1000,1000,false,null,null
159,enrichedbacterialsludge,富集菌泥,300,15,1000,1000,false,null,null
160,fermentedbacterialsludge,发酵菌泥,300,8,1000,1000,false,null,null
161,dimensionallytranscendentresidue,超维度残留,2000000000,0,1000,1000,false,null,null
162,exciteddtcc,激发的粗制超维度催化剂,500000000,0,1000,1000,false,null,null
163,exciteddtpc,激发的平凡超维度催化剂,500000000,0,1000,1000,false,null,null
164,exciteddtrc,激发的光辉超维度催化剂,500000000,0,1000,1000,false,null,null
165,exciteddtec,激发的异星超维度催化剂,500000000,0,1000,1000,false,null,null
166,exciteddtsc,激发的恒星超维度催化剂,500000000,0,1000,1000,false,null,null
167,rawstarmatter,浓缩原始恒星等离子体混合物,10000000,0,1000,1000,false,null,null
168,spatialfluid,扩大化空间流体,0,0,1000,1000,false,null,null
169,temporalfluid,富快子时间流体,0,0,1000,1000,false,null,null
170,primordialmatter,流体本源物质,2000000000,0,1000,1000,false,null,null
171,quarkgluonplasma,简并夸克胶子等离子体,2000000000,0,1000,1000,false,null,null
172,phononmedium,无损声子传输介质,500,0,1000,1000,false,null,null
173,phononcrystalsolution,饱和声子晶体溶液,500,0,1000,1000,false,null,null
174,antimatter,半稳定反物质,1000000,0,1000,1000,false,null,null
175,protomatter,元始物质,1,0,1000,1000,false,null,null
176,plasma.infinity,无尽等离子体,10000,15,55536,10,false,null,null
177,plasma.bedrockium,基岩等离子体,10000,15,55536,10,false,null,null
178,plasma.cosmicneutronium,宇宙中子态素等离子体,10000,15,55536,10,false,null,null
179,molten.cosmicneutronium,熔融宇宙中子态素,9900,15,1000,1000,false,null,null
180,plasma.ichorium,灵宝等离子体,9000,15,55536,10,false,null,null
181,molten.ichorium,熔融灵宝,9000,15,1000,1000,false,null,null
182,inactivecosmicsolder,惰性寰宇焊料,1000000,0,1000,1000,false,null,null
183,boundlesscosmicsolder,无界寰宇焊料,1000000,0,1000,1000,false,null,null
184,computationbase,算力基底,100000000,15,1000,1000,false,null,null
185,fieryblood,炽热的血液,6400,0,1000,1000,false,null,null
186,holywater,圣水,295,0,1000,1000,false,null,null
187,squidink,墨水,295,0,1000,1000,false,null,null
188,indigo,靛蓝染料,295,0,1000,1000,false,null,null
189,dye.watermixed.dyeblack,水溶黑色染料,295,0,1000,1000,false,null,null
190,dye.chemical.dyeblack,黑色化学染料,295,0,1000,1000,false,null,null
191,dye.watermixed.dyered,水溶红色染料,295,0,1000,1000,false,null,null
192,dye.chemical.dyered,红色化学染料,295,0,1000,1000,false,null,null
193,dye.watermixed.dyegreen,水溶绿色染料,295,0,1000,1000,false,null,null
194,dye.chemical.dyegreen,绿色化学染料,295,0,1000,1000,false,null,null
195,dye.watermixed.dyebrown,水溶棕色染料,295,0,1000,1000,false,null,null
196,dye.chemical.dyebrown,棕色化学染料,295,0,1000,1000,false,null,null
197,dye.watermixed.dyeblue,水溶蓝色染料,295,0,1000,1000,false,null,null
198,dye.chemical.dyeblue,蓝色化学染料,295,0,1000,1000,false,null,null
199,dye.watermixed.dyepurple,水溶紫色染料,295,0,1000,1000,false,null,null
200,dye.chemical.dyepurple,紫色化学染料,295,0,1000,1000,false,null,null
201,dye.watermixed.dyecyan,水溶青色染料,295,0,1000,1000,false,null,null
202,dye.chemical.dyecyan,青色化学染料,295,0,1000,1000,false,null,null
203,dye.watermixed.dyelightgray,水溶淡灰色染料,295,0,1000,1000,false,null,null
204,dye.chemical.dyelightgray,淡灰色化学染料,295,0,1000,1000,false,null,null
205,dye.watermixed.dyegray,水溶灰色染料,295,0,1000,1000,false,null,null
206,dye.chemical.dyegray,灰色化学染料,295,0,1000,1000,false,null,null
207,dye.watermixed.dyepink,水溶粉色染料,295,0,1000,1000,false,null,null
208,dye.chemical.dyepink,粉色化学染料,295,0,1000,1000,false,null,null
209,dye.watermixed.dyelime,水溶黄绿色染料,295,0,1000,1000,false,null,null
210,dye.chemical.dyelime,黄绿色化学染料,295,0,1000,1000,false,null,null
211,dye.watermixed.dyeyellow,水溶黄色染料,295,0,1000,1000,false,null,null
212,dye.chemical.dyeyellow,黄色化学染料,295,0,1000,1000,false,null,null
213,dye.watermixed.dyelightblue,水溶淡蓝色染料,295,0,1000,1000,false,null,null
214,dye.chemical.dyelightblue,淡蓝色化学染料,295,0,1000,1000,false,null,null
215,dye.watermixed.dyemagenta,水溶品红色染料,295,0,1000,1000,false,null,null
216,dye.chemical.dyemagenta,品红色化学染料,295,0,1000,1000,false,null,null
217,dye.watermixed.dyeorange,水溶橙色染料,295,0,1000,1000,false,null,null
218,dye.chemical.dyeorange,橙色化学染料,295,0,1000,1000,false,null,null
219,dye.watermixed.dyewhite,水溶白色染料,295,0,1000,1000,false,null,null
220,dye.chemical.dyewhite,白色化学染料,295,0,1000,1000,false,null,null
221,molten.glass,熔融玻璃,1500,3,1000,1000,false,null,null
222,molten.redstone,熔融红石,500,0,1000,1000,false,null,null
223,molten.blaze,熔融烈焰,6400,15,1000,1000,false,null,null
224,wet.concrete,湿混凝土,300,0,1000,1000,false,null,null
225,molten.granitered,熔融红花岗岩,1520,3,1000,1000,false,null,null
226,molten.graniteblack,熔融黑花岗岩,1520,3,1000,1000,false,null,null
227,activatednetherite,活性下界合金,50000000,15,1000,1000,false,null,null
228,carbondioxide,二氧化碳,295,0,-100,200,false,null,null
229,ammonia,氨,295,0,-100,200,false,null,null
230,molten.aluminium,熔融铝,933,0,1000,1000,false,null,null
231,plasma.aluminium,铝等离子体,10000,15,55536,10,false,null,null
232,molten.americium,熔融镅,1449,3,1000,1000,false,null,null
233,plasma.americium,镅等离子体,10000,15,55536,10,false,null,null
234,molten.antimony,熔融锑,903,0,1000,1000,false,null,null
235,plasma.antimony,锑等离子体,10000,15,55536,10,false,null,null
236,plasma.argon,氩等离子体,10000,15,55536,10,false,null,null
237,molten.arsenic,熔融砷,1090,1,1000,1000,false,null,null
238,plasma.arsenic,砷等离子体,10000,15,55536,10,false,null,null
239,molten.barium,熔融钡,1000,1,1000,1000,false,null,null
240,plasma.barium,钡等离子体,10000,15,55536,10,false,null,null
241,molten.beryllium,熔融铍,1560,4,1000,1000,false,null,null
242,plasma.beryllium,铍等离子体,10000,15,55536,10,false,null,null
243,molten.bismuth,熔融铋,544,0,1000,1000,false,null,null
244,plasma.bismuth,铋等离子体,10000,15,55536,10,false,null,null
245,molten.boron,熔融硼,2349,8,1000,1000,false,null,null
246,plasma.boron,硼等离子体,10000,15,55536,10,false,null,null
247,molten.caesium,熔融铯,301,0,1000,1000,false,null,null
248,plasma.caesium,铯等离子体,10000,15,55536,10,false,null,null
249,plasma.calcium,钙等离子体,10000,15,55536,10,false,null,null
250,plasma.carbon,碳等离子体,10000,15,55536,10,false,null,null
251,plasma.cadmium,镉等离子体,10000,15,55536,10,false,null,null
252,molten.cerium,熔融铈,1068,1,1000,1000,false,null,null
253,plasma.cerium,铈等离子体,10000,15,55536,10,false,null,null
254,plasma.chlorine,氯等离子体,10000,15,55536,10,false,null,null
255,molten.chrome,熔融铬,2180,7,1000,1000,false,null,null
256,plasma.chrome,铬等离子体,10000,15,55536,10,false,null,null
257,molten.cobalt,熔融钴,1768,5,1000,1000,false,null,null
258,plasma.cobalt,钴等离子体,10000,15,55536,10,false,null,null
259,molten.copper,熔融铜,1357,2,1000,1000,false,null,null
260,plasma.copper,铜等离子体,10000,15,55536,10,false,null,null
261,molten.desh,熔融戴斯,2500,9,1000,1000,false,null,null
262,plasma.desh,戴斯等离子体,10000,15,55536,10,false,null,null
263,molten.dysprosium,熔融镝,1680,4,1000,1000,false,null,null
264,plasma.dysprosium,镝等离子体,10000,15,55536,10,false,null,null
265,plasma.empty,空等离子体,10000,15,55536,10,false,null,null
266,molten.erbium,熔融铒,1802,5,1000,1000,false,null,null
267,plasma.erbium,铒等离子体,10000,15,55536,10,false,null,null
268,molten.europium,熔融铕,1099,1,1000,1000,false,null,null
269,plasma.europium,铕等离子体,10000,15,55536,10,false,null,null
270,molten.flerovium_gt5u,熔融,1000,1,1000,1000,false,null,null
271,plasma.flerovium_gt5u,等离子体,10000,15,55536,10,false,null,null
272,plasma.fluorine,氟等离子体,10000,15,55536,10,false,null,null
273,plasma.francium_gt5u,钫等离子体,10000,15,55536,10,false,null,null
274,molten.gadolinium,熔融钆,1585,4,1000,1000,false,null,null
275,plasma.gadolinium,钆等离子体,10000,15,55536,10,false,null,null
276,molten.gallium,熔融镓,302,0,1000,1000,false,null,null
277,plasma.gallium,镓等离子体,10000,15,55536,10,false,null,null
278,molten.gold,熔融金,1337,2,1000,1000,false,null,null
279,plasma.gold,金等离子体,10000,15,55536,10,false,null,null
280,molten.holmium,熔融钬,1734,5,1000,1000,false,null,null
281,plasma.holmium,钬等离子体,10000,15,55536,10,false,null,null
282,plasma.hydrogen,氢等离子体,10000,15,55536,10,false,null,null
283,plasma.helium,氦等离子体,10000,15,55536,10,false,null,null
284,molten.indium,熔融铟,429,0,1000,1000,false,null,null
285,plasma.indium,铟等离子体,10000,15,55536,10,false,null,null
286,molten.iridium,熔融铱,2719,10,1000,1000,false,null,null
287,plasma.iridium,铱等离子体,10000,15,55536,10,false,null,null
288,molten.iron,熔融铁,1811,5,1000,1000,false,null,null
289,plasma.iron,铁等离子体,10000,15,55536,10,false,null,null
290,molten.lanthanum,熔融镧,1193,2,1000,1000,false,null,null
291,plasma.lanthanum,镧等离子体,10000,15,55536,10,false,null,null
292,molten.lead,熔融铅,600,0,1000,1000,false,null,null
293,plasma.lead,铅等离子体,10000,15,55536,10,false,null,null
294,molten.lithium,熔融锂,454,0,1000,1000,false,null,null
295,plasma.lithium,锂等离子体,10000,15,55536,10,false,null,null
296,molten.lutetium,熔融镥,1925,6,1000,1000,false,null,null
297,plasma.lutetium,镥等离子体,10000,15,55536,10,false,null,null
298,molten.magic,熔融魔力,5000,15,1000,1000,false,null,null
299,plasma.magic,魔力等离子体,10000,15,55536,10,false,null,null
300,molten.magnesium,熔融镁,923,0,1000,1000,false,null,null
301,plasma.magnesium,镁等离子体,10000,15,55536,10,false,null,null
302,molten.manganese,熔融锰,1519,3,1000,1000,false,null,null
303,plasma.manganese,锰等离子体,10000,15,55536,10,false,null,null
304,plasma.mercury,汞等离子体,10000,15,55536,10,false,null,null
305,molten.meteoriciron,熔融陨铁,1811,5,1000,1000,false,null,null
306,plasma.meteoriciron,陨铁等离子体,10000,15,55536,10,false,null,null
307,molten.molybdenum,熔融钼,2896,11,1000,1000,false,null,null
308,plasma.molybdenum,钼等离子体,10000,15,55536,10,false,null,null
309,molten.naquadah,熔融硅岩,5400,15,1000,1000,false,null,null
310,plasma.naquadah,硅岩等离子体,10000,15,55536,10,false,null,null
311,molten.neodymium,熔融钕,1297,2,1000,1000,false,null,null
312,plasma.neodymium,钕等离子体,10000,15,55536,10,false,null,null
313,molten.neutronium,熔融中子,10000,15,1000,1000,false,null,null
314,plasma.neutronium,中子等离子体,10000,15,55536,10,false,null,null
315,molten.nickel,熔融镍,1728,5,1000,1000,false,null,null
316,plasma.nickel,镍等离子体,10000,15,55536,10,false,null,null
317,molten.niobium,熔融铌,2750,10,1000,1000,false,null,null
318,plasma.niobium,铌等离子体,10000,15,55536,10,false,null,null
319,plasma.nitrogen,氮等离子体,10000,15,55536,10,false,null,null
320,plasma.null,NULL等离子体,10000,15,55536,10,false,null,null
321,molten.oriharukon,熔融奥利哈钢,5400,15,1000,1000,false,null,null
322,plasma.oriharukon,奥利哈钢等离子体,10000,15,55536,10,false,null,null
323,molten.osmium,熔融锇,3306,13,1000,1000,false,null,null
324,plasma.osmium,锇等离子体,10000,15,55536,10,false,null,null
325,plasma.oxygen,氧等离子体,10000,15,55536,10,false,null,null
326,molten.palladium,熔融钯,1828,5,1000,1000,false,null,null
327,plasma.palladium,钯等离子体,10000,15,55536,10,false,null,null
328,plasma.phosphorus,磷等离子体,10000,15,55536,10,false,null,null
329,molten.platinum,熔融铂,2041,6,1000,1000,false,null,null
330,plasma.platinum,铂等离子体,10000,15,55536,10,false,null,null
331,molten.plutonium,熔融钚-239,912,0,1000,1000,false,null,null
332,plasma.plutonium,钚-239等离子体,10000,15,55536,10,false,null,null
333,molten.potassium,熔融钾,336,0,1000,1000,false,null,null
334,plasma.potassium,钾等离子体,10000,15,55536,10,false,null,null
335,molten.praseodymium,熔融镨,1208,2,1000,1000,false,null,null
336,plasma.praseodymium,镨等离子体,10000,15,55536,10,false,null,null
337,molten.promethium,熔融钷,1315,2,1000,1000,false,null,null
338,plasma.promethium,钷等离子体,10000,15,55536,10,false,null,null
339,plasma.radon,氡等离子体,10000,15,55536,10,false,null,null
340,molten.rubidium,熔融铷,312,0,1000,1000,false,null,null
341,plasma.rubidium,铷等离子体,10000,15,55536,10,false,null,null
342,molten.samarium,熔融钐,1345,2,1000,1000,false,null,null
343,plasma.samarium,钐等离子体,10000,15,55536,10,false,null,null
344,molten.scandium,熔融钪,1814,5,1000,1000,false,null,null
345,plasma.scandium,钪等离子体,10000,15,55536,10,false,null,null
346,molten.silicon,熔融生硅,2273,8,1000,1000,false,null,null
347,plasma.silicon,生硅等离子体,10000,15,55536,10,false,null,null
348,molten.silver,熔融银,1234,2,1000,1000,false,null,null
349,plasma.silver,银等离子体,10000,15,55536,10,false,null,null
350,plasma.sodium,钠等离子体,10000,15,55536,10,false,null,null
351,molten.strontium,熔融锶,1050,1,1000,1000,false,null,null
352,plasma.strontium,锶等离子体,10000,15,55536,10,false,null,null
353,plasma.sulfur,硫等离子体,10000,15,55536,10,false,null,null
354,molten.tantalum,熔融钽,3290,13,1000,1000,false,null,null
355,plasma.tantalum,钽等离子体,10000,15,55536,10,false,null,null
356,molten.tellurium,熔融碲,722,0,1000,1000,false,null,null
357,plasma.tellurium,碲等离子体,10000,15,55536,10,false,null,null
358,molten.terbium,熔融铽,1629,4,1000,1000,false,null,null
359,plasma.terbium,铽等离子体,10000,15,55536,10,false,null,null
360,molten.thorium,熔融钍,2115,7,1000,1000,false,null,null
361,plasma.thorium,钍等离子体,10000,15,55536,10,false,null,null
362,molten.thulium,熔融铥,1818,5,1000,1000,false,null,null
363,plasma.thulium,铥等离子体,10000,15,55536,10,false,null,null
364,molten.tin,熔融锡,505,0,1000,1000,false,null,null
365,plasma.tin,锡等离子体,10000,15,55536,10,false,null,null
366,molten.titanium,熔融钛,1941,6,1000,1000,false,null,null
367,plasma.titanium,钛等离子体,10000,15,55536,10,false,null,null
368,molten.tritanium,熔融三钛,9900,15,1000,1000,false,null,null
369,plasma.tritanium,三钛等离子体,10000,15,55536,10,false,null,null
370,molten.tungsten,熔融钨,3695,15,1000,1000,false,null,null
371,plasma.tungsten,钨等离子体,10000,15,55536,10,false,null,null
372,molten.uranium,熔融铀-238,1405,3,1000,1000,false,null,null
373,plasma.uranium,铀-238等离子体,10000,15,55536,10,false,null,null
374,molten.vanadium,熔融钒,2183,7,1000,1000,false,null,null
375,plasma.vanadium,钒等离子体,10000,15,55536,10,false,null,null
376,molten.ytterbium,熔融镱,1097,1,1000,1000,false,null,null
377,plasma.ytterbium,镱等离子体,10000,15,55536,10,false,null,null
378,molten.yttrium,熔融钇,1799,5,1000,1000,false,null,null
379,plasma.yttrium,钇等离子体,10000,15,55536,10,false,null,null
380,molten.zinc,熔融锌,692,0,1000,1000,false,null,null
381,plasma.zinc,锌等离子体,10000,15,55536,10,false,null,null
382,plasma.deuterium,氘等离子体,10000,15,55536,10,false,null,null
383,plasma.helium_3,氦-3等离子体,10000,15,55536,10,false,null,null
384,molten.plutonium241,熔融钚-241,912,0,1000,1000,false,null,null
385,plasma.plutonium241,钚-241等离子体,10000,15,55536,10,false,null,null
386,plasma.tritium,氚等离子体,10000,15,55536,10,false,null,null
387,molten.uranium235,熔融铀-235,1405,3,1000,1000,false,null,null
388,plasma.uranium235,铀-235等离子体,10000,15,55536,10,false,null,null
389,flocculationwasteliquid,絮凝废液,273,0,1000,1000,false,null,null
390,grade1purifiedwater,过滤澄清水（一级净化水）,273,0,1000,1000,false,null,null
391,grade2purifiedwater,臭氧处理水（二级净化水）,273,0,1000,1000,false,null,null
392,grade3purifiedwater,絮凝沉降水（三级净化水）,273,0,1000,1000,false,null,null
393,grade4purifiedwater,酸碱中和水（四级净化水）,273,0,1000,1000,false,null,null
394,grade5purifiedwater,极温净化水（五级净化水）,273,0,1000,1000,false,null,null
395,grade6purifiedwater,紫外辐照水（六级净化水）,273,0,1000,1000,false,null,null
396,grade7purifiedwater,去杂脱气水（七级净化水）,273,0,1000,1000,false,null,null
397,grade8purifiedwater,理想微粒水（八级净化水）,273,0,1000,1000,false,null,null
398,molten.darkthaumium,熔融神秘玄铁,1000,1,1000,1000,false,null,null
399,molten.draconium,熔融龙,5000,15,1000,1000,false,null,null
400,plasma.draconium,龙等离子体,10000,15,55536,10,false,null,null
401,molten.draconiumawakened,熔融觉醒龙,9900,15,1000,1000,false,null,null
402,plasma.draconiumawakened,觉醒龙等离子体,10000,15,55536,10,false,null,null
403,molten.heeendium,熔融终末,1000,1,1000,1000,false,null,null
404,molten.phasedgold,熔融相移金,1000,1,1000,1000,false,null,null
405,molten.phasediron,熔融相移铁,3300,13,1000,1000,false,null,null
406,molten.serpentine,熔融蛇纹石,1000,1,1000,1000,false,null,null
407,molten.teslatite,熔融特斯拉金属,1000,1,1000,1000,false,null,null
408,molten.adamantium,熔融精金,7200,15,1000,1000,false,null,null
409,molten.adluorite,熔融亚荧石,1000,1,1000,1000,false,null,null
410,molten.alduorite,熔融神秘蓝金,6600,15,1000,1000,false,null,null
411,molten.amordrine,熔融魔力之石,1000,1,1000,1000,false,null,null
412,molten.ardite,熔融阿迪特,1600,4,1000,1000,false,null,null
413,plasma.ardite,阿迪特等离子体,10000,15,55536,10,false,null,null
414,molten.aredrite,熔融希尔金,1000,1,1000,1000,false,null,null
415,molten.blutonium,熔融蓝钚,1000,1,1000,1000,false,null,null
416,molten.ceruclase,熔融暗影秘银,6600,15,1000,1000,false,null,null
417,molten.darkiron,熔融玄铁,1000,1,1000,1000,false,null,null
418,molten.desichalkos,熔融虚空之魂石,1000,1,1000,1000,false,null,null
419,molten.duranium,熔融铿铀,1000,1,1000,1000,false,null,null
420,molten.electrumflux,熔融通流琥珀金,9000,15,1000,1000,false,null,null
421,molten.enderiumbase,熔融末影粗胚,3600,15,1000,1000,false,null,null
422,molten.fierysteel,熔融炽热的钢,1811,5,1000,1000,false,null,null
423,molten.force,熔融力量,1000,1,1000,1000,false,null,null
424,molten.glowstone,熔融荧石,1000,1,1000,1000,false,null,null
425,molten.hematite,熔融赤铁矿,1000,1,1000,1000,false,null,null
426,molten.hsla,熔融HSLA钢,1811,5,1000,1000,false,null,null
427,molten.infusedgold,熔融注魔金,1000,1,1000,1000,false,null,null
428,molten.mercassium,熔融玛卡斯,1000,1,1000,1000,false,null,null
429,molten.meteoricsteel,熔融陨钢,1811,5,1000,1000,false,null,null
430,molten.naquadahalloy,熔融硅岩合金,7200,15,1000,1000,false,null,null
431,molten.naquadahenriched,熔融富集硅岩,4500,15,1000,1000,false,null,null
432,molten.naquadria,熔融超能硅岩,9000,15,1000,1000,false,null,null
433,plasma.naquadria,超能硅岩等离子体,10000,15,55536,10,false,null,null
434,molten.obsidianflux,熔融通流黑曜石,1000,1,1000,1000,false,null,null
435,molten.orichalcum,熔融山铜,6000,15,1000,1000,false,null,null
436,molten.osmonium,熔融幻锇,1000,1,1000,1000,false,null,null
437,molten.phoenixite,熔融凤晶,1000,1,1000,1000,false,null,null
438,molten.rubracium,熔融褐铜,1000,1,1000,1000,false,null,null
439,molten.tartarite,熔融熔火之石,10400,15,1000,1000,false,null,null
440,molten.void,熔融虚空金属,1000,1,1000,1000,false,null,null
441,molten.vulcanite,熔融胶木,8400,15,1000,1000,false,null,null
442,molten.vyroxeres,熔融幽冥剧毒结晶,5400,15,1000,1000,false,null,null
443,molten.yellorium,熔融黄铀,1000,1,1000,1000,false,null,null
444,molten.zectium,熔融泽克防爆石,1000,1,1000,1000,false,null,null
445,molten.cheese,熔融奶酪,320,0,1000,1000,false,null,null
446,fermentedbiomass,发酵生物质,295,0,1000,1000,false,null,null
447,advancedglue,高级胶水,295,0,1000,1000,false,null,null
448,molten.reinforced,熔融强化,1000,1,1000,1000,false,null,null
449,weedex9000,除草剂-9000,295,0,1000,1000,false,null,null
450,woodgas,木炭气,295,0,-100,200,false,null,null
451,woodtar,木焦油,295,0,1000,1000,false,null,null
452,woodvinegar,木醋酸,295,0,1000,1000,false,null,null
453,molten.aluminiumbrass,熔融铝黄铜,1000,1,1000,1000,false,null,null
454,molten.osmiridium,熔融铱锇合金,3500,15,1000,1000,false,null,null
455,molten.sunnarium,熔融阳光化合物,4200,15,1000,1000,false,null,null
456,aceticacid,乙酸,289,0,1000,1000,false,null,null
457,acetone,丙酮,178,0,1000,1000,false,null,null
458,allylchloride,烯丙基氯,138,0,1000,1000,false,null,null
459,molten.annealedcopper,熔融退火铜,1357,2,1000,1000,false,null,null
460,molten.batteryalloy,熔融电池合金,660,0,1000,1000,false,null,null
461,benzene,苯,279,0,1000,1000,false,null,null
462,molten.brass,熔融黄铜,1190,2,1000,1000,false,null,null
463,molten.bronze,熔融青铜,1144,1,1000,1000,false,null,null
464,chlorobenzene,氯苯,228,0,1000,1000,false,null,null
465,molten.chromiumdioxide,熔融二氧化铬,650,0,1000,1000,false,null,null
466,molten.cupronickel,熔融白铜,1542,4,1000,1000,false,null,null
467,molten.deepiron,熔融深渊铁,7500,15,1000,1000,false,null,null
468,dilutedhydrochloricacid_gt5u,稀盐酸,92,0,1000,1000,false,null,null
469,molten.electrum,熔融琥珀金,1285,2,1000,1000,false,null,null
470,molten.epoxid,熔融环氧树脂,400,0,1000,1000,false,null,null
471,molten.invar,熔融殷钢,1783,5,1000,1000,false,null,null
472,molten.kanthal,熔融坎塔尔合金,1800,5,1000,1000,false,null,null
473,molten.magnalium,熔融镁铝合金,929,0,1000,1000,false,null,null
474,molten.nichrome,熔融镍铬合金,2700,10,1000,1000,false,null,null
475,molten.nickelzincferrite,熔融镍锌铁氧体,721,0,1000,1000,false,null,null
476,molten.niobiumnitride,熔融氮化铌,2573,9,1000,1000,false,null,null
477,molten.niobiumtitanium,熔融铌钛合金,4500,15,1000,1000,false,null,null
478,noblegases,稀有气体,295,0,-100,200,false,null,null
479,molten.obsidian,熔融黑曜石,642,0,1000,1000,false,null,null
480,molten.pigiron,熔融生铁,1000,1,1000,1000,false,null,null
481,molten.polycaprolactam,熔融聚己内酰胺（PCL）,500,0,1000,1000,false,null,null
482,molten.plastic,熔融聚乙烯（PE）,400,0,1000,1000,false,null,null
483,molten.polytetrafluoroethylene,熔融聚四氟乙烯（PTFE）,600,0,1000,1000,false,null,null
484,molten.rubber,熔融橡胶,400,0,1000,1000,false,null,null
485,molten.silicone,熔融硅橡胶,900,0,1000,1000,false,null,null
486,densesteam,致密蒸汽,-1,0,-100,200,false,null,null
487,densesuperheatedsteam,过热致密蒸汽,-1,0,-100,200,false,null,null
488,densesupercriticalsteam,超临界致密蒸汽,-1,0,-100,200,false,null,null
489,supercoolant,超级冷却液,1,0,1000,1000,false,null,null
490,molten.enrichedholmium,熔融富集钬,3000,12,1000,1000,false,null,null
491,molten.tengampurified,熔融纯镃,1000,1,1000,1000,false,null,null
492,molten.tengamattuned,熔融谐镃,1000,1,1000,1000,false,null,null
493,lightlyhydrocracked.gas,轻度加氢裂化炼油气,775,0,-100,200,false,null,null
494,moderatelyhydrocracked.gas,中度加氢裂化炼油气,775,0,-100,200,false,null,null
495,severelyhydrocracked.gas,重度加氢裂化炼油气,775,0,-100,200,false,null,null
496,lightlysteamcracked.gas,轻度蒸汽裂化炼油气,775,0,-100,200,false,null,null
497,moderatelysteamcracked.gas,中度蒸汽裂化炼油气,775,0,-100,200,false,null,null
498,severelysteamcracked.gas,重度蒸汽裂化炼油气,775,0,-100,200,false,null,null
499,lightlyhydrocracked.heavyfuel,轻度加氢裂化重燃油,775,0,-100,200,false,null,null
500,moderatelyhydrocracked.heavyfuel,中度加氢裂化重燃油,775,0,-100,200,false,null,null
501,severelyhydrocracked.heavyfuel,重度加氢裂化重燃油,775,0,-100,200,false,null,null
502,lightlysteamcracked.heavyfuel,轻度蒸汽裂化重燃油,775,0,-100,200,false,null,null
503,moderatelysteamcracked.heavyfuel,中度蒸汽裂化重燃油,775,0,-100,200,false,null,null
504,severelysteamcracked.heavyfuel,重度蒸汽裂化重燃油,775,0,-100,200,false,null,null
505,lightlyhydrocracked.lightfuel,轻度加氢裂化轻燃油,775,0,-100,200,false,null,null
506,moderatelyhydrocracked.lightfuel,中度加氢裂化轻燃油,775,0,-100,200,false,null,null
507,severelyhydrocracked.lightfuel,重度加氢裂化轻燃油,775,0,-100,200,false,null,null
508,lightlysteamcracked.lightfuel,轻度蒸汽裂化轻燃油,775,0,-100,200,false,null,null
509,moderatelysteamcracked.lightfuel,中度蒸汽裂化轻燃油,775,0,-100,200,false,null,null
510,severelysteamcracked.lightfuel,重度蒸汽裂化轻燃油,775,0,-100,200,false,null,null
511,lightlyhydrocracked.naphtha,轻度加氢裂化石脑油,775,0,-100,200,false,null,null
512,moderatelyhydrocracked.naphtha,中度加氢裂化石脑油,775,0,-100,200,false,null,null
513,severelyhydrocracked.naphtha,重度加氢裂化石脑油,775,0,-100,200,false,null,null
514,lightlysteamcracked.naphtha,轻度蒸汽裂化石脑油,775,0,-100,200,false,null,null
515,moderatelysteamcracked.naphtha,中度蒸汽裂化石脑油,775,0,-100,200,false,null,null
516,severelysteamcracked.naphtha,重度蒸汽裂化石脑油,775,0,-100,200,false,null,null
517,biomediumraw,生物培养基原液,295,0,1000,1000,false,null,null
518,biohmediumsterilized,灭菌生物培养基,295,0,1000,1000,false,null,null
519,molten.reinforcedglass,熔融防爆玻璃,2000,6,1000,1000,false,null,null
520,growthmediumraw,培养基原液,295,0,1000,1000,false,null,null
521,growthmediumsterilized,无菌培养基,295,0,1000,1000,false,null,null
522,biodiesel,生物柴油,295,0,1000,1000,false,null,null
523,butadiene,丁二烯,295,0,-100,200,false,null,null
524,lightlyhydrocracked.butadiene,轻度加氢裂化丁二烯,775,0,-100,200,false,null,null
525,moderatelyhydrocracked.butadiene,中度加氢裂化丁二烯,775,0,-100,200,false,null,null
526,severelyhydrocracked.butadiene,重度加氢裂化丁二烯,775,0,-100,200,false,null,null
527,lightlysteamcracked.butadiene,轻度蒸汽裂化丁二烯,775,0,-100,200,false,null,null
528,moderatelysteamcracked.butadiene,中度蒸汽裂化丁二烯,775,0,-100,200,false,null,null
529,severelysteamcracked.butadiene,重度蒸汽裂化丁二烯,775,0,-100,200,false,null,null
530,butane,丁烷,295,0,-100,200,false,null,null
531,lightlyhydrocracked.butane,轻度加氢裂化丁烷,775,0,-100,200,false,null,null
532,moderatelyhydrocracked.butane,中度加氢裂化丁烷,775,0,-100,200,false,null,null
533,severelyhydrocracked.butane,重度加氢裂化丁烷,775,0,-100,200,false,null,null
534,lightlysteamcracked.butane,轻度蒸汽裂化丁烷,775,0,-100,200,false,null,null
535,moderatelysteamcracked.butane,中度蒸汽裂化丁烷,775,0,-100,200,false,null,null
536,severelysteamcracked.butane,重度蒸汽裂化丁烷,775,0,-100,200,false,null,null
537,butene,丁烯,295,0,-100,200,false,null,null
538,lightlyhydrocracked.butene,轻度加氢裂化丁烯,775,0,-100,200,false,null,null
539,moderatelyhydrocracked.butene,中度加氢裂化丁烯,775,0,-100,200,false,null,null
540,severelyhydrocracked.butene,重度加氢裂化丁烯,775,0,-100,200,false,null,null
541,lightlysteamcracked.butene,轻度蒸汽裂化丁烯,775,0,-100,200,false,null,null
542,moderatelysteamcracked.butene,中度蒸汽裂化丁烯,775,0,-100,200,false,null,null
543,severelysteamcracked.butene,重度蒸汽裂化丁烯,775,0,-100,200,false,null,null
544,calciumacetatesolution,乙酸钙溶液,433,0,1000,1000,false,null,null
545,carbonmonoxide,一氧化碳,295,0,-100,200,false,null,null
546,chloramine,氯胺,207,0,1000,1000,false,null,null
547,chloroform,氯仿,210,0,1000,1000,false,null,null
548,chloromethane,氯甲烷,295,0,-100,200,false,null,null
549,isopropylbenzene,异丙苯,177,0,1000,1000,false,null,null
550,dichlorobenzene,对二氯苯,327,0,1000,1000,false,null,null
551,dimethylamine,二甲胺,295,0,-100,200,false,null,null
552,dimethyldichlorosilane,二甲基氯硅烷,197,0,1000,1000,false,null,null
553,"1,1dimethylhydrazine",偏二甲肼,216,0,1000,1000,false,null,null
554,dinitrogentetroxide,四氧化二氮,295,0,-100,200,false,null,null
555,ethane,乙烷,295,0,-100,200,false,null,null
556,lightlyhydrocracked.ethane,轻度加氢裂化乙烷,775,0,-100,200,false,null,null
557,moderatelyhydrocracked.ethane,中度加氢裂化乙烷,775,0,-100,200,false,null,null
558,severelyhydrocracked.ethane,重度加氢裂化乙烷,775,0,-100,200,false,null,null
559,lightlysteamcracked.ethane,轻度蒸汽裂化乙烷,775,0,-100,200,false,null,null
560,moderatelysteamcracked.ethane,中度蒸汽裂化乙烷,775,0,-100,200,false,null,null
561,severelysteamcracked.ethane,重度蒸汽裂化乙烷,775,0,-100,200,false,null,null
562,ethenone,乙烯酮,295,0,-100,200,false,null,null
563,ethylene,乙烯,295,0,-100,200,false,null,null
564,lightlyhydrocracked.ethylene,轻度加氢裂化乙烯,775,0,-100,200,false,null,null
565,moderatelyhydrocracked.ethylene,中度加氢裂化乙烯,775,0,-100,200,false,null,null
566,severelyhydrocracked.ethylene,重度加氢裂化乙烯,775,0,-100,200,false,null,null
567,lightlysteamcracked.ethylene,轻度蒸汽裂化乙烯,775,0,-100,200,false,null,null
568,moderatelysteamcracked.ethylene,中度蒸汽裂化乙烯,775,0,-100,200,false,null,null
569,severelysteamcracked.ethylene,重度蒸汽裂化乙烯,775,0,-100,200,false,null,null
570,glycerol,甘油,291,0,1000,1000,false,null,null
571,hydrochloricacid_gt5u,氢氯酸,247,0,1000,1000,false,null,null
572,hydrofluoricacid_gt5u,氢氟酸,190,0,1000,1000,false,null,null
573,hypochlorousacid,次氯酸,161,0,1000,1000,false,null,null
574,ironiiichloride,三氯化铁,273,0,1000,1000,false,null,null
575,isoprene,异戊二烯,129,0,1000,1000,false,null,null
576,methanol,甲醇,176,0,1000,1000,false,null,null
577,methylacetate,乙酸甲酯,190,0,1000,1000,false,null,null
578,nitricacid,硝酸,231,0,1000,1000,false,null,null
579,nitricoxide,一氧化氮,295,0,-100,200,false,null,null
580,phenol,苯酚,314,0,1000,1000,false,null,null
581,phosphoricacid_gt5u,磷酸,316,0,1000,1000,false,null,null
582,molten.polyphenylenesulfide,熔融聚苯硫醚（PPS）,554,0,1000,1000,false,null,null
583,molten.polystyrene,熔融聚苯乙烯（PS）,513,0,1000,1000,false,null,null
584,polyvinylacetate,聚乙酸乙烯酯,333,0,1000,1000,false,null,null
585,molten.polyvinylchloride,熔融聚氯乙烯（PVC）,433,0,1000,1000,false,null,null
586,propane,丙烷,295,0,-100,200,false,null,null
587,lightlyhydrocracked.propane,轻度加氢裂化丙烷,775,0,-100,200,false,null,null
588,moderatelyhydrocracked.propane,中度加氢裂化丙烷,775,0,-100,200,false,null,null
589,severelyhydrocracked.propane,重度加氢裂化丙烷,775,0,-100,200,false,null,null
590,lightlysteamcracked.propane,轻度蒸汽裂化丙烷,775,0,-100,200,false,null,null
591,moderatelysteamcracked.propane,中度蒸汽裂化丙烷,775,0,-100,200,false,null,null
592,severelysteamcracked.propane,重度蒸汽裂化丙烷,775,0,-100,200,false,null,null
593,propene,丙烯,295,0,-100,200,false,null,null
594,lightlyhydrocracked.propene,轻度加氢裂化丙烯,775,0,-100,200,false,null,null
595,moderatelyhydrocracked.propene,中度加氢裂化丙烯,775,0,-100,200,false,null,null
596,severelyhydrocracked.propene,重度加氢裂化丙烯,775,0,-100,200,false,null,null
597,lightlysteamcracked.propene,轻度蒸汽裂化丙烯,775,0,-100,200,false,null,null
598,moderatelysteamcracked.propene,中度蒸汽裂化丙烯,775,0,-100,200,false,null,null
599,severelysteamcracked.propene,重度蒸汽裂化丙烯,775,0,-100,200,false,null,null
600,saltwater,盐水,271,0,1000,1000,false,null,null
601,styrene,苯乙烯,243,0,1000,1000,false,null,null
602,molten.styrenebutadienerubber,熔融丁苯橡胶（SBR）,526,0,1000,1000,false,null,null
603,sulfurdioxide,二氧化硫,295,0,-100,200,false,null,null
604,sulfurtrioxide,三氧化硫,295,0,-100,200,false,null,null
605,tetrafluoroethylene,四氟乙烯,295,0,-100,200,false,null,null
606,tetranitromethane,四硝基甲烷,287,0,1000,1000,false,null,null
607,vinylacetate,乙酸乙烯酯,180,0,1000,1000,false,null,null
608,vinylchloride,氯乙烯,295,0,-100,200,false,null,null
609,dichlorosilane,二氯硅烷,295,0,-100,200,false,null,null
610,hexachlorodisilane,六氯乙硅烷,272,0,1000,1000,false,null,null
611,silane,硅烷,295,0,-100,200,false,null,null
612,molten.siliconsolargrade,熔融太阳能级硅（多晶硅）,2273,8,1000,1000,false,null,null
613,silicontetrachloride,四氯化硅,204,0,1000,1000,false,null,null
614,silicontetrafluoride,四氟化硅,295,0,-100,200,false,null,null
615,trichlorosilane,三氯硅烷,139,0,1000,1000,false,null,null
616,molten.galliumarsenide,熔融砷化镓,696,0,1000,1000,false,null,null
617,molten.indiumgalliumphosphide,熔融磷化铟镓,349,0,1000,1000,false,null,null
618,molten.solderingalloy,熔融焊锡,400,0,1000,1000,false,null,null
619,molten.stainlesssteel,熔融不锈钢,1810,5,1000,1000,false,null,null
620,molten.steel,熔融钢,1811,5,1000,1000,false,null,null
621,molten.tinalloy,熔融锡铁合金,1158,1,1000,1000,false,null,null
622,molten.ultimet,熔融哈氏合金,2700,10,1000,1000,false,null,null
623,molten.vanadiumgallium,熔融钒镓合金,4500,15,1000,1000,false,null,null
624,molten.castiron,熔融铸铁,1811,5,1000,1000,false,null,null
625,molten.yttriumbariumcuprate,熔融钇钡铜氧合金,4500,15,1000,1000,false,null,null
626,molten.alumite,熔融锌曜钢,929,0,1000,1000,false,null,null
627,molten.bismuthbronze,熔融铋青铜,1061,1,1000,1000,false,null,null
628,molten.blackbronze,熔融黑青铜,1328,2,1000,1000,false,null,null
629,molten.blacksteel,熔融黑钢,1697,4,1000,1000,false,null,null
630,molten.chrysotile,熔融白石棉,9400,15,1000,1000,false,null,null
631,molten.cobaltbrass,熔融钴黄铜,1178,1,1000,1000,false,null,null
632,molten.damascussteel,熔融大马士革钢,2000,6,1000,1000,false,null,null
633,dilutedsulfuricacid,稀硫酸,295,0,1000,1000,false,null,null
634,molten.electricalsteel,熔融磁钢,1811,5,1000,1000,false,null,null
635,molten.epoxidfiberreinforced,熔融纤维强化的环氧树脂,400,0,1000,1000,false,null,null
636,molten.knightmetal,熔融骑士金属,2874,11,1000,1000,false,null,null
637,molten.manyullyn,熔融玛玉灵,3600,15,1000,1000,false,null,null
638,molten.realgar,熔融雄黄,739,0,1000,1000,false,null,null
639,redmud,赤泥,295,0,1000,1000,false,null,null
640,plasma.redstone,红石等离子体,10000,15,55536,10,false,null,null
641,molten.rosegold,熔融玫瑰金,1341,2,1000,1000,false,null,null
642,molten.sterlingsilver,熔融标准纯银,1258,2,1000,1000,false,null,null
643,molten.sugar,熔融糖,462,0,1000,1000,false,null,null
644,molten.thaumium,熔融神秘,3405,14,1000,1000,false,null,null
645,molten.tpvalloy,熔融钛铂钒合金,3000,12,1000,1000,false,null,null
646,molten.tungstencarbide,熔融碳化钨,2460,9,1000,1000,false,null,null
647,molten.tungstensteel,熔融钨钢,4000,15,1000,1000,false,null,null
648,molten.vanadiumsteel,熔融钒钢,1453,3,1000,1000,false,null,null
649,molten.vinteum,熔融温特姆,1000,1,1000,1000,false,null,null
650,molten.bluesteel,熔融蓝钢,1617,4,1000,1000,false,null,null
651,molten.borosilicateglass,熔融硼玻璃,1606,4,1000,1000,false,null,null
652,molten.darksteel,熔融玄钢,817,0,1000,1000,false,null,null
653,molten.hssg,熔融高速钢-G,4500,15,1000,1000,false,null,null
654,molten.ironwood,熔融铁木,1977,6,1000,1000,false,null,null
655,molten.redalloy,熔融红色合金,500,0,1000,1000,false,null,null
656,molten.redsteel,熔融红钢,1591,4,1000,1000,false,null,null
657,molten.redstonealloy,熔融红石合金,671,0,1000,1000,false,null,null
658,molten.conductiveiron,熔融导电铁,1238,2,1000,1000,false,null,null
659,molten.endsteel,熔融末影钢,940,0,1000,1000,false,null,null
660,molten.hsse,熔融高速钢-E,5400,15,1000,1000,false,null,null
661,molten.hsss,熔融高速钢-S,5400,15,1000,1000,false,null,null
662,molten.pulsatingiron,熔融脉冲铁,1519,3,1000,1000,false,null,null
663,molten.crystallinealloy,熔融晶化合金,4500,15,1000,1000,false,null,null
664,molten.energeticalloy,熔融充能合金,1424,3,1000,1000,false,null,null
665,molten.energeticsilver,熔融充能银,1389,3,1000,1000,false,null,null
666,molten.melodicalloy,熔融旋律合金,5400,15,1000,1000,false,null,null
667,molten.crystallinepinkslime,熔融晶化粉红史莱姆,5000,15,1000,1000,false,null,null
668,molten.stellaralloy,熔融恒星合金,7200,15,1000,1000,false,null,null
669,molten.vibrantalloy,熔融脉冲合金,3300,13,1000,1000,false,null,null
670,molten.vividalloy,熔融生动合金,3300,13,1000,1000,false,null,null
671,"3,3diaminobenzidine","3,3'-二氨基联苯胺",448,0,1000,1000,false,null,null
672,"3,3dichlorobenzidine","3,3'-二氯联苯胺",405,0,1000,1000,false,null,null
673,dimethylbenzene,邻二甲苯,248,0,1000,1000,false,null,null
674,diphenylisophtalate,间苯二甲酸二苯酯,409,0,1000,1000,false,null,null
675,2nitrochlorobenzene,2-硝基氯苯,306,0,1000,1000,false,null,null
676,phtalicacid,邻苯二甲酸,207,0,1000,1000,false,null,null
677,molten.polybenzimidazole,熔融聚苯并咪唑（PBI）,1450,3,1000,1000,false,null,null
678,ethyltertbutylether,抗爆剂,179,0,1000,1000,false,null,null
679,highoctanegasoline,高辛烷值汽油,295,0,1000,1000,false,null,null
680,rawgasoline,粗汽油,295,0,1000,1000,false,null,null
681,gasoline,汽油,295,0,1000,1000,false,null,null
682,mtbereactionmixture(butene),MTBE反应混合物（丁烯）,295,0,-100,200,false,null,null
683,mtbereactionmixture(butane),MTBE反应混合物（丁烷）,295,0,-100,200,false,null,null
684,nitrousoxide,一氧化二氮,295,0,-100,200,false,null,null
685,octane,辛烷,216,0,1000,1000,false,null,null
686,molten.bloodinfusediron,熔融注血铁,2400,8,1000,1000,false,null,null
687,molten.electrotine,熔融蓝石,892,0,1000,1000,false,null,null
688,molten.galgadorian,熔融混合晶,3000,12,1000,1000,false,null,null
689,molten.enhancedgalgadorian,熔融强化混合晶,4500,15,1000,1000,false,null,null
690,molten.shadow,熔融暗影金属,1800,5,1000,1000,false,null,null
691,molten.blackplutonium,熔融黑钚,9000,15,1000,1000,false,null,null
692,molten.callistoice,熔融木卫四冰,1000,1,1000,1000,false,null,null
693,molten.duralumin,熔融硬铝,1600,4,1000,1000,false,null,null
694,molten.ledox,熔融深铅,1000,1,1000,1000,false,null,null
695,molten.mysteriouscrystal,熔融神秘水晶,7200,15,1000,1000,false,null,null
696,molten.mytryl,熔融深空秘银,3600,15,1000,1000,false,null,null
697,molten.quantium,熔融量子,9900,15,1000,1000,false,null,null
698,molten.astralsilver,熔融星辰银,1957,6,1000,1000,false,null,null
699,molten.bluealloy,熔融蓝色合金,960,0,1000,1000,false,null,null
700,molten.crudesteel,熔融复合黏土,167,0,1000,1000,false,null,null
701,molten.enderium,熔融末影（te）,4500,15,1000,1000,false,null,null
702,molten.mithril,熔融秘银,6600,15,1000,1000,false,null,null
703,molten.shadowiron,熔融暗影铁,8400,15,1000,1000,false,null,null
704,molten.shadowsteel,熔融暗影钢,3006,12,1000,1000,false,null,null
705,molten.soularium,熔融魂金,800,0,1000,1000,false,null,null
706,molten.bedrockium,熔融基岩,9900,15,1000,1000,false,null,null
707,molten.infinity,熔融无尽,10800,15,1000,1000,false,null,null
708,molten.infinitycatalyst,熔融无尽催化剂,10800,15,1000,1000,false,null,null
709,molten.trinium,熔融三元金属,7200,15,1000,1000,false,null,null
710,molten.pentacadmiummagnesiumhexaoxid,熔融MV超导粗胚,2500,9,1000,1000,false,null,null
711,molten.titaniumonabariumdecacoppereikosaoxid,熔融HV超导粗胚,3300,13,1000,1000,false,null,null
712,molten.uraniumtriplatinid,熔融EV超导粗胚,4400,15,1000,1000,false,null,null
713,molten.vanadiumtriindinid,熔融IV超导粗胚,5200,15,1000,1000,false,null,null
714,molten.tetraindiumditindibariumtitaniumheptacoppertetrakaidekaoxid,熔融LuV超导粗胚,6000,15,1000,1000,false,null,null
715,molten.tetranaquadahdiindiumhexaplatiumosminid,熔融ZPM超导粗胚,8100,15,1000,1000,false,null,null
716,molten.longasssuperconductornameforuvwire,熔融UV超导粗胚,9900,15,1000,1000,false,null,null
717,molten.longasssuperconductornameforuhvwire,熔融UHV超导粗胚,10800,15,1000,1000,false,null,null
718,molten.superconductoruevbase,熔融UEV超导粗胚,11700,15,1000,1000,false,null,null
719,molten.superconductoruivbase,熔融UIV超导粗胚,12700,15,1000,1000,false,null,null
720,molten.superconductorumvbase,熔融UMV超导粗胚,13600,15,1000,1000,false,null,null
721,polyaluminiumchloride,聚氯化铝,295,0,1000,1000,false,null,null
722,ozone,臭氧,295,0,-100,200,false,null,null
723,stablebaryonicmatter,稳定重子物质,295,0,1000,1000,false,null,null
724,crackedradox,裂化拉多X,295,0,-100,200,false,null,null
725,radoxgas,拉多X气,295,0,-100,200,false,null,null
726,heavyradox,重拉多X,295,0,1000,1000,false,null,null
727,lightradox,轻拉多X,295,0,-100,200,false,null,null
728,molten.radoxpoly,熔融拉多X聚合物,6203,15,1000,1000,false,null,null
729,radoxpoly,拉多X聚合物,6203,0,-100,200,false,null,null
730,rawradox,粗制拉多X,295,0,1000,1000,false,null,null
731,superheavyradox,超重拉多X,295,0,1000,1000,false,null,null
732,superlightradox,超轻拉多X,295,0,-100,200,false,null,null
733,xenoxene,异氙,295,0,1000,1000,false,null,null
734,dilutedxenoxene,钝化异氙,295,0,1000,1000,false,null,null
735,netherair,下界空气,295,0,1000,1000,false,null,null
736,nethersemifluid,半流质下界空气,295,0,1000,1000,false,null,null
737,nefariousgas,邪恶气体,295,0,1000,1000,false,null,null
738,nefariousoil,邪恶原油,295,0,1000,1000,false,null,null
739,poornetherwaste,贫瘠下界废水,295,0,1000,1000,false,null,null
740,richnetherwaste,富集下界废水,295,0,1000,1000,false,null,null
741,molten.hellishmetal,熔融地狱金属,1200,2,1000,1000,false,null,null
742,prismarinesolution,海晶石溶液,295,0,1000,1000,false,null,null
743,prismarinecontaminatedhydrogenperoxide,海晶参杂的过氧化氢,295,0,1000,1000,false,null,null
744,prismarinerichnitrobenzenesolution,富海晶硝基苯溶液,295,0,1000,1000,false,null,null
745,prismarinecontaminatednitrobenzenesolution,海晶参杂的硝基苯溶液,295,0,1000,1000,false,null,null
746,prismaticgas,海晶气,295,0,1000,1000,false,null,null
747,prismaticacid,海晶酸,295,0,1000,1000,false,null,null
748,molten.prismaticnaquadah,熔融海晶硅岩,1000,1,1000,1000,false,null,null
749,prismaticnaquadahcompositeslurry,海晶硅岩混合砂浆,295,0,1000,1000,false,null,null
750,impurefranciumsolution,不纯的钫溶液,295,0,1000,1000,false,null,null
751,franciumslurry,钫泥浆,295,0,1000,1000,false,null,null
752,thoriumelutionadsorbent,钍洗脱吸附剂,295,0,1000,1000,false,null,null
753,phosphoruschlorinemixture,磷氯混合物,295,0,1000,1000,false,null,null
754,phosphoruspentachloride,五氯化磷,434,0,1000,1000,false,null,null
755,toxicair,毒性空气,295,0,-100,200,false,null,null
756,toxicslurry,毒性泥浆,295,0,1000,1000,false,null,null
757,destabilizationslurry,不稳定浆液,295,0,1000,1000,false,null,null
758,agitatingslurry,搅拌泥浆,295,0,1000,1000,false,null,null
759,ultracontaminatedgas,超重度污染气体,295,0,-100,200,false,null,null
760,stagnantwastewater,不流动的废水,295,0,1000,1000,false,null,null
761,activatedwastewater,活性废液,295,0,1000,1000,false,null,null
762,chlorosulfonicacid,氯磺酸,193,0,1000,1000,false,null,null
763,poisonousslurry,有毒泥浆,295,0,1000,1000,false,null,null
764,complexitycatalyst,复杂度催化剂,295,0,1000,1000,false,null,null
765,entropiccatalyst,混沌催化剂,295,0,1000,1000,false,null,null
766,soulinfusedmedium,灵魂灌注溶剂,295,0,1000,1000,false,null,null
767,molten.manasteel,熔融魔力钢,1500,3,1000,1000,false,null,null
768,molten.terrasteel,熔融泰拉钢,5400,15,1000,1000,false,null,null
769,molten.elvenelementium,熔融源质钢,7200,15,1000,1000,false,null,null
770,molten.gaiaspirit,熔融盖亚之魂,1000,1,1000,1000,false,null,null
771,diaminodiphenylmethanmixture,二氨基二苯甲烷混合物,365,0,1000,1000,false,null,null
772,diphenylmethanediisocyanatemixture,二苯基甲烷二异氰酸酯混合物,310,0,1000,1000,false,null,null
773,butyraldehyde,丁醛,176,0,1000,1000,false,null,null
774,isobutyraldehyde,异丁醛,208,0,1000,1000,false,null,null
775,nickeltetracarbonyl,四羰基镍,256,0,1000,1000,false,null,null
776,ethyleneoxide,环氧乙烷,295,0,-100,200,false,null,null
777,siliconoil,硅油,473,0,1000,1000,false,null,null
778,ethyleneglycol,乙二醇,260,0,1000,1000,false,null,null
779,acetaldehyde,乙醛,295,0,-100,200,false,null,null
780,polyurethaneresin,聚氨酯树脂,295,0,1000,1000,false,null,null
781,nmethylpyrolidone,N-甲基吡咯烷酮,249,0,1000,1000,false,null,null
782,acetylene,乙炔,295,0,-100,200,false,null,null
783,4nitroaniline,4-硝基苯胺,420,0,1000,1000,false,null,null
784,methylamine,甲胺,295,0,-100,200,false,null,null
785,trimethylamine,三甲胺,295,0,-100,200,false,null,null
786,gammabutyrolactone,γ-丁内酯,229,0,1000,1000,false,null,null
787,liquidcrystalkevlar,液晶凯芙拉,295,0,1000,1000,false,null,null
788,molten.nickelaluminide,熔融铝化镍,1668,4,1000,1000,false,null,null
789,thionylchloride,氯化亚砜,295,0,1000,1000,false,null,null
790,sulfurdichloride,二氯化硫,295,0,1000,1000,false,null,null
791,dimethylterephthalate,对苯二甲酸二甲酯,415,0,1000,1000,false,null,null
792,molten.kevlar,熔融凯芙拉,1000,1,1000,1000,false,null,null
793,terephthalicacid,对苯二甲酸,480,0,1000,1000,false,null,null
794,"1,3dimethylbenzene",间二甲苯,225,0,1000,1000,false,null,null
795,"1,4dimethylbenzene",对二甲苯,286,0,1000,1000,false,null,null
796,naphthenicacid,环烷酸,295,0,1000,1000,false,null,null
797,phosphorustrichloride,三氯化磷,179,0,1000,1000,false,null,null
798,trimethylborate,硼酸三甲酯,239,0,1000,1000,false,null,null
799,bauxiteslurry,铝土泥浆,295,0,1000,1000,false,null,null
800,headedbauxiteslurry,热铝土泥浆,295,0,1000,1000,false,null,null
801,sluicejuice,铝土卤水,295,0,1000,1000,false,null,null
802,greensapphirejuice,绿色蓝宝石汁,295,0,1000,1000,false,null,null
803,sapphirejuice,蓝宝石汁,295,0,1000,1000,false,null,null
804,rubyjuice,红宝石汁,295,0,1000,1000,false,null,null
805,dimensionallytranscendentcrudecatalyst,粗制超维度催化剂,25000000,0,1000,1000,false,null,null
806,dimensionallytranscendentprosaiccatalyst,平凡超维度催化剂,50000000,0,1000,1000,false,null,null
807,dimensionallytranscendentresplendentcatalyst,光辉超维度催化剂,75000000,0,1000,1000,false,null,null
808,dimensionallytranscendentexoticcatalyst,异星超维度催化剂,100000000,0,1000,1000,false,null,null
809,dimensionallytranscendentstellarcatalyst,恒星超维度催化剂,100000000,0,1000,1000,false,null,null
810,molten.spacetime,熔融时空,0,0,1000,1000,false,null,null
811,molten.transcendentmetal,熔融超时空金属,11700,15,1000,1000,false,null,null
812,molten.magnetohydrodynamicallyconstrainedstarmatter,熔融磁流体约束恒星物质,0,0,1000,1000,false,null,null
813,molten.whitedwarfmatter,熔融白矮星物质,0,0,1000,1000,false,null,null
814,whitedwarfmatter,白矮星物质,0,0,1000,1000,false,null,null
815,molten.blackdwarfmatter,熔融黑矮星物质,0,0,1000,1000,false,null,null
816,blackdwarfmatter,黑矮星物质,0,0,1000,1000,false,null,null
817,molten.universium,熔融宇宙素,0,0,1000,1000,false,null,null
818,molten.eternity,熔融永恒,0,0,1000,1000,false,null,null
819,molten.magmatter,熔融磁物质,1000,1,1000,1000,false,null,null
820,molten.sixphasedcopper,熔融六相铜,1000,1,1000,1000,false,null,null
821,plasma.sixphasedcopper,六相铜等离子体,10000,15,55536,10,false,null,null
822,molten.mellion,熔融灿茶合金,1000,1,1000,1000,false,null,null
823,molten.creon,熔融创律合金,1000,1,1000,1000,false,null,null
824,plasma.creon,创律合金等离子体,10000,15,55536,10,false,null,null
825,dimensionallyshiftedsuperfluid,维度偏移超流体,295,0,1000,1000,false,null,null
826,protohalkonitebase,熔融原初恒坚钢基底,295,0,1000,1000,false,null,null
827,moltenexohalkonitebase,熔融超然恒坚钢配制基底,295,0,1000,1000,false,null,null
828,sgcrystalslurry,星门水晶浆液,295,0,1000,1000,false,null,null
829,brightlumipodextract,明亮卢米坡德提取物,298,0,1000,1000,false,null,null
830,biocatalyzedpropulsionfluid,生物催化推进液,303,0,1000,1000,false,null,null
831,molten.shijima,熔融静寂合金,1000,1,1000,1000,false,null,null
832,molten.churitsu,熔融中立合金,1000,1,1000,1000,false,null,null
833,molten.signalum,熔融信素,1000,1,1000,1000,false,null,null
834,molten.lumium,熔融流明,1000,1,1000,1000,false,null,null
835,unformed hexanite,未成形的咒源玄晶,9000,0,1000,1000,false,null,null
836,potion.awkward,粗制的药水,295,0,1000,1000,false,null,null
837,potion.thick,浓稠的药水,295,0,1000,1000,false,null,null
838,potion.mundane,平凡的药水,295,0,1000,1000,false,null,null
839,potion.damage,伤害药水,295,0,1000,1000,false,null,null
840,potion.damage.strong,加强伤害药水,295,0,1000,1000,false,null,null
841,potion.damage.splash,喷溅伤害药水,295,0,1000,1000,false,null,null
842,potion.damage.strong.splash,加强喷溅伤害药水,295,0,1000,1000,false,null,null
843,potion.health,治愈药水,295,0,1000,1000,false,null,null
844,potion.health.strong,加强治愈药水,295,0,1000,1000,false,null,null
845,potion.health.splash,喷溅治愈药水,295,0,1000,1000,false,null,null
846,potion.health.strong.splash,加强喷溅治愈药水,295,0,1000,1000,false,null,null
847,potion.speed,迅捷药水,295,0,1000,1000,false,null,null
848,potion.speed.strong,加强迅捷药水,295,0,1000,1000,false,null,null
849,potion.speed.long,加长迅捷药水,295,0,1000,1000,false,null,null
850,potion.speed.splash,喷溅型迅捷药水,295,0,1000,1000,false,null,null
851,potion.speed.strong.splash,加强喷溅型迅捷药水,295,0,1000,1000,false,null,null
852,potion.speed.long.splash,加长喷溅型迅捷药水,295,0,1000,1000,false,null,null
853,potion.strength,力量药水,295,0,1000,1000,false,null,null
854,potion.strength.strong,加强力量药水,295,0,1000,1000,false,null,null
855,potion.strength.long,加长力量药水,295,0,1000,1000,false,null,null
856,potion.strength.splash,喷溅型力量药水,295,0,1000,1000,false,null,null
857,potion.strength.strong.splash,加强喷溅型力量药水,295,0,1000,1000,false,null,null
858,potion.strength.long.splash,加长喷溅型力量药水,295,0,1000,1000,false,null,null
859,potion.regen,再生药水,295,0,1000,1000,false,null,null
860,potion.regen.strong,加强再生药水,295,0,1000,1000,false,null,null
861,potion.regen.long,加长再生药水,295,0,1000,1000,false,null,null
862,potion.regen.splash,喷溅型再生药水,295,0,1000,1000,false,null,null
863,potion.regen.strong.splash,加强喷溅型再生药水,295,0,1000,1000,false,null,null
864,potion.regen.long.splash,加长喷溅型再生药水,295,0,1000,1000,false,null,null
865,potion.poison,剧毒药水,295,0,1000,1000,false,null,null
866,potion.poison.strong,加强剧毒药水,295,0,1000,1000,false,null,null
867,potion.poison.long,加长剧毒药水,295,0,1000,1000,false,null,null
868,potion.poison.splash,喷溅型剧毒药水,295,0,1000,1000,false,null,null
869,potion.poison.strong.splash,加长喷溅型剧毒药水,295,0,1000,1000,false,null,null
870,potion.poison.long.splash,加长喷溅型剧毒药水,295,0,1000,1000,false,null,null
871,potion.fireresistance,抗火药水,375,0,1000,1000,false,null,null
872,potion.fireresistance.long,加长抗火药水,375,0,1000,1000,false,null,null
873,potion.fireresistance.splash,喷溅抗火药水,375,0,1000,1000,false,null,null
874,potion.fireresistance.long.splash,加长喷溅抗火药水,375,0,1000,1000,false,null,null
875,potion.nightvision,夜视药水,295,0,1000,1000,false,null,null
876,potion.nightvision.long,加长夜视药水,295,0,1000,1000,false,null,null
877,potion.nightvision.splash,喷溅型夜视药水,295,0,1000,1000,false,null,null
878,potion.nightvision.long.splash,加长喷溅型夜视药水,295,0,1000,1000,false,null,null
879,potion.weakness,虚弱药水,295,0,1000,1000,false,null,null
880,potion.weakness.long,加长虚弱药水,295,0,1000,1000,false,null,null
881,potion.weakness.splash,喷溅型虚弱药水,295,0,1000,1000,false,null,null
882,potion.weakness.long.splash,加长喷溅型虚弱药水,295,0,1000,1000,false,null,null
883,potion.slowness,迟缓药水,295,0,1000,1000,false,null,null
884,potion.slowness.long,加长迟缓药水,295,0,1000,1000,false,null,null
885,potion.slowness.splash,喷溅型迟缓药水,295,0,1000,1000,false,null,null
886,potion.slowness.long.splash,加长喷溅型迟缓药水,295,0,1000,1000,false,null,null
887,potion.waterbreathing,水肺药水,295,0,1000,1000,false,null,null
888,potion.waterbreathing.long,加长水肺药水,295,0,1000,1000,false,null,null
889,potion.waterbreathing.splash,喷溅型水肺药水,295,0,1000,1000,false,null,null
890,potion.waterbreathing.long.splash,加长喷溅型水肺药水,295,0,1000,1000,false,null,null
891,potion.invisibility,隐身药水,295,0,1000,1000,false,null,null
892,potion.invisibility.long,加长隐身药水,295,0,1000,1000,false,null,null
893,potion.invisibility.splash,喷溅隐身药水,295,0,1000,1000,false,null,null
894,potion.invisibility.long.splash,加长喷溅隐身药水,295,0,1000,1000,false,null,null
895,potion.purpledrink,紫色饮料,275,0,1000,1000,false,null,null
896,potion.grapejuice,葡萄汁,295,0,1000,1000,false,null,null
897,potion.wine,葡萄酒,295,0,1000,1000,false,null,null
898,potion.vinegar,醋,295,0,1000,1000,false,null,null
899,potion.potatojuice,土豆汁,295,0,1000,1000,false,null,null
900,potion.vodka,伏特加,275,0,1000,1000,false,null,null
901,potion.leninade,列宁柠檬汁,275,0,1000,1000,false,null,null
902,potion.mineralwater,矿泉水,275,0,1000,1000,false,null,null
903,potion.saltywater,盐水,275,0,1000,1000,false,null,null
904,potion.reedwater,甘蔗水,295,0,1000,1000,false,null,null
905,potion.rum,朗姆酒,295,0,1000,1000,false,null,null
906,potion.piratebrew,海盗之酿,295,0,1000,1000,false,null,null
907,potion.hopsjuice,啤酒花汁,295,0,1000,1000,false,null,null
908,potion.darkbeer,黑啤,275,0,1000,1000,false,null,null
909,potion.dragonblood,龙血,375,0,1000,1000,false,null,null
910,potion.wheatyjuice,小麦汁,295,0,1000,1000,false,null,null
911,potion.scotch,苏格兰威士忌,275,0,1000,1000,false,null,null
912,potion.glenmckenner,格伦·麦肯纳,275,0,1000,1000,false,null,null
913,potion.wheatyhopsjuice,小麦啤酒花汁,295,0,1000,1000,false,null,null
914,potion.beer,啤酒,275,0,1000,1000,false,null,null
915,potion.chillysauce,辣酱,375,0,1000,1000,false,null,null
916,potion.hotsauce,红辣酱,380,0,1000,1000,false,null,null
917,potion.diabolosauce,恶魔辣酱,385,0,1000,1000,false,null,null
918,potion.diablosauce,恐惧辣酱,390,0,1000,1000,false,null,null
919,potion.diablosauce.strong,祖传配方秘制而成的恐惧辣酱,999,0,1000,1000,false,null,null
920,potion.applejuice,苹果汁,295,0,1000,1000,false,null,null
921,potion.cider,苹果酒,295,0,1000,1000,false,null,null
922,potion.goldenapplejuice,金苹果汁,295,0,1000,1000,false,null,null
923,potion.goldencider,金苹果酒,295,0,1000,1000,false,null,null
924,potion.idunsapplejuice,青春苹果汁,295,0,1000,1000,false,null,null
925,potion.notchesbrew,附魔金苹果之酿,295,0,1000,1000,false,null,null
926,potion.lemonjuice,柠檬汁,295,0,1000,1000,false,null,null
927,potion.limoncello,意大利柠檬甜酒,295,0,1000,1000,false,null,null
928,potion.lemonade,柠檬水,275,0,1000,1000,false,null,null
929,potion.alcopops,波普甜酒,275,0,1000,1000,false,null,null
930,potion.cavejohnsonsgrenadejuice,约翰逊的炸弹柠檬汁,295,0,1000,1000,false,null,null
931,potion.coffee,咖啡,295,0,1000,1000,false,null,null
932,potion.sweetcoffee,甜咖啡,295,0,1000,1000,false,null,null
933,potion.latte,拿铁,295,0,1000,1000,false,null,null
934,potion.sweetlatte,甜拿铁,295,0,1000,1000,false,null,null
935,potion.sweetjesuslatte,美味拿铁,295,0,1000,1000,false,null,null
936,potion.darkchocolatemilk,黑巧克力奶,295,0,1000,1000,false,null,null
937,potion.chocolatemilk,巧克力牛奶,295,0,1000,1000,false,null,null
938,potion.tea,茶,295,0,1000,1000,false,null,null
939,potion.sweettea,甜茶,295,0,1000,1000,false,null,null
940,potion.icetea,冰红茶,255,0,1000,1000,false,null,null
941,liquid_sodium,液钠,495,0,1000,1000,false,null,null
942,entangled_neutronium,纠缠玻色-爱因斯坦凝聚态中子,0,0,-100,200,false,null,null
943,entangled_cosmicneutronium,纠缠玻色-爱因斯坦凝聚态宇宙中子态素,0,0,-100,200,false,null,null
944,entangled_bedrockium,纠缠玻色-爱因斯坦凝聚态基岩,0,0,-100,200,false,null,null
945,entangled_chromaticglass,纠缠玻色-爱因斯坦凝聚态彩色玻璃,0,0,-100,200,false,null,null
946,entangled_celestialtungsten,纠缠玻色-爱因斯坦凝聚态天体钨,0,0,-100,200,false,null,null
947,entangled_infinity,纠缠玻色-爱因斯坦凝聚态无尽,0,0,-100,200,false,null,null
948,entangled_hypogen,纠缠玻色-爱因斯坦凝聚态海珀珍,0,0,-100,200,false,null,null
949,entangled_transcendentmetal,纠缠玻色-爱因斯坦凝聚态超时空金属,0,0,-100,200,false,null,null
950,entangled_dimshiftedsuperfluid,纠缠玻色-爱因斯坦凝聚态维度偏移超流体,0,0,-100,200,false,null,null
951,entangled_phononmedium,纠缠玻色-爱因斯坦凝聚态无损声子传输介质,0,0,-100,200,false,null,null
952,entangled_quarkgluonplasma,纠缠玻色-爱因斯坦凝聚态简并夸克胶子等离子体,0,0,-100,200,false,null,null
953,entangled_spacetime,纠缠玻色-爱因斯坦凝聚态时空,0,0,-100,200,false,null,null
954,entangled_time,纠缠玻色-爱因斯坦凝聚态富快子时间流体,0,0,-100,200,false,null,null
955,entangled_space,纠缠玻色-爱因斯坦凝聚态扩大化空间流体,0,0,-100,200,false,null,null
956,entangled_cosmicsolder,纠缠玻色-爱因斯坦凝聚态寰宇焊料,0,0,-100,200,false,null,null
957,entangled_mhdcsm,纠缠玻色-爱因斯坦凝聚态磁流体约束恒星物质,0,0,-100,200,false,null,null
958,entangled_magmatter,纠缠玻色-爱因斯坦凝聚态磁物质,0,0,-100,200,false,null,null
959,entangled_universium,纠缠玻色-爱因斯坦凝聚态宇宙素,0,0,-100,200,false,null,null
960,entangled_eternity,纠缠玻色-爱因斯坦凝聚态永恒,0,0,-100,200,false,null,null
961,lightlycrackednaquadahgas,轻度裂化硅岩气,800,0,1000,1000,true,GoodGenerator:lightlyCrackedNaquadahGas,goodgenerator.blocks.myFluids.BaseFluid
962,moderatelycrackednaquadahgas,中度裂化硅岩气,800,0,1000,1000,true,GoodGenerator:moderatelyCrackedNaquadahGas,goodgenerator.blocks.myFluids.BaseFluid
963,heavilycrackednaquadahgas,重度裂化硅岩气,800,0,1000,1000,true,GoodGenerator:heavilyCrackedNaquadahGas,goodgenerator.blocks.myFluids.BaseFluid
964,lightlycrackedlightnaquadahfuel,轻度裂化轻质硅岩燃料,1200,0,1000,1000,true,GoodGenerator:lightlyCrackedLightNaquadahFuel,goodgenerator.blocks.myFluids.BaseFluid
965,moderatelycrackedlightnaquadahfuel,中度裂化轻质硅岩燃料,1200,0,1000,1000,true,GoodGenerator:moderatelyCrackedLightNaquadahFuel,goodgenerator.blocks.myFluids.BaseFluid
966,heavilycrackedlightnaquadahfuel,重度裂化轻质硅岩燃料,1200,0,1000,1000,true,GoodGenerator:heavilyCrackedLightNaquadahFuel,goodgenerator.blocks.myFluids.BaseFluid
967,lightlycrackedheavynaquadahfuel,轻度裂化重质硅岩燃料,1200,0,1000,1000,true,GoodGenerator:lightlyCrackedHeavyNaquadahFuel,goodgenerator.blocks.myFluids.BaseFluid
968,moderatelycrackedheavynaquadahfuel,中度裂化重质硅岩燃料,1200,0,1000,1000,true,GoodGenerator:moderatelyCrackedHeavyNaquadahFuel,goodgenerator.blocks.myFluids.BaseFluid
969,heavilycrackedheavynaquadahfuel,重度裂化重质硅岩燃料,1200,0,1000,1000,true,GoodGenerator:heavilyCrackedHeavyNaquadahFuel,goodgenerator.blocks.myFluids.BaseFluid
970,lightlycrackednaquadahasphalt,轻度裂化硅岩沥青,1800,0,20000,20000,true,GoodGenerator:lightlyCrackedNaquadahAsphalt,goodgenerator.blocks.myFluids.BaseFluid
971,moderatelycrackednaquadahasphalt,中度裂化硅岩沥青,1800,0,20000,20000,true,GoodGenerator:moderatelyCrackedNaquadahAsphalt,goodgenerator.blocks.myFluids.BaseFluid
972,heavilycrackednaquadahasphalt,重度裂化硅岩沥青,1800,0,20000,20000,true,GoodGenerator:heavilyCrackedNaquadahAsphalt,goodgenerator.blocks.myFluids.BaseFluid
973,combustionpromotor,助燃剂,300,0,1000,1000,true,GoodGenerator:combustionPromotor,goodgenerator.blocks.myFluids.BaseFluid
974,fluid.coaltar,煤焦,450,0,1000,1000,true,GoodGenerator:coalTar,goodgenerator.blocks.myFluids.BaseFluid
975,supercriticalsteam,超临界蒸汽,648,0,1000,1000,true,GoodGenerator:supercriticalSteam,goodgenerator.blocks.myFluids.BaseFluid
976,xpjuice,液态经验,300,10,800,1500,false,null,null
977,neon,氖,25,15,-10000,10,false,null,null
978,plasma.neon,氖等离子体,10000,15,-10000,10,false,null,null
979,molten.germanium,熔融锗,1210,0,1000,1000,false,null,null
980,plasma.germanium,锗等离子体,10000,15,-10000,10,false,null,null
981,molten.selenium,熔融硒,490,0,1000,1000,false,null,null
982,plasma.selenium,硒等离子体,10000,15,-10000,10,false,null,null
983,molten.bromine,溴,265,0,1000,10000,false,null,null
984,plasma.bromine,溴等离子体,10000,15,-10000,10,false,null,null
985,krypton,氪,115,15,-10000,10,false,null,null
986,plasma.krypton,氪等离子体,10000,15,-10000,10,false,null,null
987,molten.zirconium,熔融锆,2130,0,1000,1000,false,null,null
988,plasma.zirconium,锆等离子体,10000,15,-10000,10,false,null,null
989,molten.ruthenium,熔融钌,2525,0,1000,1000,false,null,null
990,plasma.ruthenium,钌等离子体,10000,15,-10000,10,false,null,null
991,molten.rhodium,熔融铑,2240,0,1000,1000,false,null,null
992,plasma.rhodium,铑等离子体,10000,15,-10000,10,false,null,null
993,molten.technetium,熔融锝,2475,0,1000,1000,false,null,null
994,plasma.technetium,锝等离子体,10000,15,-10000,10,false,null,null
995,molten.neptunium,熔融镎,915,0,1000,1000,false,null,null
996,plasma.neptunium,镎等离子体,10000,15,-10000,10,false,null,null
997,molten.iodine,熔融碘,385,0,1000,1000,false,null,null
998,plasma.iodine,碘等离子体,10000,15,-10000,10,false,null,null
999,xenon,氙,160,15,-10000,10,false,null,null
1000,plasma.xenon,氙等离子体,10000,15,-10000,10,false,null,null
1001,molten.hafnium,熔融铪,2425,0,1000,1000,false,null,null
1002,plasma.hafnium,铪等离子体,10000,15,-10000,10,false,null,null
1003,molten.rhenium,熔融铼,3455,0,1000,1000,false,null,null
1004,plasma.rhenium,铼等离子体,10000,15,-10000,10,false,null,null
1005,molten.thallium,熔融铊,575,0,1000,1000,false,null,null
1006,plasma.thallium,铊等离子体,10000,15,-10000,10,false,null,null
1007,molten.polonium,熔融钋,525,0,1000,1000,false,null,null
1008,plasma.polonium,钋等离子体,10000,15,-10000,10,false,null,null
1009,molten.radium,熔融镭,975,0,1000,1000,false,null,null
1010,plasma.radium,镭等离子体,10000,15,-10000,10,false,null,null
1011,molten.protactinium,熔融镤,1840,0,1000,1000,false,null,null
1012,plasma.protactinium,镤等离子体,10000,15,-10000,10,false,null,null
1013,molten.curium,熔融锔,1615,0,1000,1000,false,null,null
1014,plasma.curium,锔等离子体,10000,15,-10000,10,false,null,null
1015,molten.californium,熔融锎,1170,0,1000,1000,false,null,null
1016,plasma.californium,锎等离子体,10000,15,-10000,10,false,null,null
1017,molten.fermium,镄,1800,0,1000,10000,false,null,null
1018,plasma.fermium,镄等离子体,10000,15,-10000,10,false,null,null
1019,molten.lithium7,熔融锂-7,725,0,1000,1000,false,null,null
1020,molten.uranium232,熔融铀-232,1405,0,1000,1000,false,null,null
1021,plasma.uranium232,铀-232等离子体,10000,15,-10000,10,false,null,null
1022,molten.uranium233,熔融铀-233,1405,0,1000,1000,false,null,null
1023,plasma.uranium233,铀-233等离子体,10000,15,-10000,10,false,null,null
1024,molten.thorium232,熔融钍-232,2390,0,1000,1000,false,null,null
1025,plasma.thorium232,钍-232等离子体,10000,15,-10000,10,false,null,null
1026,molten.plutonium238,熔融钚-238,1185,0,1000,1000,false,null,null
1027,plasma.plutonium238,钚-238等离子体,10000,15,-10000,10,false,null,null
1028,molten.energycrystal,熔融能量水晶,4935,0,1000,1000,false,null,null
1029,molten.bloodsteel,熔融血钢,2775,0,1000,1000,false,null,null
1030,molten.staballoy,熔融贫铀合金,3725,0,1000,1000,false,null,null
1031,molten.tantalloy60,熔融钽钨合金-60,3300,0,1000,1000,false,null,null
1032,molten.tantalloy61,熔融钽钨合金-61,3305,0,1000,1000,false,null,null
1033,molten.tumbaga,熔融铜金合金,1575,0,1000,1000,false,null,null
1034,molten.potin,熔融铅青铜,1575,0,1000,1000,false,null,null
1035,molten.inconel625,熔融镍铬基合金-625,2700,0,1000,1000,false,null,null
1036,molten.inconel690,熔融镍铬基合金-690,3700,0,1000,1000,false,null,null
1037,molten.inconel792,熔融镍铬基合金-792,3700,0,1000,1000,false,null,null
1038,molten.nitinol60,熔融镍钛诺60,5925,0,1000,1000,false,null,null
1039,molten.zeron100,熔融塞龙-100,6375,0,1000,1000,false,null,null
1040,molten.maragingsteel250,熔融马氏体时效钢250,2685,0,1000,1000,false,null,null
1041,molten.maragingsteel300,熔融马氏体时效钢300,2685,0,1000,1000,false,null,null
1042,molten.maragingsteel350,熔融马氏体时效钢350,2685,0,1000,1000,false,null,null
1043,molten.watertightsteel,熔融防水钢,2945,0,1000,1000,false,null,null
1044,molten.stellite,熔融铬钴锰钛合金,4585,0,1000,1000,false,null,null
1045,molten.talonite,熔融铬钴磷酸盐合金,3725,0,1000,1000,false,null,null
1046,molten.hastelloyw,熔融哈斯特洛依合金-W,3625,0,1000,1000,false,null,null
1047,molten.hastelloyx,熔融哈斯特洛依合金-X,3625,0,1000,1000,false,null,null
1048,molten.hastelloyn,熔融哈斯特洛依合金-N,4625,0,1000,1000,false,null,null
1049,molten.hastelloyc276,熔融哈斯特洛依合金-C276,4625,0,1000,1000,false,null,null
1050,molten.incoloy020,熔融耐热铬铁合金-020,3700,0,1000,1000,false,null,null
1051,molten.incoloyds,熔融耐热铬铁合金-DS,3700,0,1000,1000,false,null,null
1052,molten.incoloyma956,熔融耐热铬铁合金-MA956,4700,0,1000,1000,false,null,null
1053,molten.tungstentitaniumcarbide,熔融碳化钨钛合金,4695,0,1000,1000,false,null,null
1054,molten.siliconcarbide,熔融碳化硅,1685,0,1000,1000,false,null,null
1055,molten.tantalumcarbide,熔融碳化钽,3255,0,1000,1000,false,null,null
1056,molten.zirconiumcarbide,熔融碳化锆,1830,0,1000,1000,false,null,null
1057,molten.niobiumcarbide,熔融碳化铌,2750,0,1000,1000,false,null,null
1058,molten.arcanite,熔融奥金,5940,0,1000,1000,false,null,null
1059,molten.grisium,熔融灰钛合金,4125,0,1000,1000,false,null,null
1060,molten.eglinsteelbasecompound,熔融埃格林钢粗胚,2070,0,1000,1000,false,null,null
1061,molten.eglinsteel,熔融埃格林钢,1320,0,1000,1000,false,null,null
1062,molten.hg1223,HG-1223,6630,0,1000,10000,false,null,null
1063,molten.hs188a,熔融HS188-A,5145,0,1000,1000,false,null,null
1064,molten.triniumtitaniumalloy,熔融三元钛合金,4025,0,1000,1000,false,null,null
1065,molten.triniumnaquadahalloy,熔融三元硅岩合金,4475,0,1000,1000,false,null,null
1066,molten.triniumnaquadahcarbonite,熔融掺碳三元硅岩合金,6775,0,1000,1000,false,null,null
1067,molten.arceusalloy2b,熔融阿尔宙斯合金2B,7830,0,1000,1000,false,null,null
1068,molten.koboldite,熔融妖金,2585,0,1000,1000,false,null,null
1069,molten.helicopter,熔融HeLiCoPtEr,6035,0,1000,1000,false,null,null
1070,molten.lafiumcompound,熔融路菲恩化合物,6625,0,1000,1000,false,null,null
1071,molten.cinobitea243,熔融西诺柏A243,7625,0,1000,1000,false,null,null
1072,molten.pikyonium64b,熔融皮卡优合金64B,7125,0,1000,1000,false,null,null
1073,molten.abyssalalloy,熔融深渊合金,9925,0,1000,1000,false,null,null
1074,molten.laurenium,熔融劳伦姆合金,7100,0,1000,1000,false,null,null
1075,molten.botmium,熔融博特姆合金,8495,0,1000,1000,false,null,null
1076,molten.titansteel,熔融泰坦精钢,8525,0,1000,1000,false,null,null
1077,molten.octiron,熔融八角铁,9395,0,1000,1000,false,null,null
1078,molten.blacktitanium,熔融黑钛,8035,0,1000,1000,false,null,null
1079,molten.babbitalloy,熔融巴氏合金,540,0,1000,1000,false,null,null
1080,molten.indalloy140,熔融铋铅合金140,5475,0,1000,1000,false,null,null
1081,molten.quantum,熔融量子合金,10775,0,1000,1000,false,null,null
1082,molten.celestialtungsten,熔融天体钨,9170,0,1000,1000,false,null,null
1083,plasma.celestialtungsten,天体钨等离子体,10000,15,-10000,10,false,null,null
1084,molten.astraltitanium,熔融星体钛,9715,0,1000,1000,false,null,null
1085,plasma.astraltitanium,星体钛等离子体,10000,15,-10000,10,false,null,null
1086,molten.chromaticglass,熔融彩色玻璃,9475,0,1000,1000,false,null,null
1087,plasma.chromaticglass,彩色玻璃等离子体,10000,15,-10000,10,false,null,null
1088,molten.advancednitinol,熔融高级镍钛诺,8675,0,1000,1000,false,null,null
1089,plasma.advancednitinol,高级镍钛诺等离子体,10000,15,-10000,10,false,null,null
1090,molten.hypogen,熔融海珀珍,10530,0,1000,1000,false,null,null
1091,plasma.hypogen,海珀珍等离子体,10000,15,-10000,10,false,null,null
1092,molten.rhugnor,熔融鲁格诺,9025,0,1000,1000,false,null,null
1093,plasma.rhugnor,鲁格诺等离子体,10000,15,-10000,10,false,null,null
1094,plasma.force,力量等离子体,10000,15,-10000,10,false,null,null
1095,molten.blackmetal,熔融黑物质,2625,0,1000,1000,false,null,null
1096,molten.ancientgranite,熔融古花岗岩,775,0,1000,1000,false,null,null
1097,molten.runite,熔融虚恩,7025,0,1000,1000,false,null,null
1098,plasma.runite,虚恩等离子体,10000,15,-10000,10,false,null,null
1099,molten.dragonblood,熔融龙血,10435,0,1000,1000,false,null,null
1100,plasma.dragonblood,龙血等离子体,10000,15,-10000,10,false,null,null
1101,molten.potassiumnitrate,熔融硝酸钾,425,0,1000,1000,false,null,null
1102,molten.sodiumnitrate,熔融硝酸钠,435,0,1000,1000,false,null,null
1103,molten.solarsaltcold,太阳能盐（冷）,430,0,1000,10000,false,null,null
1104,molten.solarsalthot,太阳能盐（热）,1475,0,1000,10000,false,null,null
1105,molten.strontiumoxide,熔融氧化锶,825,0,1000,1000,false,null,null
1106,molten.seleniumdioxide,二氧化硒,410,0,1000,10000,false,null,null
1107,molten.seleniousacid,亚硒酸,340,0,1000,10000,false,null,null
1108,hydrogencyanide,氢氰酸,275,15,-10000,10,false,null,null
1109,molten.wood'sglass,熔融伍德玻璃,1615,0,1000,1000,false,null,null
1110,molten.ammonium,铵,310,0,1000,10000,false,null,null
1111,molten.hydrogenchloridemix,氯化氢混合物,365,0,1000,10000,false,null,null
1112,molten.strontiumhydroxide,熔融氢氧化锶,645,0,1000,1000,false,null,null
1113,molten.aceticanhydride,乙酸酐,200,0,1000,10000,false,null,null
1114,molten.chloroaceticacid,一氯乙酸,335,0,1000,10000,false,null,null
1115,molten.dichloroaceticacid,二氯乙酸,285,0,1000,10000,false,null,null
1116,molten.trichloroaceticacid,三氯乙酸,330,0,1000,10000,false,null,null
1117,molten.chloroaceticmixture,氯乙酸混合物,315,0,1000,10000,false,null,null
1118,molten.sodiumcyanide,熔融氰化钠,835,0,1000,1000,false,null,null
1119,molten.cyanoaceticacid,熔融氰乙酸,340,0,1000,1000,false,null,null
1120,molten.solidacidcatalystmixture,固体酸催化剂混合物,265,0,1000,10000,false,null,null
1121,molten.copperiisulfate,熔融硫酸铜（II）,865,0,1000,1000,false,null,null
1122,molten.copperiisulfatepentahydrate,熔融五水合硫酸铜（II）,865,0,1000,1000,false,null,null
1123,molten.ethylcyanoacetate,氰乙酸乙酯,250,0,1000,10000,false,null,null
1124,molten.cyanoacrylatepolymer,氰基丙烯酸酯聚合物,250,0,1000,10000,false,null,null
1125,molten.ethylcyanoacrylatesuperglue,氰基丙烯酸乙酯（502胶水）,250,0,1000,10000,false,null,null
1126,molten.mutatedlivingsolder,突变活性焊料,75,0,1000,10000,false,null,null
1127,molten.fluoritef,熔融氟石（F）,325,0,1000,1000,false,null,null
1128,molten.thoriumtetrafluoride,四氟化钍,1355,0,1000,10000,false,null,null
1129,molten.thoriumhexafluoride,六氟化钍,1700,0,1000,10000,false,null,null
1130,molten.uraniumtetrafluoride,四氟化铀,865,0,1000,10000,false,null,null
1131,molten.uraniumhexafluoride,六氟化铀,595,0,1000,10000,false,null,null
1132,molten.berylliumfluoride,氟化铍,1080,0,1000,10000,false,null,null
1133,molten.lithiumfluoride,氟化锂,525,0,1000,10000,false,null,null
1134,molten.ammoniumbifluoride,氟化氢铵,400,0,1000,10000,false,null,null
1135,molten.berylliumhydroxide,氢氧化铍,815,0,1000,10000,false,null,null
1136,molten.ammoniumtetrafluoroberyllate,氟铍酸铵,555,0,1000,10000,false,null,null
1137,neptuniumhexafluoride,六氟化镎,620,15,-10000,10,false,null,null
1138,technetiumhexafluoride,六氟化锝,1400,15,-10000,10,false,null,null
1139,seleniumhexafluoride,六氟化硒,410,15,-10000,10,false,null,null
1140,molten.sodiumfluoride,氟化钠,485,0,1000,10000,false,null,null
1141,molten.lithiumtetrafluoroberyllatelftb,四氟铍酸锂（LTFB）,840,0,1000,10000,false,null,null
1142,molten.lftrfuel3,液态氟钍反应堆燃料3,840,0,1000,10000,false,null,null
1143,molten.lftrfuel2,液态氟钍反应堆燃料2,925,0,1000,10000,false,null,null
1144,molten.lftrfuel1,液态氟钍反应堆燃料1,865,0,1000,10000,false,null,null
1145,molten.burntreactorfueli,枯竭反应堆燃料 I,1130,0,1000,10000,false,null,null
1146,molten.burntreactorfuelii,枯竭反应堆燃料 II,1130,0,1000,10000,false,null,null
1147,molten.uraniumdepletedmoltensaltusalt,枯竭铀熔盐,1075,0,1000,10000,false,null,null
1148,molten.heliumspargedusalt,氦涤枯竭铀熔盐,1075,0,1000,10000,false,null,null
1149,molten.phosphorousuraniumhexafluoridepuf6,磷化六氟化铀（P-UF6）,505,0,1000,10000,false,null,null
1150,molten.stablemoltensaltbase,稳定熔盐基,800,0,1000,10000,false,null,null
1151,molten.lftrfuelbase,液态氟钍反应堆基燃料,835,0,1000,10000,false,null,null
1152,molten.thoriumdepletedmoltensalttsalt,枯竭钍熔盐,940,0,1000,10000,false,null,null
1153,molten.thoriumberylliumdepletedmoltensalttbsalt,枯竭钍铍熔盐,985,0,1000,10000,false,null,null
1154,molten.fluorinespargedtsalt,氟涤枯竭钍熔盐,940,0,1000,10000,false,null,null
1155,molten.fluorinespargedtbsalt,氟涤枯竭钍铍熔盐,985,0,1000,10000,false,null,null
1156,molten.fluorinateduraniumhexafluoridefuf6,氟化六氟化铀（F-UF6）,460,0,1000,10000,false,null,null
1157,zirconiumtetrafluoride,四氟化锆,500,0,1000,1000,false,null,null
1158,fluid.sludge,流动污泥,295,8,8196,3000,true,miscutils:miscutils_fluidBlockSludge,gtPlusPlus.core.block.general.fluids.BlockFluidSludge
1159,mud.red.slurry,赤泥浆,207,0,1000,1000,false,null,null
1160,propionicacid,丙酸,200,0,1000,1000,false,null,null
1161,fermentation.base,发酵基,200,0,1000,1000,false,null,null
1162,ureamix,尿素混合物,200,0,1000,1000,false,null,null
1163,liquidresin,液态树脂,200,0,1000,1000,false,null,null
1164,butanol,丁醇,200,0,1000,1000,false,null,null
1165,froth.zincflotation,闪锌泡沫,207,0,1000,1000,false,null,null
1166,froth.copperflotation,黄铜泡沫,207,0,1000,1000,false,null,null
1167,froth.nickelflotation,镍泡沫,207,0,1000,1000,false,null,null
1168,froth.platinumflotation,铂泡沫,207,0,1000,1000,false,null,null
1169,froth.pentlanditeflotation,镍黄铁泡沫,207,0,1000,1000,false,null,null
1170,froth.redstoneflotation,红石泡沫,207,0,1000,1000,false,null,null
1171,froth.spessartineflotation,锰铝榴石泡沫,207,0,1000,1000,false,null,null
1172,froth.grossularflotation,钙铝榴石泡沫,207,0,1000,1000,false,null,null
1173,froth.almandineflotation,铁铝榴石泡沫,207,0,1000,1000,false,null,null
1174,froth.pyropeflotation,镁铝榴石泡沫,207,0,1000,1000,false,null,null
1175,froth.monaziteflotation,独居石泡沫,207,0,1000,1000,false,null,null
1176,froth.netherrackflotation,地狱岩泡沫,207,0,1000,1000,false,null,null
1177,pineoil,松油,207,0,1000,1000,false,null,null
1178,fluid.coalgas,煤气,500,0,1000,1000,false,null,null
1179,fluid.ethylbenzene,乙苯,136,0,1000,1000,false,null,null
1180,fluid.anthracene,蒽,340,0,1000,1000,false,null,null
1181,fluid.coaltaroil,煤焦油,240,0,1000,1000,false,null,null
1182,fluid.sulfuriccoaltaroil,含硫煤焦油,240,0,1000,1000,false,null,null
1183,fluid.naphthalene,萘,115,0,1000,1000,false,null,null
1184,nitrobenzene,硝基苯,278,0,1000,1000,false,null,null
1185,aniline,苯胺,266,0,1000,1000,false,null,null
1186,boricacid,硼酸,278,0,1000,1000,false,null,null
1187,polyurethane,聚氨酯,350,0,1000,1000,false,null,null
1188,cyclohexane,环己烷,207,0,1000,1000,false,null,null
1189,cyclohexanone,环己酮,207,0,1000,1000,false,null,null
1190,cadaverine,尸胺,207,0,1000,1000,false,null,null
1191,putrescine,腐胺,207,0,1000,1000,false,null,null
1192,fluid.2ethylanthraquinone,2-乙基蒽醌,415,0,1000,1000,false,null,null
1193,fluid.2ethylanthrahydroquinone,2-乙基蒽氢醌,415,0,1000,1000,false,null,null
1194,fluid.hydrogenperoxide,过氧化氢,150,0,1000,1000,false,null,null
1195,fluid.lithiumperoxide,过氧化锂,446,0,1000,1000,false,null,null
1196,carbondisulfide,二硫化碳,350,0,1000,1000,false,null,null
1197,fluid.kerosene,煤油,233,0,1000,1000,false,null,null
1198,fluid.rp1fuel,RP-1,500,0,1000,1000,false,null,null
1199,fluid.nitrogentetroxide,四氧化二氮,261,0,1000,1000,false,null,null
1200,fluid.hydrazine,肼,275,0,1000,1000,false,null,null
1201,fluid.monomethylhydrazine,一甲基肼,221,0,1000,1000,false,null,null
1202,fluid.ammoniumnitrateslurry,水合硝酸铵浆液,450,0,1000,1000,false,null,null
1203,fluid.liquidhydrogen,液氢,14,0,1000,1000,false,null,null
1204,fluid.formaldehyde,甲醛,185,0,1000,1000,false,null,null
1205,fluid.rocketfuelmixa,H8N4C2O4火箭燃料,216,0,1000,1000,false,null,null
1206,fluid.rocketfuelmixb,RP-1火箭燃料,250,0,1000,1000,false,null,null
1207,fluid.rocketfuelmixc,CN3H7O3火箭燃料,221,0,1000,1000,false,null,null
1208,fluid.rocketfuelmixd,浓缩肼火箭燃料,275,0,1000,1000,false,null,null
1209,fluid.burntlifbef2thf4uf4,枯竭铀钍复合氟化物熔盐,545,0,1000,1000,false,null,null
1210,fluid.burntlifbef2zrf4uf4,枯竭铀锆复合氟化物熔盐,520,0,1000,1000,false,null,null
1211,fluid.burntlifbef2zrf4u235,枯竭铀235复合氟化物熔盐,533,0,1000,1000,false,null,null
1212,fluid.impurelifbef2,含杂熔盐基,533,0,1000,1000,false,null,null
1213,nuclear.waste,核废水,1000,0,1000,10000,false,null,null
1214,fluid.geneticmutagen,遗传诱变剂,12,0,1000,1000,false,null,null
1215,cryotheum,极寒之凛冰,5,0,1000,1000,true,miscutils:FluidCryotheum,gtPlusPlus.xmod.thermalfoundation.block.TFBlockFluidCryotheum
1216,pyrotheum,烈焰之炽焱,4000,0,1000,1000,true,miscutils:FluidPyrotheum,gtPlusPlus.xmod.thermalfoundation.block.TFBlockFluidPyrotheum
1217,hydrofluoricacid,工业氢氟酸,120,0,1000,1000,false,null,null
1218,sulfurousacid,亚硫酸,75,0,1000,1000,false,null,null
1219,sulfuricapatite,硫酸-磷灰石混合物,500,0,1000,1000,false,null,null
1220,hydrogenchloride,工业氯化氢,75,0,1000,1000,false,null,null
1221,sulfuriclithium,硫酸锂混合物,280,0,1000,1000,false,null,null
1222,lithiumhydroxide,氢氧化锂,500,0,1000,1000,false,null,null
1223,fluid.raisinjuice,葡萄汁,2,0,1000,1000,false,null,null
1224,mobessence,怪物精华液,0,0,1000,1000,false,null,null
1225,cropsnh.fertilizer,肥料,300,0,1000,1000,false,null,null
1226,cropsnh.enrichedfertilizer,富集肥料,300,0,1000,1000,false,null,null
1227,cropsnh:fwheat,发酵小麦酒,295,0,1125,1125,false,null,null
1228,cropsnh:korn,科恩酒,295,0,1125,1125,false,null,null
1229,cropsnh:dkorn,两次蒸馏的科恩酒,295,0,1125,1125,false,null,null
1230,cropsnh:freed,发酵甘蔗水,295,0,1125,1125,false,null,null
1231,cropsnh:swhine,糖浆,295,0,1125,1125,false,null,null
1232,cropsnh:mash,麦芽浆,295,0,1125,1125,false,null,null
1233,cropsnh:wash,淡酒,295,0,1125,1125,false,null,null
1234,cropsnh:ghp,无商标的高酒精度饮料（假酒）,295,0,1125,1125,false,null,null
1235,cropsnh:jagi,正牌野格牌利口酒!,295,0,1125,1125,false,null,null
1236,cropsnh:njagi,假冒野格牌利口酒,295,0,1125,1125,false,null,null
1237,liquidmethane,液态甲烷,300,0,400,2500,true,GalaxySpace:liquidmethane,galaxyspace.core.block.BlockMethane
1238,biofuel,生物燃料,300,0,600,2500,true,GalaxySpace:biofuel,galaxyspace.core.block.BlockBioFuel
1239,unknowwater,不明液体,300,0,400,3000,true,GalaxySpace:unknowwater,galaxyspace.BarnardsSystem.planets.barnardaC.block.BarnardaCBlockUnknowWater
1240,sludge,菌泥,300,2,1800,25000,true,ToxicEverglades:fluidSludge,gtPlusPlus.core.block.base.BlockBaseFluid
1241,pressurized_water,加压水,300,0,1000,1000,false,null,null
1242,shimmer,fluid.gtnl.fluid.shimmer,300,0,1000,800,true,sciencenotleisure:shimmer_fluid_block,com.science.gtnl.common.block.blocks.BlockShimmerFluid
1243,moltenaeonsteel,熔融伊恩钢,1300,15,3000,6000,true,tinkersdefense:moltenaeonsteel,gmail.Lance5057.liquids.moltenAeonsteelFluid
1244,moltenqueensgold,熔融女王之金,1300,15,3000,6000,true,tinkersdefense:moltenQueensGold,gmail.Lance5057.liquids.moltenQueensGoldFluid
1245,moltendogbearium,熔融多格比合金,1300,15,3000,6000,true,tinkersdefense:moltenDogbearium,gmail.Lance5057.liquids.moltenDogbeariumFluid
1246,cryotheum_solution,凛冰溶液,120,5,1400,900,true,neoecoae:cryotheum_solution,cn.dancingsnow.neoecoae.all.NEFluids$NEBlockFluid
1247,aquaregiaoth,fluid.aquaregiaoth,300,0,100,300,true,123Technology:aquaregiaoth,com.newmaa.othtech.common.blocks.fluids.FluidAquaRegia
1248,lcl,fluid.lcl,300,0,100,300,true,123Technology:LCL,com.newmaa.othtech.common.blocks.fluids.FluidLCL
1249,molten.bedrockiumingots,熔融基岩锭,1300,0,3000,6000,false,null,null
1250,molten.unstableingots,熔融不稳定金属锭,1300,0,3000,6000,false,null,null
1251,oilgc,GC石油,300,0,800,1500,false,null,null
1252,fuelgc,GC燃油,300,0,400,900,false,null,null
1253,atmosphericgases,大气气体,295,0,1,13,false,null,null
1254,liquidargon,液态氩,87,0,900,100,false,null,null
1255,bacterialsludge,菌泥,300,0,800,1500,true,GalacticraftMars:tile.sludge,micdoodle8.mods.galacticraft.planets.mars.blocks.BlockSludge
1256,betterquesting.placeholder,占位符,300,0,1000,1000,false,null,null
1257,fulvic acid,黄腐酸,300,0,1000,1000,false,null,null
1258,heated fulvic acid,热黄腐酸,720,0,1000,1000,false,null,null
1259,kerogen,油母质,300,0,1000,1000,false,null,null
1260,fluorecentddna,荧光DNA,300,0,1000,1000,false,null,null
1261,enzymessollution,酶溶液,300,0,1000,1000,false,null,null
1262,penicillin,青霉素,300,0,1000,1000,false,null,null
1263,polymerase,聚合酶,300,0,1000,1000,false,null,null
1264,saccharomycescerevisiaefluid,普通酵母菌液体,300,0,1000,1000,false,null,null
1265,saccharomycescerevisiaevarbayanusfluid,葡萄酒酵母菌液体,300,0,1000,1000,false,null,null
1266,saccharomycescerevisiaevarcerevisiaefluid,啤酒酵母菌液体,300,0,1000,1000,false,null,null
1267,escherichiakolifluid,大肠杆菌液体,300,0,1000,1000,false,null,null
1268,pseudomonasveroniifluid,石油厌氧菌液体,300,0,1000,1000,false,null,null
1269,saccharomycesescherichiafluid,通用酵母菌液体,300,0,1000,1000,false,null,null
1270,barnadafisarboriatorisfluid,巴纳德乔木培养液,300,0,1000,1000,false,null,null
1271,tcetieisfucusserratusfluid,鲸鱼座T星藻类培养液,300,0,1000,1000,false,null,null
1272,binnibacteriafluid,双杆菌液体,300,0,1000,1000,false,null,null
1273,oganesson,鿫,300,0,-100,200,false,null,null
1274,molten.calcium,熔融钙,1115,1,1000,1000,false,null,null
1275,molten.bartimaeusnek,熔融BArTiMaEuSNeK,9001,15,1000,1000,false,null,null
1276,platinum concentrate,浓缩铂,300,0,1000,1000,false,null,null
1277,aqua regia,王水,300,0,1000,1000,false,null,null
1278,ammonium chloride,氯化铵,300,0,1000,1000,false,null,null
1279,palladium enriched ammonia,富钯氨,300,0,1000,1000,false,null,null
1280,sodium formate,甲酸钠,300,0,1000,1000,false,null,null
1281,formic acid,甲酸,300,0,1000,1000,false,null,null
1282,molten.potassium disulfate,熔融焦硫酸钾,1123,1,1000,1000,false,null,null
1283,rhodium sulfate,硫酸铑,300,0,-100,200,false,null,null
1284,rhodium sulfate solution,硫酸铑溶液,300,0,1000,1000,false,null,null
1285,calcium chloride,氯化钙,300,0,1000,1000,false,null,null
1286,ruthenium tetroxide,四氧化钌,313,0,1000,1000,false,null,null
1287,hot ruthenium tetroxide solution,热四氧化钌溶液,700,0,1000,1000,false,null,null
1288,ruthenium tetroxide solution,四氧化钌溶液,313,0,1000,1000,false,null,null
1289,acidic osmium solution,酸性锇溶液,300,0,1000,1000,false,null,null
1290,osmium solution,锇溶液,300,0,1000,1000,false,null,null
1291,acidic iridium solution,酸性铱溶液,300,0,1000,1000,false,null,null
1292,rhodium salt solution,铑盐溶液,300,0,1000,1000,false,null,null
1293,rhodium filter cake solution,铑滤饼溶液,300,0,1000,1000,false,null,null
1294,molten.rhodium-plated palladium,熔融镀铑钯,4500,15,1000,1000,false,null,null
1295,molten.ruridit,熔融钌铱合金,4500,15,1000,1000,false,null,null
1296,molten.high durability compound steel,熔融高耐久性复合钢,9000,15,1000,1000,false,null,null
1297,molten.ademic steel,熔融阿岱姆钢,1800,5,1000,1000,false,null,null
1298,hexafluorosilicic acid,氟硅酸,300,0,1000,1000,false,null,null
1299,unformed fluorophlogopite,未定型氟金云母,300,0,1000,1000,false,null,null
1300,liquid helium,液氦,4,0,1000,1000,false,null,null
1301,molten.tantalum hafnium carbide,熔融碳化钽铪,4263,15,1000,1000,false,null,null
1302,molten.magnesia,熔融苦土,488,0,1000,1000,false,null,null
1303,uranium based liquid fuel,铀基流体燃料,300,0,1000,1000,false,null,null
1304,uranium based liquid fuel (excited state),铀基流体燃料（激发态）,300,0,1000,1000,false,null,null
1305,uranium based liquid fuel (depleted),铀基流体燃料（枯竭的）,300,0,1000,1000,false,null,null
1306,thorium based liquid fuel,钍基流体燃料,300,0,1000,1000,false,null,null
1307,thorium based liquid fuel (excited state),钍基流体燃料（激发态）,300,0,1000,1000,false,null,null
1308,thorium based liquid fuel (depleted),钍基流体燃料（枯竭的）,300,0,1000,1000,false,null,null
1309,plutonium based liquid fuel,钚基流体燃料,300,0,1000,1000,false,null,null
1310,plutonium based liquid fuel (excited state),钚基流体燃料（激发态）,300,0,1000,1000,false,null,null
1311,plutonium based liquid fuel (depleted),钚基流体燃料（枯竭的）,300,0,1000,1000,false,null,null
1312,oxalic acid,草酸,300,0,1000,1000,false,null,null
1313,thorium nitrate,硝酸钍,300,0,1000,1000,false,null,null
1314,thorium tetrachloride,四氯化钍,300,0,1000,1000,false,null,null
1315,thorium tetrafluoride,四氟化钍,300,0,1000,1000,false,null,null
1316,thorium-232 tetrafluoride,四氟化钍-232,300,0,1000,1000,false,null,null
1317,molten.orundum,熔融合成玉,1123,1,1000,1000,false,null,null
1318,molten.atomic separation catalyst,熔融原子分离催化剂,5000,15,1000,1000,false,null,null
1319,molten.extremely unstable naquadah,熔融极不稳定硅岩,7000,15,1000,1000,false,null,null
1320,light naquadah fuel,轻质硅岩燃料,300,0,1000,1000,false,null,null
1321,heavy naquadah fuel,重质硅岩燃料,300,0,1000,1000,false,null,null
1322,naquadah gas,硅岩气,300,0,-100,200,false,null,null
1323,naquadah asphalt,硅岩沥青,300,0,1000,1000,false,null,null
1324,ether,乙醚,300,0,1000,1000,false,null,null
1325,antimony trichloride solution,三氯化锑溶液,300,0,1000,1000,false,null,null
1326,antimony pentachloride solution,五氯化锑溶液,300,0,1000,1000,false,null,null
1327,antimony pentachloride,五氯化锑,300,0,1000,1000,false,null,null
1328,antimony pentafluoride,五氟化锑,300,0,1000,1000,false,null,null
1329,fluoroantimonic acid,氟锑酸,300,0,1000,1000,false,null,null
1330,acid naquadah emulsion,酸性硅岩乳液,300,0,1000,1000,false,null,null
1331,naquadah emulsion,硅岩乳液,300,0,1000,1000,false,null,null
1332,naquadah solution,硅岩溶液,300,0,1000,1000,false,null,null
1333,naquadah based liquid fuel mki,硅岩基流体燃料 Mk-I,300,0,1000,1000,false,null,null
1334,naquadah based liquid fuel mki (depleted),硅岩基流体燃料 Mk-I（枯竭的）,300,0,1000,1000,false,null,null
1335,naquadah based liquid fuel mkii,硅岩基流体燃料 Mk-II,300,0,1000,1000,false,null,null
1336,naquadah based liquid fuel mkii (depleted),硅岩基流体燃料 Mk-II（枯竭的）,300,0,1000,1000,false,null,null
1337,naquadah based liquid fuel mkiii,硅岩基流体燃料 Mk-III,300,0,1000,1000,false,null,null
1338,naquadah based liquid fuel mkiii (depleted),硅岩基流体燃料 Mk-III（枯竭的）,300,0,1000,1000,false,null,null
1339,naquadah based liquid fuel mkiv,硅岩基流体燃料 Mk-IV,300,0,1000,1000,false,null,null
1340,naquadah based liquid fuel mkiv (depleted),硅岩基流体燃料 Mk-IV（枯竭的）,300,0,1000,1000,false,null,null
1341,naquadah based liquid fuel mkv,硅岩基流体燃料 Mk-V,300,0,1000,1000,false,null,null
1342,naquadah based liquid fuel mkv (depleted),硅岩基流体燃料 Mk-V（枯竭的）,300,0,1000,1000,false,null,null
1343,naquadah based liquid fuel mkvi,硅岩基流体燃料 Mk-VI,300,0,1000,1000,false,null,null
1344,naquadah based liquid fuel mkvi (depleted),硅岩基流体燃料 Mk-VI（枯竭的）,300,0,1000,1000,false,null,null
1345,molten.zn-th alloy,熔融锌钍合金,1123,1,1000,1000,false,null,null
1346,low quality naquadah emulsion,低纯硅岩乳液,300,0,1000,1000,false,null,null
1347,low quality naquadah solution,低纯硅岩溶液,300,0,1000,1000,false,null,null
1348,2-ethyl-1-hexanol,2-乙基己醇,300,0,1000,1000,false,null,null
1349,p-507,P-507,300,0,1000,1000,false,null,null
1350,naquadah-adamantium solution,硅岩-精金溶液,300,0,1000,1000,false,null,null
1351,naquadah-rich solution,高纯硅岩溶液,300,0,1000,1000,false,null,null
1352,fluorine-rich waste liquid,富氟废液,300,0,1000,1000,false,null,null
1353,waste liquid,废液,300,0,1000,1000,false,null,null
1354,enriched-naquadah-rich solution,高纯富集硅岩溶液,300,0,1000,1000,false,null,null
1355,naquadria-rich solution,高纯超能硅岩溶液,300,0,1000,1000,false,null,null
1356,low quality naquadria sulphate,低纯硫酸超能硅岩,300,0,1000,1000,false,null,null
1357,naquadah goo,硅岩黏浆,300,0,1000,1000,false,null,null
1358,enriched naquadah goo,富集硅岩黏浆,300,0,1000,1000,false,null,null
1359,naquadria goo,超能硅岩黏浆,300,0,1000,1000,false,null,null
1360,molten.zircaloy-4,熔融锆锡合金-4,2800,11,1000,1000,false,null,null
1361,molten.zircaloy-2,熔融锆锡合金-2,2800,11,1000,1000,false,null,null
1362,molten.incoloy-903,熔融耐热铬铁合金-903,3700,15,1000,1000,false,null,null
1363,molten.adamantium alloy,熔融精金合金,5500,15,1000,1000,false,null,null
1364,ethanol gasoline,乙醇汽油,300,0,1000,1000,false,null,null
1365,cyclopentadiene,环戊二烯,300,0,1000,1000,false,null,null
1366,iron ii chloride,氯化亚铁,300,0,1000,1000,false,null,null
1367,diethylamine,二乙胺,300,0,1000,1000,false,null,null
1368,impure ferrocene mixture,含杂二茂铁混合物,300,0,1000,1000,false,null,null
1369,ferrocene solution,二茂铁溶液,300,0,1000,1000,false,null,null
1370,ferrocene waste,二茂铁废水,300,0,1000,1000,false,null,null
1371,jet fuel no.3,航空煤油#3,300,0,1000,1000,false,null,null
1372,jet fuel a,航空煤油A,300,0,1000,1000,false,null,null
1373,molten.mar-m200 steel,熔融MAR-M200特种钢,5000,15,1000,1000,false,null,null
1374,molten.mar-ce-m200 steel,熔融MAR-Ce-M200特种钢,5000,15,1000,1000,false,null,null
1375,molten.lithium chloride,熔融氯化锂,1123,1,1000,1000,false,null,null
1376,molten.signalium,熔融信素,4000,15,1000,1000,false,null,null
1377,molten.lumiium,熔融流明,4000,15,1000,1000,false,null,null
1378,molten.artherium-sn,熔融阿瑟锡,6500,15,1000,1000,false,null,null
1379,molten.tanmolyium beta-c,熔融钛钼合金β-C,5300,15,1000,1000,false,null,null
1380,molten.dalisenite,熔融大力合金,8700,15,1000,1000,false,null,null
1381,molten.hikarium,熔融光素,5400,15,1000,1000,false,null,null
1382,molten.tairitsu,熔融对立合金,7400,15,1000,1000,false,null,null
1383,antimony pentafluoride solution,五氟化锑溶液,300,0,1000,1000,false,null,null
1384,molten.precious metals alloy,熔融稀有金属合金,10000,15,1000,1000,false,null,null
1385,molten.enriched naquadah alloy,熔融富集硅岩合金,11000,15,1000,1000,false,null,null
1386,molten.metastable oganesson,熔融亚稳态鿫,11000,15,1000,1000,false,null,null
1387,molten.shirabon,熔融调律源金,13000,15,1000,1000,false,null,null
1388,hafnium tetrachloride solution,四氯化铪溶液,300,0,1000,1000,false,null,null
1389,zirconium tetrachloride solution,四氯化锆溶液,300,0,1000,1000,false,null,null
1390,iodine,碘,484,0,-100,200,false,null,null
1391,muddy monazite rare earth solution,独居石稀土浊溶液,300,0,1000,1000,false,null,null
1392,diluted monazite rare earth mud,稀释独居石稀土泥浆,300,0,1000,1000,false,null,null
1393,diluted monazite sulfate,稀释硫酸独居石溶液,300,0,1000,1000,false,null,null
1394,nitrogenated monazite rare earth concentrate,浓缩氮化独居石稀土溶液,300,0,1000,1000,false,null,null
1395,nitric monazite leached concentrate,浓缩硝酸独居石浸出溶液,300,0,1000,1000,false,null,null
1396,ammonium nitrate solution,硝酸铵溶液,300,0,1000,1000,false,null,null
1397,seaweed concentrate,浓缩海藻溶液,300,0,1000,1000,false,null,null
1398,potassium permanganate solution,高锰酸钾溶液,300,0,1000,1000,false,null,null
1399,seaweed byproducts,海藻副产,300,0,1000,1000,false,null,null
1400,nitric-leached monazite mixture,硝酸独居石浸出混合物,300,0,1000,1000,false,null,null
1401,muddy bastnasite rare earth solution,氟碳镧铈稀土浊溶液,300,0,1000,1000,false,null,null
1402,sodiumfluorosilicate,氟硅酸钠,300,0,1000,1000,false,null,null
1403,steam-cracked bastnasite mud,蒸汽裂化氟碳镧铈泥浆,300,0,1000,1000,false,null,null
1404,conditioned bastnasite mud,调制氟碳镧铈泥浆,300,0,1000,1000,false,null,null
1405,diluted bastnasite mud,稀释氟碳镧铈泥浆,300,0,1000,1000,false,null,null
1406,filtered bastnasite mud,过滤氟碳镧铈泥浆,300,0,1000,1000,false,null,null
1407,nitrogenated bastnasite rarer earth oxides,氮化氟碳镧铈罕土氧化物,300,0,1000,1000,false,null,null
1408,bastnasite rarer earth oxide suspension,氟碳镧铈罕土氧化物悬浊液,300,0,1000,1000,false,null,null
1409,calcium fluoride,氟化钙,300,0,1000,1000,false,null,null
1410,"1,4-butanediol","1,4-丁二醇",300,0,1000,1000,false,null,null
1411,dinitrotoluene,二硝基甲苯,300,0,1000,1000,false,null,null
1412,diaminotoluene,二氨基甲苯,300,0,1000,1000,false,null,null
1413,molten.potassium chlorate,熔融氯酸钾,1123,1,1000,1000,false,null,null
1414,diluted acetone,稀释丙酮,300,0,1000,1000,false,null,null
1415,muddy samarium rare earth solution,钐稀土浊液,300,0,1000,1000,false,null,null
1416,samarium rare earth mud,钐稀土泥浆,300,0,1000,1000,false,null,null
1417,diluted samarium rare earth solution,钐稀土稀释液,300,0,1000,1000,false,null,null
1418,molten.samarium(iii)-chloride,熔融氯化钐（III）,1123,1,1000,1000,false,null,null
1419,chlorinated rare earth concentrate,氯化稀土浓缩液,300,0,1000,1000,false,null,null
1420,chlorinated rare earth enriched solution,氯化稀土富集液,300,0,1000,1000,false,null,null
1421,chlorinated rare earth diluted solution,氯化稀土稀释液,300,0,1000,1000,false,null,null
1422,lanthanum extracting nano resin,镧萃取纳米树脂,300,0,1000,1000,false,null,null
1423,filled lanthanum extracting nano resin,满溢的镧萃取纳米树脂,300,0,1000,1000,false,null,null
1424,praseodymium extracting nano resin,镨萃取纳米树脂,300,0,1000,1000,false,null,null
1425,filled praseodymium extracting nano resin,满溢的镨萃取纳米树脂,300,0,1000,1000,false,null,null
1426,cerium extracting nano resin,铈萃取纳米树脂,300,0,1000,1000,false,null,null
1427,filled cerium extracting nano resin,满溢的铈萃取纳米树脂,300,0,1000,1000,false,null,null
1428,neodymium extracting nano resin,钕萃取纳米树脂,300,0,1000,1000,false,null,null
1429,filled neodymium extracting nano resin,满溢的钕萃取纳米树脂,300,0,1000,1000,false,null,null
1430,samarium extracting nano resin,钐萃取纳米树脂,300,0,1000,1000,false,null,null
1431,filled samarium extracting nano resin,满溢的钐萃取纳米树脂,300,0,1000,1000,false,null,null
1432,europium extracting nano resin,铕萃取纳米树脂,300,0,1000,1000,false,null,null
1433,filled europium extracting nano resin,满溢的铕萃取纳米树脂,300,0,1000,1000,false,null,null
1434,gadolinium extracting nano resin,钆萃取纳米树脂,300,0,1000,1000,false,null,null
1435,filled gadolinium extracting nano resin,满溢的钆萃取纳米树脂,300,0,1000,1000,false,null,null
1436,terbium extracting nano resin,铽萃取纳米树脂,300,0,1000,1000,false,null,null
1437,filled terbium extracting nano resin,满溢的铽萃取纳米树脂,300,0,1000,1000,false,null,null
1438,dysprosium extracting nano resin,镝萃取纳米树脂,300,0,1000,1000,false,null,null
1439,filled dysprosium extracting nano resin,满溢的镝萃取纳米树脂,300,0,1000,1000,false,null,null
1440,holmium extracting nano resin,钬萃取纳米树脂,300,0,1000,1000,false,null,null
1441,filled holmium extracting nano resin,满溢的钬萃取纳米树脂,300,0,1000,1000,false,null,null
1442,erbium extracting nano resin,铒萃取纳米树脂,300,0,1000,1000,false,null,null
1443,filled erbium extracting nano resin,满溢的铒萃取纳米树脂,300,0,1000,1000,false,null,null
1444,thulium extracting nano resin,铥萃取纳米树脂,300,0,1000,1000,false,null,null
1445,filled thulium extracting nano resin,满溢的铥萃取纳米树脂,300,0,1000,1000,false,null,null
1446,ytterbium extracting nano resin,镱萃取纳米树脂,300,0,1000,1000,false,null,null
1447,filled ytterbium extracting nano resin,满溢的镱萃取纳米树脂,300,0,1000,1000,false,null,null
1448,lutetium extracting nano resin,镥萃取纳米树脂,300,0,1000,1000,false,null,null
1449,filled lutetium extracting nano resin,满溢的镥萃取纳米树脂,300,0,1000,1000,false,null,null
1450,lanthanum chloride concentrate,氯化镧浓缩液,300,0,1000,1000,false,null,null
1451,praseodymium chloride concentrate,氯化镨浓缩液,300,0,1000,1000,false,null,null
1452,cerium chloride concentrate,氯化铈浓缩液,300,0,1000,1000,false,null,null
1453,neodymium chloride concentrate,氯化钕浓缩液,300,0,1000,1000,false,null,null
1454,promethium chloride concentrate,氯化钷浓缩液,300,0,1000,1000,false,null,null
1455,samarium chloride concentrate,氯化钐浓缩液,300,0,1000,1000,false,null,null
1456,europium chloride concentrate,氯化铕浓缩液,300,0,1000,1000,false,null,null
1457,gadolinium chloride concentrate,氯化钆浓缩液,300,0,1000,1000,false,null,null
1458,terbium chloride concentrate,氯化铽浓缩液,300,0,1000,1000,false,null,null
1459,dysprosium chloride concentrate,氯化镝浓缩液,300,0,1000,1000,false,null,null
1460,holmium chloride concentrate,氯化钬浓缩液,300,0,1000,1000,false,null,null
1461,erbium chloride concentrate,氯化铒浓缩液,300,0,1000,1000,false,null,null
1462,thulium chloride concentrate,氯化铥浓缩液,300,0,1000,1000,false,null,null
1463,ytterbium chloride concentrate,氯化镱浓缩液,300,0,1000,1000,false,null,null
1464,lutetium chloride concentrate,氯化镥浓缩液,300,0,1000,1000,false,null,null
1465,molten.cerium-doped lutetium aluminium oxygen blend,熔融掺铈镥铝氧混合物,1123,1,1000,1000,false,null,null
1466,fluoroform,氟仿,300,0,1000,1000,false,null,null
1467,reactive-ion etching mixture,反应性离子刻蚀混合物,300,0,1000,1000,false,null,null
1468,boron trichloride,三氯化硼,300,0,1000,1000,false,null,null
1469,silane-nitrogen plasma mixture,硅烷-氮等离子混合物,300,0,1000,1000,false,null,null
1470,hot super coolant,热超级冷却液,300,0,1000,1000,false,null,null
1471,sodium tungstate,钨酸钠,300,0,1000,1000,false,null,null
1472,phosgene,碳酰氯,300,0,1000,1000,false,null,null
1473,nitromethane,硝基甲烷,300,0,1000,1000,false,null,null
1474,molten.holmium garnet,熔融钬石榴石,1123,1,1000,1000,false,null,null
1475,pure mana,至纯魔力,300,0,1000,1000,false,null,null
1476,liquid mana,液态魔力,300,0,1000,1000,false,null,null
1477,purified mana,纯净魔力,300,0,1000,1000,false,null,null
1478,stabilise void matter,稳定虚空物质,300,0,1000,1000,false,null,null
1479,liquid stargate,液态星门,300,0,1000,1000,false,null,null
1480,concentrated uu-matter,浓缩UU物质,300,0,1000,1000,false,null,null
1481,highly energetic dimensional entropic fluid,高能维度熵流体,300,0,1000,1000,false,null,null
1482,chrono-dimensionally annihilative entropic fluid,时空湮灭维度熵流体,300,0,1000,1000,false,null,null
1483,eohb-solution,EOHB-Solution,300,0,1000,1000,false,null,null
1484,fluidgalaxy,FluidGalaxy,300,0,1000,1000,false,null,null
1485,fluidvoid,FluidVoid,300,0,1000,1000,false,null,null
1486,moltenstar,MoltenStar,300,0,1000,1000,false,null,null
1487,l.c.l,L.C.L,300,0,1000,1000,false,null,null
1488,a.l.s,A.L.S,300,0,1000,1000,false,null,null
1489,fuela,FUELA,300,0,1000,1000,false,null,null
1490,fuela_de,FUELA_DE,300,0,1000,1000,false,null,null
1491,promoterzpm,PromoterZPM,300,0,1000,1000,false,null,null
1492,promoteruev,PromoterUEV,300,0,1000,1000,false,null,null
1493,hcl10,HCl10,300,0,1000,1000,false,null,null
1494,hcl100,HCl100,300,0,1000,1000,false,null,null
1495,hcl1000,HCl1000,300,0,1000,1000,false,null,null
1496,hcl10000,HCl10000,300,0,1000,1000,false,null,null
1497,hcl100000,HCl100000,300,0,1000,1000,false,null,null
1498,molten.irossm,熔融IrOsSm,114514,15,1000,1000,false,null,null
1499,ethylenediamine,乙二胺,300,0,1000,1000,false,null,null
1500,ethanolamine,乙醇胺,300,0,1000,1000,false,null,null
1501,silica gel base,硅胶基质,300,0,1000,1000,false,null,null
1502,fluoroboric acid,氟硼酸,300,0,1000,1000,false,null,null
1503,boron fluoride,氟化硼,300,0,1000,1000,false,null,null
1504,benzaldehyde,苯甲醇,300,0,1000,1000,false,null,null
1505,hydrobromic acid,氢溴酸,300,0,1000,1000,false,null,null
1506,hydroxylamine hydrochloride,盐酸羟胺,300,0,1000,1000,false,null,null
1507,molten.acrylonitrile butadiene styrene,熔融ABS塑料,1123,1,1000,1000,false,null,null
1508,nitrous acid,亚硝酸,300,0,1000,1000,false,null,null
1509,sodium nitrate solution,硝酸钠溶液,300,0,1000,1000,false,null,null
1510,benzylamine,苄胺,300,0,1000,1000,false,null,null
1511,glyoxal,乙二醛,300,0,1000,1000,false,null,null
1512,benzyl chloride,氯化苄,300,0,1000,1000,false,null,null
1513,maleic anhydride,顺丁烯二酸酐,300,0,1000,1000,false,null,null
1514,super mutated living solder,超突变活性焊料,300,0,1000,1000,false,null,null
1515,molten.polyimide,熔融聚酰亚胺,1123,1,1000,1000,false,null,null
1516,ployamic acid,聚酰胺酸（PAA）,300,0,1000,1000,false,null,null
1517,oxydianiline,二氨基二苯醚,300,0,1000,1000,false,null,null
1518,molten.germaniumtungstennitride,熔融锗-钨氮化物,8200,15,1000,1000,false,null,null
1519,molten.polyetheretherketone,熔融聚醚醚酮,1123,1,1000,1000,false,null,null
1520,fluid mana,液态魔力,300,0,1000,1000,false,null,null
1521,excited naquadah fuel,激发的混合硅岩基燃料,300,0,1000,1000,false,null,null
1522,rare earth hydroxides,稀土氢氧化物,300,0,1000,1000,false,null,null
1523,rare earth chlorides,稀土氯化物,300,0,1000,1000,false,null,null
1524,barnarda c sappy,巴纳德C树汁,300,0,1000,1000,false,null,null
1525,neutralised red mud,中和赤泥,300,0,1000,1000,false,null,null
1526,ferric ree chloride,含稀土氯化铁,300,0,1000,1000,false,null,null
1527,landoxides solution,镧-钕氧化物,300,0,1000,1000,false,null,null
1528,smgdoxides solution,钐-钆氧化物,300,0,1000,1000,false,null,null
1529,tbhooxides solution,铽-钬氧化物,300,0,1000,1000,false,null,null
1530,erluoxides solution,饵-镥氧化物,300,0,1000,1000,false,null,null
1531,molten.molybdenum disilicide,熔融二硅化钼,2301,8,1000,1000,false,null,null
1532,molten.hsla steel,熔融HSLA钢,1711,4,1000,1000,false,null,null
1533,molten.actinium,熔融锕,1123,1,1000,1000,false,null,null
1534,molten.rutherfordium,熔融𬬻,1123,1,1000,1000,false,null,null
1535,molten.dubnium,熔融𬭊,1123,1,1000,1000,false,null,null
1536,molten.seaborgium,熔融𬭳,1123,1,1000,1000,false,null,null
1537,molten.bohrium,熔融𬭛,1123,1,1000,1000,false,null,null
1538,molten.hassium,熔融𬭶,1123,1,1000,1000,false,null,null
1539,molten.meitnerium,熔融鿏,1123,1,1000,1000,false,null,null
1540,molten.darmstadtium,熔融𫟼,1123,1,1000,1000,false,null,null
1541,molten.roentgenium,熔融𬬭,1123,1,1000,1000,false,null,null
1542,molten.copernicium,熔融鿔,1123,1,1000,1000,false,null,null
1543,molten.moscovium,熔融镆,1123,1,1000,1000,false,null,null
1544,molten.livermorium,熔融𫟷,1123,1,1000,1000,false,null,null
1545,molten.astatine,熔融砹,1123,1,1000,1000,false,null,null
1546,molten.tennessine,熔融鿬,1123,1,1000,1000,false,null,null
1547,molten.francium,熔融钫,1123,1,1000,1000,false,null,null
1548,molten.berkelium,熔融锫,1123,1,1000,1000,false,null,null
1549,molten.einsteinium,熔融锿,1123,1,1000,1000,false,null,null
1550,molten.mendelevium,熔融钔,1123,1,1000,1000,false,null,null
1551,molten.nobelium,熔融锘,1123,1,1000,1000,false,null,null
1552,molten.lawrencium,熔融铹,1123,1,1000,1000,false,null,null
1553,molten.nihonium,熔融鿭,1123,1,1000,1000,false,null,null
1554,benzenediazonium tetrafluoroborate,四氟硼酸重氮苯,300,0,1000,1000,false,null,null
1555,fluoro benzene,氟苯,300,0,1000,1000,false,null,null
1556,antimony trifluoride,三氟化锑,300,0,1000,1000,false,null,null
1557,fluorotoluene,氟甲苯,300,0,1000,1000,false,null,null
1558,resorcinol,间苯二酚,300,0,1000,1000,false,null,null
1559,hydroquinone,对苯二酚,300,0,1000,1000,false,null,null
1560,fluorine cracked naquadah,加氟裂化硅岩,300,0,1000,1000,false,null,null
1561,enriched naquadah waste,富集硅岩废液,300,0,1000,1000,false,null,null
1562,radon cracked enriched naquadah,加氡裂化富集硅岩,300,0,1000,1000,false,null,null
1563,naquadria waste,超能硅岩废液,300,0,1000,1000,false,null,null
1564,small baka,硝苯氮,300,0,1000,1000,false,null,null
1565,large baka,𫟼苯氮,300,0,1000,1000,false,null,null
1566,molten.compressed steam,熔融压缩蒸汽,1123,1,1000,1000,false,null,null
1567,molten.stronze,熔融青钢,1123,1,1000,1000,false,null,null
1568,molten.breel,熔融青铁,1123,1,1000,1000,false,null,null
1569,gravel sluice,沙砾泥浆,300,0,1000,1000,false,null,null
1570,sand sluice,沙子泥浆,300,0,1000,1000,false,null,null
1571,obsidian sluice,黑曜石泥浆,300,0,1000,1000,false,null,null
1572,gem sluice,宝石泥浆,300,0,1000,1000,false,null,null
1573,ender air,末地空气,300,0,-100,200,false,null,null
1574,liquid ender air,液态末地空气,300,0,1000,1000,false,null,null
1575,mixture pineoil,松油混合物,300,0,1000,1000,false,null,null
1576,toxic mercury sludge,剧毒水银污泥,300,0,1000,1000,false,null,null
1577,post process be waste,后处理铍废液,300,0,1000,1000,false,null,null
1578,quantum infusion,量子灌输液,300,0,1000,1000,false,null,null
1579,glow thorium,荧光钍燃料,300,0,1000,1000,false,null,null
1580,mixed uranium fuel,混合铀燃料,300,0,1000,1000,false,null,null
1581,uranium waste,铀废料,300,0,1000,1000,false,null,null
1582,ammonium bisulfate,硫酸氢铵,300,0,1000,1000,false,null,null
1583,ammonium persulfate,过硫酸铵,300,0,1000,1000,false,null,null
1584,twilight sluice,暮色泥浆,300,0,1000,1000,false,null,null
1585,molten.periodicium,熔融錭錤錶,1123,1,1000,1000,false,null,null
1586,molten.stargate,熔融星门,1123,1,1000,1000,false,null,null
1587,solution.bluevitriol,蓝矾溶液,295,0,1000,1000,false,null,null
1588,solution.nickelsulfate,硫酸镍溶液,295,0,1000,1000,false,null,null
1589,solution.greenvitriol,绿矾溶液,295,0,1000,1000,false,null,null
1590,indiumconcentrate,铟富集溶液,295,0,1000,1000,false,null,null
1591,leadzincsolution,铅锌溶液,295,0,1000,1000,false,null,null
1592,molten.blood_infused_iron,熔融注血铁,1400,0,3000,6000,false,null,null
1593,molten.brine,卤水,485,0,1000,10000,false,null,null
1594,froth.naquadahenrichedflotation,富集硅岩泡沫,207,0,1000,1000,false,null,null
