Category,Name,Key,Parents,ParentsHidden,Siblings,PermWarp,StickyWarp,Tag,ItemTrigger,EntityTrigger,AspectTrigger,DisplayColumn,DisplayRow
BASICS,"扭曲,咒波,所有那些坏东西",WARP,,,WARPWARNING,0,0,<empty>,,,,0,2
BASICS,研究,RESEARCH,,,WARPWARNING,0,0,<empty>,,,,2,0
BASICS,附魔,ENCHANT,,,,0,0,<empty>,,,,-4,-2
BASICS,灵气和节点,NODES,,,@TMNODES,0,0,<empty>,,,,-2,0
BASICS,研究拷贝,RESEARCHDUPE,RESEARCHER2,,,0,0,12xSensus;12xCognitio;12xFabrico;9xLucrum;6xPerditio;3xPotentia,,,,4,5
BASICS,矿石,ORE,,,,0,0,<empty>,,,,-2,-2
BASICS,魔力源质,ASPECTS,,,,0,0,<empty>,,,,0,0
BASICS,知识碎片,KNOWFRAG,RESEARCH,,,0,0,<empty>,,,,3,-2
BASICS,研究精通,RESEARCHER2,RESEARCHER1,,,1,1,9xCognitio;9xSensus;6xOrdo;6xLux;3xPermutatio,,,,3,3
BASICS,血腥崇拜,CRIMSON,,,,2,1,<empty>,,,,0,4
BASICS,容器扫描,salisarcana:CHESTSCAN,DECONSTRUCTOR,,,0,0,10xOrdo;10xPerditio;10xPermutatio,,,,8,3
BASICS,缸中节点,NODEJAR,NODEPRESERVE,,,0,0,12xAuram;12xMotus;9xLucrum;6xPermutatio;3xVitreus,,,,-7,4
BASICS,研究专长,RESEARCHER1,RESEARCH,,,0,0,6xCognitio;6xSensus;6xOrdo;3xLux,,,,4,1
BASICS,节点催生,NODECATALYZATION,NODEJAR;NODETAPPER2,JARLABEL,,4,4,20xAuram;15xVacuos;12xLucrum;9xAlienis;6xCognitio;3xPraecantatio,,,,-5,4
BASICS,大师节点引流术,NODETAPPER2,NODETAPPER1,,,0,0,12xPermutatio;12xAuram;9xPraecantatio;6xMotus;3xPotentia,,,,-3,3
BASICS,解构工作台,DECONSTRUCTOR,RESEARCHER1,,,0,0,9xSensus;9xAuram;6xLucrum;3xFames,,,,6,2
BASICS,扭曲警报,WARPWARNING,,,,0,0,<empty>,,,,1,1
BASICS,进阶节点引流术,NODETAPPER1,NODES,,,0,0,9xPermutatio;9xAuram;6xPraecantatio;3xMotus,,,,-4,1
BASICS,魔导手册,THAUMONOMICON,RESEARCH,,,0,0,<empty>,,,,1,-2
BASICS,植物&树木,PLANTS,,,,0,0,<empty>,,,,-2,-4
BASICS,节点防护术,NODEPRESERVE,NODETAPPER1,,,0,0,9xPerditio;9xCognitio;6xFabrico;3xInstrumentum,,,,-6,2
BASICS,岩精,PECH,,,,0,0,<empty>,,,,-4,-4
THAUMATURGY,节点稳定器,NODESTABILIZER,NODEPRESERVE,,,0,0,9xAuram;9xPotentia;6xPraecantatio;3xOrdo,,,,-7,-4
THAUMATURGY,杖柄替换,salisarcana:REPLACEWANDCORE,ROD_greatwood,,,0,0,8xPraecantatio;4xPermutatio;4xInstrumentum;4xArbor,,,,-6,2
THAUMATURGY,复合充能核心,WANDPEDFOC,WANDPED,,,0,0,15xInstrumentum;15xAuram;12xPraecantatio;12xPotentia;9xPermutatio;6xCognitio;3xLucrum,,,,-10,-7
THAUMATURGY,五阶升级:嗜血魔蝠,VAMPBAT,FOCUSHELLBAT,FOCALMANIPULATION,,2,2,15xFames;15xPraecantatio;12xVictus;12xExanimis;9xCognitio;3xIra;6xAlienis,,,,4,-8
THAUMATURGY,白骨杖柄,ROD_bone,ROD_greatwood;INFUSION,,TB.ROD_bone,1,1,9xInstrumentum;9xPraecantatio;6xExanimis;6xPerditio;3xArbor,,,,-3,0
THAUMATURGY,基础法杖工艺,BASICTHAUMATURGY,,,,0,0,<empty>,,,,0,0
THAUMATURGY,法杖核心:采掘,FOCUSEXCAVATION,FOCUSFIRE,,,0,0,9xTerra;9xPraecantatio;6xPerditio;3xMotus,,,,0,-3
THAUMATURGY,工艺权杖,SCEPTRE,ROD_silverwood,,thaumicenergistics.Pseudo.SCEPTRE,0,0,12xInstrumentum;12xFabrico;9xArbor;6xPraecantatio;3xCognitio,,,,0,4
THAUMATURGY,杖端替换,salisarcana:REPLACEWANDCAPS,CAP_gold,,,0,0,8xPraecantatio;4xPermutatio;4xInstrumentum;4xMetallum,,,,4,2
THAUMATURGY,石英杖芯,ROD_quartz_staff,ROD_quartz,ROD_greatwood_staff,,0,0,12xInstrumentum;12xPraecantatio;9xVitreus;6xOrdo;6xAer;3xTerra,,,,-4,6
THAUMATURGY,法杖核心:九狱,FOCUSHELLBAT,,FOCUSFIRE;INFUSION,,1,1,12xPraecantatio;9xIter;9xIgnis;6xBestia;3xMotus,,Thaumcraft.Firebat,Ignis,3,-7
THAUMATURGY,Vis充能中继器,VISCHARGERELAY,VISPOWER;WANDPED,ROD_greatwood,,0,0,12xPotentia;12xPraecantatio;9xMachina;9xAuram;6xIgnis;3xAer,,,,-7,-6
THAUMATURGY,寒霜杖柄,ROD_ice,ROD_greatwood;INFUSION,,TB.ROD_ice,0,0,9xInstrumentum;9xPraecantatio;6xAqua;6xGelum;3xArbor,,,,-7,4
THAUMATURGY,高级节点稳定器,NODESTABILIZERADV,NODESTABILIZER,,TB.NODESTABILIZERADV,1,1,12xAuram;9xPotentia;9xPraecantatio;6xOrdo;3xAlienis,,,,-8,-3
THAUMATURGY,甘蔗杖柄,ROD_reed,ROD_greatwood;INFUSION,,TB.ROD_reed,0,0,9xInstrumentum;9xPraecantatio;6xAer;6xHerba;3xArbor,,,,-5,-1
THAUMATURGY,魔法手杖,ROD_greatwood_staff,ROD_silverwood,,TXROD_greatwood_staff,0,0,12xInstrumentum;12xPraecantatio;9xArbor;6xIgnis;6xAer;3xTerra,,,,-1,7
THAUMATURGY,核心祛魔,salisarcana:FOCUS_DISENCHANTING,FOCALMANIPULATION,,,0,0,4xAuram;6xPraecantatio;8xVacuos;4xPerditio,,,,-2,-8
THAUMATURGY,银树杖芯,ROD_silverwood_staff,ROD_silverwood,ROD_greatwood_staff,,0,0,15xInstrumentum;15xPraecantatio;12xArbor;9xOrdo;6xAer;3xTerra,,,,-1,5
THAUMATURGY,法杖核心:寒霜,FOCUSFROST,FOCUSFIRE,,,0,0,9xAqua;9xGelum;6xPraecantatio;3xMotus,,,,1,-5
THAUMATURGY,魔力存储,VISAMULET,WANDPED,,,0,0,15xVacuos;15xAuram;9xPraecantatio;12xPotentia;6xVitreus;3xTempus,,,,-9,-8
THAUMATURGY,核心镶饰台,FOCALMANIPULATION,VISPOWER,INFUSION;FOCUSFIRE,,0,0,15xPotentia;12xPraecantatio;12xInstrumentum;9xVitreus;9xFabrico;3xAlienis;5xCognitio,,,,-3,-8
THAUMATURGY,法杖核心,FOCUSFIRE,BASICTHAUMATURGY,,thaumicenergistics.Pseudo.FOCUSFIRE,0,0,6xIgnis;6xPraecantatio;3xMotus,,,,2,-2
THAUMATURGY,金杖端,CAP_gold,BASICTHAUMATURGY,,TB.CAP_gold,0,0,9xInstrumentum;6xMetallum;3xLucrum,,,,3,2
THAUMATURGY,银树杖柄,ROD_silverwood,ROD_greatwood;INFUSION,,TB.ROD_silverwood,0,0,12xInstrumentum;12xPraecantatio;9xCognitio;6xHerba;3xArbor,,,,-2,5
THAUMATURGY,掌控魔力,VISPOWER,NODESTABILIZER,,thaumicenergistics.Pseudo.VISPOWER;TB.VISPOWER,0,0,12xAuram;9xPotentia;3xPraecantatio;6xMachina,,,,-5,-6
THAUMATURGY,法杖核心手袋,FOCUSPOUCH,FOCUSFIRE,,,0,0,9xInstrumentum;9xVacuos;6xPraecantatio;3xPannus,,,,4,-1
THAUMATURGY,铜杖端,CAP_copper,BASICTHAUMATURGY,,,0,0,3xInstrumentum;6xMetallum;6xPermutatio,,,,2,0
THAUMATURGY,甘蔗杖芯,ROD_reed_staff,ROD_reed,ROD_greatwood_staff,,0,0,12xInstrumentum;12xPraecantatio;9xHerba;6xAer;6xIgnis;3xTerra,,,,-5,-2
THAUMATURGY,法杖核心:震击,FOCUSSHOCK,FOCUSFIRE,,,0,0,9xAer;6xPraecantatio;9xPotentia;3xMotus,,,,3,-5
THAUMATURGY,银杖端,CAP_silver,CAP_gold;INFUSION,,,0,0,3xMetallum;3xLucrum;3xInstrumentum;3xAuram,,,,5,1
THAUMATURGY,石英杖柄,ROD_quartz,ROD_greatwood;INFUSION,,TB.ROD_quartz,0,0,9xInstrumentum;9xPraecantatio;6xTerra;6xOrdo;3xArbor,,,,-5,5
THAUMATURGY,基础神秘学,CAP_iron,,,,0,0,<empty>,,,,0,0
THAUMATURGY,法杖核心:守护,FOCUSWARDING,FOCUSEXCAVATION;INFUSION,,,0,0,12xTerra;12xCognitio;9xOrdo;6xTutamen;3xPraecantatio,,,,-2,-4
THAUMATURGY,黑曜石杖柄,ROD_obsidian,ROD_greatwood;INFUSION,,TB.ROD_obsidian,0,0,9xInstrumentum;9xPraecantatio;6xIgnis;6xPotentia;3xArbor,,,,-8,2
THAUMATURGY,法杖核心:便携式洞穴,FOCUSPORTABLEHOLE,FOCUSTRADE;INFUSION,,,0,0,12xAer;12xIter;9xAlienis;6xPerditio;3xPraecantatio,,,,7,-2
THAUMATURGY,神秘杖端,CAP_thaumium,CAP_gold;THAUMIUM;INFUSION,,TXCAP_thaumium,0,0,6xInstrumentum;9xAuram;12xMetallum;3xPraecantatio,,,,5,4
THAUMATURGY,基础神秘学,ROD_wood,,,,0,0,<empty>,,,,0,0
THAUMATURGY,宏伟之木杖柄,ROD_greatwood,BASICTHAUMATURGY,,TB.ROD_greatwood;TXROD_greatwood,0,0,9xInstrumentum;6xPraecantatio;3xArbor,,,,-5,2
THAUMATURGY,烈焰杖柄,ROD_blaze,ROD_greatwood;INFUSION,,TB.ROD_blaze,0,0,9xInstrumentum;9xPraecantatio;6xAer;6xHerba;3xArbor,,,,-7,0
THAUMATURGY,白骨杖芯,ROD_bone_staff,ROD_bone,ROD_greatwood_staff,,2,1,12xInstrumentum;12xPraecantatio;9xExanimis;6xPerditio;6xAer;3xTerra,,,,-2,-1
THAUMATURGY,黑曜石杖芯,ROD_obsidian_staff,ROD_obsidian,ROD_greatwood_staff,,0,0,12xInstrumentum;12xPraecantatio;9xTerra;6xIgnis;6xAer;3xPotentia,,,,-9,2
THAUMATURGY,法杖核心:更替,FOCUSTRADE,FOCUSFIRE,,,0,0,9xPermutatio;9xPraecantatio;6xTerra;3xMotus,,,,4,-3
THAUMATURGY,冰霜杖芯,ROD_ice_staff,ROD_ice,ROD_greatwood_staff,,0,0,12xInstrumentum;12xPraecantatio;9xGelum;6xAqua;6xAer;3xTerra,,,,-8,5
THAUMATURGY,法杖充能基座,WANDPED,INFUSION;NODEPRESERVE;NODESTABILIZER,,GADOMANCY.PSEUDO.WANDPED,0,0,12xAuram;9xPotentia;3xPraecantatio;6xPermutatio,,,,-9,-6
THAUMATURGY,烈焰杖芯,ROD_blaze_staff,ROD_blaze,ROD_greatwood_staff,,0,0,12xInstrumentum;12xPraecantatio;9xIgnis;6xPotentia;6xAer;3xTerra,,,,-8,-1
ALCHEMY,源动之焰,ALUMENTUM,CRUCIBLE,,,0,0,3xIgnis;3xPraecantatio;6xPerditio,,,,2,1
ALCHEMY,坩埚,CRUCIBLE,,,TB.CRUCIBLE,0,0,<empty>,,,,0,0
ALCHEMY,混沌过程,ENTROPICPROCESSING,ALCHEMICALDUPLICATION,,,0,0,9xFabrico;9xPraecantatio;6xLucrum;3xPerditio,,,,-6,1
ALCHEMY,嬗变术:炼铁术,TRANSIRON,THAUMIUM,,WG.TRANSIRON,0,0,6xMetallum;3xOrdo;3xPermutatio,,,,0,5
ALCHEMY,源质管道,TUBES,DISTILESSENTIA,,,0,0,9xPraecantatio;6xPermutatio;9xAqua;3xOrdo,,,,7,0
ALCHEMY,嬗变术:炼钢术,GT_IRON_TO_STEEL,TRANSIRON;GT_WOOD_TO_CHARCOAL,,,0,0,5xMetallum;3xPermutatio;3xOrdo,,,,13,8
ALCHEMY,嬗变术:电池合金,GT_TRANSBATTERYALLOY,GT_TRANSBRONZE;GT_TRANSANTIMONY,,,0,0,5xMetallum;6xPermutatio;3xIgnis,,,,11,13
ALCHEMY,嬗变术:炼锡术,TRANSTIN,TRANSIRON,,,0,0,9xMetallum;6xVitreus;3xPermutatio,,,,2,7
ALCHEMY,嬗变术:水,GT_FILL_WATER_BUCKET,,,,0,0,4xPermutatio;4xAqua,,,,16,5
ALCHEMY,祛邪肥皂,SANESOAP,BATHSALTS,,,0,0,12xSano;12xAlienis;9xCognitio;6xOrdo;3xPraecantatio,,,,-3,-6
ALCHEMY,嬗变术:焊锡,GT_TRANSSOLDERINGALLOY,GT_TRANSBRONZE;GT_TRANSANTIMONY,,,0,0,5xMetallum;6xPermutatio;3xIgnis,,,,11,14
ALCHEMY,嬗变术:炼锑术,GT_TRANSANTIMONY,GT_TRANSZINC;TRANSLEAD,,,0,0,5xMetallum;3xPermutatio;3xAqua,,,,9,14
ALCHEMY,晶簇化:银,PURESILVER,PUREIRON,,,0,0,9xMetallum;9xLucrum;6xOrdo;3xPraecantatio,,,,-3,8
ALCHEMY,晶簇化:锡,PURETIN,PUREIRON,,,0,0,9xMetallum;9xVitreus;6xOrdo;3xPraecantatio,,,,-4,7
ALCHEMY,嬗变术:炼铜术,TRANSCOPPER,TRANSIRON,,,0,0,9xMetallum;6xOrdo;3xPermutatio,,,,2,5
ALCHEMY,奥法离心机,CENTRIFUGE,TUBEFILTER,,WG.CENTRIFUGE,0,0,12xFabrico;9xPerditio;12xPermutatio;6xPraecantatio;3xMachina,,,,10,0
ALCHEMY,虚空罐子,JARVOID,JARLABEL,,TXJARVOID,0,0,6xVacuos;9xPerditio;6xPraecantatio,,,,5,-5
ALCHEMY,源质蒸馏,DISTILESSENTIA,NITOR;ALUMENTUM,,JARLABEL;thaumicenergistics.Pseudo.DISTILESSENTIA;TB.DISTILESSENTIA;TXDISTILESSENTIA,0,0,9xLimus;6xPraecantatio;3xIgnis;9xAqua,,,,5,-1
ALCHEMY,碎片重结晶术,GT_CRYSTALLISATION,ALCHEMICALMANUFACTURE,,,0,0,5xVitreus;3xPermutatio;3xOrdo,,,,-11,-3
ALCHEMY,玻璃安瓿,PHIAL,,,,0,0,<empty>,,,,0,-2
ALCHEMY,嬗变术:炼锌术,GT_TRANSZINC,TRANSTIN,,,0,0,5xMetallum;3xPermutatio;3xSano,,,,9,13
ALCHEMY,嬗变术:炼铝术,GT_TRANSALUMINIUM,GT_ADVANCEDMETALLURGY,,,0,0,5xMetallum;3xPermutatio;3xVolatus;3xOrdo;3xIgnis,,,,19,14
ALCHEMY,嬗变术:青铜,GT_TRANSBRONZE,TRANSTIN;TRANSCOPPER,,,0,0,5xMetallum;3xPermutatio;3xInstrumentum,,,,13,11
ALCHEMY,嬗变术:琥珀金,GT_TRANSELECTRUM,GT_TRANSBRONZE;TRANSGOLD;TRANSSILVER,,,0,0,5xMetallum;3xPermutatio;3xLucrum,,,,11,11
ALCHEMY,神秘锭,THAUMIUM,CRUCIBLE,,TB.THAUMIUM,0,0,3xMetallum;3xPraecantatio,,,Metallum,-1,3
ALCHEMY,嬗变术:炼铅术,TRANSLEAD,TRANSIRON,,,0,0,9xMetallum;6xOrdo;3xPermutatio,,,,0,9
ALCHEMY,嬗变术:炼金术,TRANSGOLD,TRANSIRON,,,0,0,9xMetallum;6xLucrum;3xPermutatio,,,,2,3
ALCHEMY,晶簇化:铜,PURECOPPER,PUREIRON,,,0,0,9xMetallum;15xOrdo;3xPraecantatio,,,,-4,5
ALCHEMY,神秘源质罐子,THAUMIUMREINFORCEDJAR,JARLABEL,,,0,0,3xTutamen;3xAqua;3xLucrum;3xVacuos,,,,3,-4
ALCHEMY,嬗变术:木炭,GT_WOOD_TO_CHARCOAL,ALUMENTUM,,,0,0,10xArbor;8xVacuos;8xIgnis,,,,13,5
ALCHEMY,嬗变术:白铜,GT_TRANSCUPRONICKEL,GT_TRANSBRONZE;GT_TRANSNICKEL,,,0,0,5xMetallum;6xPermutatio;3xIgnis,,,,11,16
ALCHEMY,净化浴盐,BATHSALTS,,,WG.BATHSALTS,0,0,9xSano;6xCognitio;9xAuram;6xOrdo;3xPraecantatio,,,,-4,-4
ALCHEMY,嬗变术:炼钴术,GT_TRANSCOBALT,GT_TRANSNICKEL,,,0,0,5xMetallum;3xPermutatio;3xInstrumentum,,,,9,16
ALCHEMY,自动炼金,THAUMATORIUM,CENTRIFUGE,,,0,0,12xFabrico;9xAqua;12xPermutatio;6xPraecantatio;3xCognitio,,,,10,-2
ALCHEMY,炼金制造,ALCHEMICALMANUFACTURE,ALCHEMICALDUPLICATION,,WG.ALCHEMICALMANUFACTURE,0,0,9xFabrico;9xPraecantatio;6xLucrum;3xPermutatio,,,,-5,-2
ALCHEMY,死亡之水,LIQUIDDEATH,ENTROPICPROCESSING,,,2,1,9xAqua;9xMortuus;6xPerditio;6xVenenum;3xTenebrae,,,Mortuus;Venenum,-7,3
ALCHEMY,进阶金属嬗变术,GT_ADVANCEDMETALLURGY,GT_TRANSBISMUTH;GT_IRON_TO_STEEL;GT_TRANSSOLDERINGALLOY;GT_TRANSBATTERYALLOY;GT_TRANSBRASS;GT_TRANSELECTRUM;GT_TRANSCUPRONICKEL;GT_TRANSINVAR,,,0,0,50xMetallum;20xPermutatio;20xCognitio;20xPraecantatio;20xNebrisum;20xMagneto,,,,16,14
ALCHEMY,嬗变术:陨石,GT_TRANSSKYSTONE,GT_ADVANCEDMETALLURGY,,,0,0,5xMetallum;3xPermutatio;3xVolatus;3xAlienis;3xTerra,,,,19,15
ALCHEMY,天域花,ETHEREALBLOOM,CRUCIBLE,,,0,0,9xVitium;9xPraecantatio;6xSano;6xHerba;3xLux;3xTerra,,,Vitium,-2,-3
ALCHEMY,灵液源质罐子,ICHORJAR,THAUMIUMREINFORCEDJAR,ICHOR,,0,0,3xTutamen;3xAlienis;3xAqua;5xLucrum;5xVacuos,,,,2,-5
ALCHEMY,嬗变术:黄铜,GT_TRANSBRASS,GT_TRANSBRONZE;GT_TRANSZINC,,,0,0,5xMetallum;3xPermutatio;3xInstrumentum,,,,11,12
ALCHEMY,魔力油脂,TALLOW,CRUCIBLE,,TXTALLOW,0,0,6xCorpus;6xPraecantatio;3xMotus,,,,-2,0
ALCHEMY,嬗变术:炼镍术,GT_TRANSNICKEL,TRANSLEAD,,,0,0,5xMetallum;3xPermutatio;3xIgnis,,,,9,15
ALCHEMY,嬗变术:玄武岩,GT_TRANSMINERAL,GT_ADVANCEDMETALLURGY,,,0,0,5xMetallum;3xPermutatio;3xVolatus;3xMagneto;3xTerra,,,,19,16
ALCHEMY,源质结晶器 ,ESSENTIACRYSTAL,TUBES,,,0,0,12xAqua;9xPraecantatio;12xPermutatio;6xVitreus;3xTerra,,,,8,-2
ALCHEMY,奥术浴场,ARCANESPA,BATHSALTS,,,0,0,9xOrdo;9xAqua;6xMachina;6xSano;3xPraecantatio,,,,-6,-5
ALCHEMY,嬗变术:炼银术,TRANSSILVER,TRANSIRON,,,0,0,9xMetallum;6xLucrum;3xPermutatio,,,,1,8
ALCHEMY,金属晶簇化,PUREIRON,THAUMIUM,,WG.PUREIRON,0,0,6xMetallum;6xOrdo;3xVitreus,,,,-2,5
ALCHEMY,炼金复制,ALCHEMICALDUPLICATION,TALLOW,,thaumicenergistics.Pseudo.ALCHEMICALDUPLICATION,0,0,9xFabrico;6xPraecantatio;9xLucrum;3xPermutatio,,,,-4,0
ALCHEMY,嬗变术:殷钢,GT_TRANSINVAR,GT_TRANSBRONZE;GT_TRANSNICKEL,,,0,0,5xMetallum;3xPermutatio;3xGelum,,,,11,15
ALCHEMY,闪耀之光,NITOR,CRUCIBLE,,,0,0,6xLux;3xIgnis;3xPraecantatio,,,,2,-1
ALCHEMY,腐化瓶,BOTTLETAINT,ENTROPICPROCESSING,,,3,2,12xVitium;12xPraecantatio;12xAqua;9xPerditio;9xTenebrae;6xVenenum;3xStrontio,,,Vitium,-8,1
ALCHEMY,晶簇化:金,PUREGOLD,PUREIRON,,,0,0,9xMetallum;9xLucrum;6xOrdo;3xPraecantatio,,,,-4,3
ALCHEMY,高级源质管道,TUBEFILTER,TUBES,,thaumicenergistics.Pseudo.TUBEFILTER,0,0,12xPraecantatio;9xPermutatio;12xAqua;6xOrdo;3xLimus,,,,9,1
ALCHEMY,晶簇化:铅,PURELEAD,PUREIRON,,,0,0,9xMetallum;9xPermutatio;6xOrdo;3xPraecantatio,,,,-2,9
ALCHEMY,嬗变术:炼铋术,GT_TRANSBISMUTH,GT_TRANSCOBALT,,,0,0,5xMetallum;3xPermutatio;3xInstrumentum,,,,11,17
ALCHEMY,源质罐子和标签,JARLABEL,DISTILESSENTIA,,GADOMANCY.PSEUDO.JARLABEL;WG.JARLABEL,0,0,<empty>,,,,4,-3
ARTIFICE,应急护盾护身符,RUNICEMERGENCY,RUNICARMOR,,,0,0,15xVacuos;12xPraecantatio;9xTerra;9xTutamen;6xAlienis;6xSano;3xCognitio,,,,4,5
ARTIFICE,揭示之护目镜,GOGGLES,THAUMOMETER,,,0,0,3xAuram;9xPraecantatio;9xSensus;6xInstrumentum,,,,4,1
ARTIFICE,魔力布匹,ENCHFABRIC,,,TB.ENCHFABRIC;WG.ENCHFABRIC,0,0,6xPannus;6xPraecantatio;3xTutamen,,,,0,3
ARTIFICE,奥术升级槽,TINKERSAUGMENTATION,,,,0,0,20xInstrumentum;20xPraecantatio,,,,7,6
ARTIFICE,炽心镐,ELEMENTALPICK,THAUMIUM;INFUSION,,,0,0,15xInstrumentum;12xIgnis;9xPerfodio;6xLucrum;3xPraecantatio,,,,-7,3
ARTIFICE,奔流斧,ELEMENTALAXE,THAUMIUM;INFUSION,,,0,0,15xInstrumentum;12xMotus;9xFabrico;6xAqua;3xPraecantatio,,,,-7,4
ARTIFICE,台桌,TABLE,,,,0,0,<empty>,,,,0,-1
ARTIFICE,炼狱熔炉,INFERNALFURNACE,NITOR;ALUMENTUM,,WG.INFERNALFURNACE,1,1,6xIgnis;3xMetallum;3xFabrico;3xAuram,,,,-4,-1
ARTIFICE,旗帜,BANNERS,,,,0,0,3xSensus;3xPannus;1xPraecantatio,1xtile.blockWoodenDevice@8,,,4,8
ARTIFICE,后土铲,ELEMENTALSHOVEL,THAUMIUM;INFUSION,,,0,0,15xInstrumentum;12xTerra;9xPerfodio;6xFabrico;3xPraecantatio,,,,-7,6
ARTIFICE,奥术悬浮台,LEVITATOR,NITOR,,TB.LEVITATOR,0,0,3xAer;6xVolatus;3xPraecantatio;6xMotus,,,,-3,-3
ARTIFICE,奥法腰带,HOVERGIRDLE,HOVERHARNESS,,,0,0,15xVolatus;12xMotus;9xIter;9xAer;6xPraecantatio;3xTutamen,,,Volatus,2,7
ARTIFICE,守护之奥术,WARDEDARCANA,THAUMIUM,,thaumicenergistics.Pseudo.WARDEDARCANA,0,0,6xTutamen;6xInstrumentum;6xMachina;3xMotus,,,,-5,-4
ARTIFICE,基础炼化学,BASICARTIFACE,,,TXBASICARTIFACE,0,0,<empty>,,,,0,1
ARTIFICE,咒波洗涤器,FLUXSCRUB,VISPOWER;BELLOWS;TUBES,INFUSION,,0,0,15xAqua;12xPraecantatio;9xAer;6xVinculum;3xVitium,,,,-8,-3
ARTIFICE,魔导透镜,THAUMOMETER,,,,0,0,<empty>,,,,2,1
ARTIFICE,旅行者之靴,BOOTSTRAVELLER,ENCHFABRIC;INFUSION,,TXBOOTSTRAVELLER,0,0,9xAqua;15xIter;6xTerra;12xVolatus;3xAer,,,,-1,5
ARTIFICE,研究台,RESTABLE,TABLE,,,0,0,<empty>,,,,1,-3
ARTIFICE,进阶扩散单元,ESSENTIA_CELL,ESSENTIA_SMELTERY,,,0,0,10xAqua;10xVacuos;10xOrdo;10xPraecantatio;10xPermutatio,,,,-10,3
ARTIFICE,源质之镜,MIRRORESSENTIA,MIRROR,,WG.MIRRORESSENTIA,2,1,15xPraecantatio;12xIter;9xVitreus;9xAlienis;6xCognitio;6xPotentia;3xAqua,,,,-1,10
ARTIFICE,元始之矢,PRIMALARROW,BONEBOW,,,0,0,3xTelum;3xAer;3xIgnis;3xAqua;3xTerra;3xOrdo;3xPerditio,,,,-9,0
ARTIFICE,学徒级魔法能源转换,GT_MAGICENERGY2,GT_MAGICENERGY,,,0,0,10xMachina;10xCognitio;20xPotentia;10xElectrum,,,,-4,12
ARTIFICE,凋零防护指环,WITHERRING,RUNICARMOR,,RUNICARMOR,1,1,15xAlienis;12xPraecantatio;9xSuperbia;6xSpiritus;3xInfernus,,,,3,2
ARTIFICE,奥术之耳,ARCANEEAR,GOGGLES,,,0,0,9xAer;9xSensus;3xPraecantatio;6xPotentia,,,,6,0
ARTIFICE,物品格栅,GRATE,,,,0,0,<empty>,,,,2,-1
ARTIFICE,充能护盾指环,RUNICCHARGED,RUNICARMOR,,,0,0,15xPraecantatio;12xPotentia;9xTutamen;12xAlienis;9xAer;6xCognitio;3xTerra,,,,2,3
ARTIFICE,再充能护盾指环,RUNICHEALING,RUNICARMOR,,,0,0,18xPraecantatio;15xAqua;12xSano;9xTutamen;9xAlienis;6xAer;3xCognitio,,,,4,3
ARTIFICE,魔法能源吸收,GT_MAGICABSORB,GT_MAGICENERGY,,,0,0,10xMachina;10xCognitio;20xPotentia;10xElectrum,,,,-2,12
ARTIFICE,奥法缰绳,HOVERHARNESS,BOOTSTRAVELLER,,TXHOVERHARNESS,0,0,15xVolatus;12xMachina;9xIter;9xAer;6xPraecantatio;3xTutamen,,,,1,7
ARTIFICE,魔镜,MIRROR,INFUSION,,thaumicenergistics.Pseudo.MIRROR,1,1,15xVitreus;12xIter;9xTenebrae;9xAlienis;6xCognitio;3xPotentia,1xitem.enderPearl@0;1xtile.portal@32767;1xtile.etfuturum.end_portal@32767;1xtile.endPortalFrame@32767,Enderman,,-1,8
ARTIFICE,炼金格栅,ALCHGRATE,ADVALCHEMYFURNACE;HUNGRYCHEST;GRATE,,,0,0,1xVacuos;1xAuram;1xPraecantatio;1xOrdo;1xPerditio,,,,4,-1
ARTIFICE,催生灯,LAMPGROWTH,ARCANELAMP;INFUSION,,,0,0,9xMessis;3xLux;6xHerba;9xVictus,,,Lux;Messis,-4,3
ARTIFICE,狞笑恶魔面具,MASKGRINNINGDEVIL,ARMORFORTRESS,,,1,1,15xTutamen;12xSano;9xCognitio;9xAlienis;6xPraecantatio;3xFabrico,,,,-10,8
ARTIFICE,句芒锄,ELEMENTALHOE,THAUMIUM;INFUSION,,,0,0,15xInstrumentum;12xVictus;9xMeto;6xMessis;3xPraecantatio,,,,-7,7
ARTIFICE,大师级魔法能源转换,GT_MAGICENERGY3,GT_MAGICENERGY2,,,0,0,20xMachina;20xCognitio;40xPotentia;20xElectrum,,,,-4,14
ARTIFICE,魔力手镜,MIRRORHAND,MIRROR,,,2,1,18xIter;15xInstrumentum;12xVitreus;9xAlienis;6xCognitio;6xPotentia;3xPraecantatio,,,,1,9
ARTIFICE,奥术工作台,ARCTABLE,TABLE,,,0,0,<empty>,,,,-1,-3
ARTIFICE,注魔,INFUSION,DISTILESSENTIA,,thaumicenergistics.Pseudo.INFUSION;TB.INFUSION;TXINFUSION,0,0,9xFabrico;9xMachina;6xPraecantatio;6xCognitio;3xMotus,,,,-4,5
ARTIFICE,冲击护盾腰带,RUNICKINETIC,RUNICARMOR,,,0,0,18xAer;15xPraecantatio;12xTutamen;9xTelum;9xAlienis;6xBestia;3xCognitio,,,,2,5
ARTIFICE,源质输出仓（ME）,ESSENTIA_OUTPUT_HATCH_ME,INFUSION,,,0,0,10xAlienis;10xVinculum;10xStrontio;10xVacuos;10xPermutatio,,,,-15,3
ARTIFICE,守卫者铺路石,PAVEWARD,ARCANESTONE,,,0,0,6xMotus;9xBestia;3xVinculum;6xTelum,,,,6,-4
ARTIFICE,暴怒幽魂面具,MASKANGRYGHOST,ARMORFORTRESS,,,1,1,15xTutamen;12xPerditio;9xMortuus;9xAlienis;6xPraecantatio;3xFabrico,,,,-10,9
ARTIFICE,进阶魔法能源吸收,GT_MAGICABSORB2,GT_MAGICABSORB,,,0,0,10xMachina;10xCognitio;20xPotentia;10xElectrum,,,,-2,14
ARTIFICE,嗜血邪妖面具,MASKSIPPINGFIEND,ARMORFORTRESS,,,1,1,15xTutamen;12xExanimis;9xVictus;9xAlienis;6xCognitio;3xPotentia,,,,-10,10
ARTIFICE,奥术灯,ARCANELAMP,NITOR,,,0,0,6xLux;3xTenebrae;6xSensus,,,,-3,1
ARTIFICE,神秘要塞甲胄,ARMORFORTRESS,THAUMIUM;INFUSIONENCHANTMENT,,,0,0,15xFabrico;12xMetallum;9xTutamen;9xAlienis;6xCognitio;3xPotentia,,,Tutamen,-8,9
ARTIFICE,防化,GT_HAZMATENCH,INFUSIONENCHANTMENT,,,0,0,1xVitium;1xGelum;1xRadio;1xTutamen;1xVenenum,,,,-7,13
ARTIFICE,奥术风箱,BELLOWS,INFERNALFURNACE,,GADOMANCY.PSEUDO.BELLOWS;TB.BELLOWS,0,0,6xMotus;12xAer;3xPraecantatio;9xMachina,,,,-6,-2
ARTIFICE,揭示之盔,HELMGOGGLES,ARMORFORTRESS,GOGGLES,,0,0,15xTutamen;12xSensus;9xAuram;9xAlienis;6xPraecantatio;3xFabrico,,,,-9,7
ARTIFICE,符文护盾,RUNICARMOR,ENCHFABRIC,INFUSION,,0,0,15xPraecantatio;12xLucrum;9xPermutatio;9xTutamen;6xCognitio;6xAlienis;3xPotentia,,,,3,4
ARTIFICE,增广符文护盾,RUNICAUGMENTATION,RUNICARMOR,,,0,0,3xPraecantatio;3xTutamen;4xPermutatio;4xLucrum,,,,6,4
ARTIFICE,育种灯,LAMPFERTILITY,ARCANELAMP;INFUSION,,,0,0,9xBestia;3xLux;9xVictus;6xSano,,,Lux;Victus,-2,3
ARTIFICE,奥法撬棍,RC_Crowbar,THAUMIUM,,,0,0,1xInstrumentum;2xMachina;1xIter,,,,0,-4
ARTIFICE,骨弓,BONEBOW,,,,0,0,12xTelum;9xMotus;6xAer;3xExanimis,1xitem.bow@32767;1xitem.bone@0,,,-7,1
ARTIFICE,奥术石材,ARCANESTONE,,,WG.ARCANESTONE,0,0,<empty>,,,,5,-2
ARTIFICE,凶险磁石,SINSTONE,GOGGLES,,,1,1,6xAuram;3xSensus;6xTenebrae;6xAlienis,,,,6,2
ARTIFICE,风雷剑,ELEMENTALSWORD,THAUMIUM;INFUSION,,,0,0,15xInstrumentum;12xTelum;9xPotentia;6xAer;3xPraecantatio,,,,-7,5
ARTIFICE,大型源质冶炼厂,ESSENTIA_SMELTERY,INFUSION,,,0,0,10xIgnis;10xTenebrae;10xMachina;10xLucrum;10xPotentia;10xLimus,,,,-16,3
ARTIFICE,旅行者铺路石,PAVETRAVEL,ARCANESTONE,,,0,0,9xIter;6xVolatus;6xTerra;3xMotus,,,,4,-4
ARTIFICE,缸中之脑,JARBRAIN,INFUSION,,,2,1,15xLucrum;12xFames;9xExanimis;9xCognitio;6xAlienis;3xPotentia,1xitem.ItemResource@3,Thaumcraft.BrainyZombie;Thaumcraft.GiantBrainyZombie,,-5,9
ARTIFICE,魔法能源转换,GT_MAGICENERGY,ARCANEBORE,,,0,0,10xMachina;10xCognitio;20xPotentia;10xElectrum,,,,-3,10
ARTIFICE,奥术钻探机,ARCANEBORE,FOCUSEXCAVATION;INFUSION,,,0,0,15xInstrumentum;12xPerfodio;9xMachina;9xMotus;3xVacuos;6xCognitio,,,,-3,8
ARTIFICE,注魔法附魔,INFUSIONENCHANTMENT,JARBRAIN,,GADOMANCY.PSEUDO.INFUSIONENCHANTMENT;TB.INFUSIONENCHANTMENT;TXINFUSIONENCHANTMENT;WG.INFUSIONENCHANTMENT,0,0,15xInstrumentum;15xPraecantatio;12xTutamen;12xCognitio;9xTelum;12xPotentia;6xAlienis,,,,-6,11
GOLEMANCY,黏土傀儡,GOLEMCLAY,GOLEMWOOD,,,0,0,12xSpiritus;12xPermutatio;12xMotus;9xTerra;6xPraecantatio;3xAqua,,,,2,6
GOLEMANCY,傀儡升级:水,UPGRADEWATER,GOLEMBELL,,,0,0,9xSensus;6xAqua;3xPraecantatio,,,,5,1
GOLEMANCY,饕餮箱子,HUNGRYCHEST,,,,0,0,9xFames;6xVacuos;3xIter,,,,-1,0
GOLEMANCY,油脂傀儡,GOLEMTALLOW,GOLEMCLAY;TALLOW,,GADOMANCY.PSEUDO.GOLEMTALLOW,0,0,12xSpiritus;12xPermutatio;15xCorpus;9xMotus;6xPraecantatio,,,,4,6
GOLEMANCY,木头傀儡,GOLEMWOOD,GOLEMSTRAW,,,0,0,12xArbor;12xPermutatio;9xSpiritus;6xMotus;3xPraecantatio,,,,2,4
GOLEMANCY,血肉傀儡,GOLEMFLESH,GOLEMWOOD,,,2,1,12xCorpus;12xPermutatio;12xSpiritus;9xMotus;6xPraecantatio;3xMortuus,,,,4,4
GOLEMANCY,傀儡升级:地,UPGRADEEARTH,GOLEMBELL,,,0,0,9xVictus;6xTerra;3xPraecantatio,,,,6,-2
GOLEMANCY,傀儡飞镖发射器,TINYDART,,,,0,0,9xLucrum;9xVolatus;6xTelum;3xPotentia,,,Telum,5,11
GOLEMANCY,傀儡升级:火,UPGRADEFIRE,GOLEMBELL,,,0,0,9xPotentia;6xIgnis;3xPraecantatio,,,,5,-1
GOLEMANCY,傀儡升级:混沌,UPGRADEENTROPY,GOLEMBELL,,,0,0,6xCognitio;9xPerditio;3xPraecantatio,,,,7,3
GOLEMANCY,傀儡核心:使用,COREUSE,COREEMPTY;INFUSION,,thaumicenergistics.Pseudo.COREUSE,0,0,12xHumanus;12xInstrumentum;9xMachina;9xPermutatio;6xMotus;3xPraecantatio,,,,-7,0
GOLEMANCY,锏臂,TINYHAMMER,,,,0,0,9xLucrum;9xMetallum;6xTelum;3xVinculum,,,Telum,8,11
GOLEMANCY,箱子宝宝,TRAVELTRUNK,INFUSION;GOLEMWOOD,,,0,0,12xSpiritus;12xVacuos;9xArbor;6xIter;3xTerra,,,,0,4
GOLEMANCY,蝴蝶结,TINYBOWTIE,,,,0,0,9xLucrum;9xPannus;6xIter;3xPotentia,1xtile.cloth@32767,,Pannus,7,10
GOLEMANCY,傀儡使铃铛,GOLEMBELL,GOLEMSTRAW,,,0,0,<empty>,,,,3,0
GOLEMANCY,傀儡核心:排序,CORESORTING,COREEMPTY;COREFILL;INFUSION,,,0,0,12xFames;12xVacuos;12xLucrum;9xPermutatio;6xMotus;3xPraecantatio,,,,-7,2
GOLEMANCY,神秘傀儡,GOLEMTHAUMIUM,GOLEMIRON;THAUMIUM,,,0,0,12xPermutatio;12xSpiritus;12xMetallum;9xMotus;9xPraecantatio;9xTerra;6xHumanus;3xAlienis,,,,2,10
GOLEMANCY,礼帽,TINYHAT,,,,0,0,9xLucrum;9xPannus;6xVictus;3xSano,1xtile.cloth@32767,,Pannus,5,10
GOLEMANCY,毡帽,TINYFEZ,,,,0,0,9xLucrum;9xPannus;6xPotentia;3xSano,1xtile.cloth@32767,,Pannus,8,10
GOLEMANCY,傀儡核心:砍伐,CORELUMBER,COREHARVEST;ELEMENTALAXE,,,0,0,12xPotentia;12xArbor;9xInstrumentum;12xMeto;6xMotus;3xPraecantatio,,,,-1,7
GOLEMANCY,眼镜,TINYGLASSES,,,,0,0,9xLucrum;6xPannus;6xSensus;3xOrdo,1xtile.cloth@32767,,Pannus,6,10
GOLEMANCY,面甲,TINYVISOR,,,,0,0,9xLucrum;9xSensus;6xTutamen;3xCognitio,,,Tutamen,6,11
GOLEMANCY,傀儡升级:风,UPGRADEAIR,GOLEMBELL,,,0,0,9xMotus;6xAer;3xPraecantatio,,,,7,-3
GOLEMANCY,傀儡核心:垂钓,COREFISHING,COREHARVEST;INFUSION,,,0,0,12xFames;12xAqua;12xBestia;9xMeto;6xMotus;3xPraecantatio,,,,-2,7
GOLEMANCY,傀儡核心:聚集,COREGATHER,GOLEMSTRAW,,thaumicenergistics.Pseudo.COREGATHER,0,0,<empty>,,,,-3,3
GOLEMANCY,傀儡核心:收获,COREHARVEST,COREGATHER,,GADOMANCY.PSEUDO.COREHARVEST,0,0,12xMeto;12xMessis;9xIter;9xPermutatio;6xMotus;3xPraecantatio,,,,-2,5
GOLEMANCY,傀儡核心:屠宰,COREBUTCHER,COREGUARD;COREHARVEST,,,1,1,12xMeto;12xTelum;9xBestia;12xSensus;6xMotus;3xPraecantatio,,,,-3,7
GOLEMANCY,傀儡核心:守卫,COREGUARD,COREGATHER,,GADOMANCY.PSEUDO.COREGUARD,0,0,12xSensus;12xTelum;12xVinculum;9xPermutatio;6xMotus;3xPraecantatio,,,,-4,5
GOLEMANCY,高级傀儡,ADVANCEDGOLEM,INFUSION;UPGRADEAIR;UPGRADEEARTH;UPGRADEFIRE;UPGRADEWATER;UPGRADEORDER;UPGRADEENTROPY,,,3,2,15xSensus;15xVictus;12xCognitio;12xPotentia;12xPraecantatio;9xAlienis;6xMotus;3xTerra,,,,8,0
GOLEMANCY,铁甲,TINYARMOR,,,,0,0,9xLucrum;9xMetallum;6xTutamen;3xCognitio,,,Tutamen,7,11
GOLEMANCY,傀儡核心:填充,COREFILL,COREGATHER,,,0,0,9xFames;9xVacuos;9xPermutatio;6xMotus;3xPraecantatio,,,,-5,3
GOLEMANCY,傀儡脚镣,GOLEMFETTER,GOLEMSTONE,,,0,0,9xVinculum;9xMachina;6xCognitio;3xPraecantatio,,,,4,8
GOLEMANCY,稻草傀儡,GOLEMSTRAW,HUNGRYCHEST,,COREGATHER;GOLEMBELL,0,0,9xMessis;9xPermutatio;9xSpiritus;6xMotus;3xPraecantatio,,,,0,2
GOLEMANCY,傀儡核心:炼金,COREALCHEMY,CORELIQUID;INFUSION,,,0,0,12xPotentia;12xAqua;12xIter;9xPraecantatio;6xMotus;3xAlienis,,,,-9,3
GOLEMANCY,石头傀儡,GOLEMSTONE,GOLEMCLAY,,,0,0,12xSpiritus;12xPermutatio;12xMotus;9xTerra;6xPraecantatio;3xPerditio,,,,2,8
GOLEMANCY,铁质傀儡,GOLEMIRON,GOLEMSTONE,,,0,0,12xPermutatio;12xSpiritus;12xMotus;9xMetallum;9xPraecantatio;6xTerra;3xHumanus,,,,0,10
GOLEMANCY,傀儡核心:移液,CORELIQUID,COREFILL,,,0,0,12xIter;12xAqua;9xMetallum;9xPermutatio;6xMotus;3xPraecantatio,,,,-7,4
GOLEMANCY,傀儡核心:空置,COREEMPTY,COREGATHER,,,0,0,9xLucrum;9xVacuos;6xPermutatio;6xMotus;3xPraecantatio,,,,-5,1
GOLEMANCY,傀儡升级:秩序,UPGRADEORDER,GOLEMBELL,,,0,0,6xCognitio;9xOrdo;3xPraecantatio,,,,6,2
ELDRITCH,邪术启示录,ELDRITCHMAJOR,,,TMELDRITCHMAJOR,0,0,<empty>,,,,-1,0
ELDRITCH,荒古炼金炉,ADVALCHEMYFURNACE,PRIMPEARL;DISTILESSENTIA;VISPOWER,,,0,0,12xPerditio;12xAuram;9xAer;9xOrdo;6xPraecantatio;3xAlienis,,,,-2,6
ELDRITCH,虚空神秘使法袍,ARMORVOIDFORTRESS,VOIDMETAL;ENCHFABRIC;ELDRITCHMAJOR,,,0,0,15xVacuos;15xTenebrae;12xTutamen;12xPannus;9xAlienis;9xPraecantatio;6xSensus;3xMetallum,,,,0,-3
ELDRITCH,邪术揭谛,ELDRITCHMINOR,,,WG.ELDRITCHMINOR,0,0,<empty>,,,,1,0
ELDRITCH,外域,ENTEROUTER,OCULUS,,,0,0,<empty>,,,,-3,4
ELDRITCH,法杖核心:元始,FOCUSPRIMAL,ELDRITCHMINOR,,,1,1,12xAqua;12xIgnis;12xAer;9xTerra;9xOrdo;9xPerditio;6xPraecantatio;3xAlienis,,,,4,1
ELDRITCH,虚空金属撬棍,RC_Crowbar_Void,VOIDMETAL;RC_Crowbar,,,1,1,2xInstrumentum;4xMachina;2xIter,,,,2,-4
ELDRITCH,高级源质存储,ESSENTIARESERVOIR,VOIDMETAL;CENTRIFUGE;INFUSION,,GADOMANCY.PSEUDO.ESSENTIARESERVOIR,0,0,12xAqua;12xPermutatio;9xPraecantatio;9xVacuos;6xAlienis;3xTenebrae,,,,4,-3
ELDRITCH,神智检测仪,SANITYCHECK,ELDRITCHMINOR,,,0,0,12xSensus;12xCognitio;12xAlienis;9xPraecantatio;6xSano;3xVictus,,,,2,2
ELDRITCH,阿卡西记录,AKASHIC,BIG_PEARL,,,0,0,8xTerminus;16xCognitio,,,,-3,8
ELDRITCH,元始杖芯,ROD_primal_staff,FOCUSPRIMAL,ROD_silverwood_staff;ROD_bone_staff;ROD_greatwood_staff;ROD_blaze_staff;ROD_reed_staff;ROD_obsidian_staff;ROD_quartz_staff;ROD_ice_staff,TB.ROD_primal_staff,2,1,15xAqua;15xIgnis;12xAer;12xTerra;12xOrdo;9xPerditio;9xPraecantatio;6xInstrumentum;3xAlienis,1xitem.FocusPrimal@0,Thaumcraft.PrimalOrb,,6,2
ELDRITCH,开眼仪式,OCULUS,CRIMSON;ELDRITCHMAJOR,,GADOMANCY.PSEUDO.OCULUS,3,3,12xAlienis;12xCognitio;9xTenebrae;9xIter;9xPermutatio;6xVitium;3xPraecantatio,,,,-2,2
ELDRITCH,外域之启示,OUTERREV,ENTEROUTER,,,0,0,4xAlienis;4xCognitio,1xtile.blockEldritch@5;1xtile.blockEldritch@10,,,-5,3
ELDRITCH,符文石板,RUNEDTABLET,OCULUS,,OCULUS,3,2,30xAlienis;24xPraecantatio;18xSuperbia;12xSpiritus;6xInfernus,,,,-5,0
ELDRITCH,元始杵,PRIMALCRUSHER,PRIMPEARL,VOIDMETAL;ELEMENTALPICK;ELEMENTALSHOVEL,,0,0,12xPraecantatio;12xAlienis;12xInstrumentum;9xLucrum;9xPerditio;9xPerfodio;6xTelum;3xVacuos,,,,2,5
ELDRITCH,元始珍珠,PRIMPEARL,ELDRITCHMINOR,,TB.PRIMPEARL;WG.PRIMPEARL,0,0,8xAer;8xTerra;8xIgnis;8xAqua;8xOrdo;8xPerditio,1xitem.ItemEldritchObject@3,,,0,4
ELDRITCH,元始节点操纵,PRIMNODE,PRIMPEARL,,,1,1,1xAuram;1xPraecantatio;1xOrdo;1xPerditio,,,,0,6
ELDRITCH,虚空金属杖端,CAP_void,CAP_thaumium;VOIDMETAL,,,1,1,12xAuram;12xVacuos;9xAlienis;9xPraecantatio;6xInstrumentum;6xTerra;3xTenebrae,,,,5,-1
ELDRITCH,虚空金属,VOIDMETAL,THAUMIUM;ELDRITCHMINOR,,GADOMANCY.PSEUDO.VOIDMETAL;TB.VOIDMETAL,1,1,12xVacuos;12xMetallum;9xTenebrae;9xAlienis;6xGelum;3xTerra,,,,2,-2
ELDRITCH,极元始珍珠,BIG_PEARL,PRIMPEARL,,,0,0,8xTerminus;16xPraecantatio,,,,-1,8
ELDRITCH,血腥仪式,CRIMSONRITES,ELDRITCHMAJOR,,,5,5,12xAlienis;6xPraecantatio;3xCognitio;12xSpiritus;9xVacuos;2xInfernus;5xVitium,,,,-3,-3
thaumicenergistics,源质谐振仓,thaumicenergistics.TEESSVIBCMBR,thaumicenergistics.TECORES,,,0,0,18xVitreus;15xMachina;12xPotentia;9xPraecantatio;6xMotus;3xAqua,,,,1,-4
thaumicenergistics,傀儡核心:使用,thaumicenergistics.Pseudo.COREUSE,,,,0,0,<empty>,,,,3,-6
thaumicenergistics,高级注魔供应器,thaumicenergistics.TEADVINFPROV,thaumicenergistics.TEINFPROV,,,0,0,1xMachina;1xPraecantatio;1xPermutatio;1xMotus;1xInstrumentum;1xCognitio;1xSensus,,,,-7,-2
thaumicenergistics,赛特斯石英复制,thaumicenergistics.TECERTUSDUPE,thaumicenergistics.Pseudo.ALCHEMICALDUPLICATION,ALCHEMICALDUPLICATION,,0,0,9xVitreus;6xPraecantatio;9xLucrum;3xPermutatio,1xgt.metaitem.01@8516,,,-5,-5
thaumicenergistics,奥术合成终端,thaumicenergistics.TEARCANETERM,thaumicenergistics.TERESEARCH,,,0,0,15xInstrumentum;12xFabrico;9xPotentia;6xMachina;3xVacuos,,,,2,-1
thaumicenergistics,源质蒸馏,thaumicenergistics.Pseudo.DISTILESSENTIA,,,,0,0,<empty>,,,,-2,0
thaumicenergistics,掌控魔力,thaumicenergistics.Pseudo.VISPOWER,,,,0,0,<empty>,,,,4,0
thaumicenergistics,元件显微学,thaumicenergistics.TECELLMICROSCOPE,thaumicenergistics.TERESEARCH,,,0,0,5xVacuos;5xPotentia;3xVitreus;3xMetallum,,,,4,-4
thaumicenergistics,奥术装配室,thaumicenergistics.TEARCANEASSEMBLER,thaumicenergistics.TEVISINT;thaumicenergistics.Pseudo.SCEPTRE,thaumicenergistics.TEARCANETERM,,0,0,24xLucrum;21xFabrico;18xMachina;15xCognitio;12xPermutatio;9xAuram;6xPraecantatio;3xAqua,,,,6,-1
thaumicenergistics,注魔供应器,thaumicenergistics.TEINFPROV,thaumicenergistics.TEIO;thaumicenergistics.Pseudo.MIRROR;thaumicenergistics.Pseudo.INFUSION,MIRROR;INFUSION,,0,0,21xPermutatio;18xMotus;15xSensus;12xMachina;9xPraecantatio;6xAlienis;3xSpiritus,,,,-5,-2
thaumicenergistics,法杖核心: AE扳手,thaumicenergistics.TEFOCUSWRENCH,thaumicenergistics.Pseudo.FOCUSFIRE,,,0,0,18xIgnis;15xAer;12xMachina;9xInstrumentum;6xPraecantatio;3xMetallum,,,,-3,-7
thaumicenergistics,数位化源质运输,thaumicenergistics.TEIO,thaumicenergistics.TECORES;thaumicenergistics.Pseudo.TUBEFILTER,TUBEFILTER,,0,0,18xMotus;15xMachina;12xMetallum;9xVitreus;6xAer;3xAqua,,,,-2,-2
thaumicenergistics,源质数位化,thaumicenergistics.TECORES,thaumicenergistics.TERESEARCH;thaumicenergistics.Pseudo.DISTILESSENTIA,DISTILESSENTIA,,0,0,12xCognitio;9xPraecantatio;6xMachina;9xLimus;3xPermutatio,,,,0,-2
thaumicenergistics,神秘能源,thaumicenergistics.TERESEARCH,,,,0,0,<empty>,,,,0,0
thaumicenergistics,傀儡核心:聚集,thaumicenergistics.Pseudo.COREGATHER,,,,0,0,<empty>,,,,1,-6
thaumicenergistics,高级源质管道,thaumicenergistics.Pseudo.TUBEFILTER,,,,0,0,<empty>,,,,-3,0
thaumicenergistics,神秘齿轮箱,thaumicenergistics.TETHAUMGBOX,thaumicenergistics.TEIRONGEARBOX;thaumicenergistics.Pseudo.COREUSE,COREUSE,,0,0,15xTerra;12xMachina;9xMetallum;6xPraecantatio;3xPermutatio,,,,4,-6
thaumicenergistics,Vis中继接口,thaumicenergistics.TEVISINT,thaumicenergistics.TEARCANETERM;thaumicenergistics.Pseudo.VISPOWER,VISPOWER,,0,0,21xVacuos;18xPotentia;15xAuram;12xMetallum;9xCognitio;6xMachina;3xAqua,,,,4,-1
thaumicenergistics,注魔,thaumicenergistics.Pseudo.INFUSION,,,,0,0,<empty>,,,,-6,0
thaumicenergistics,数位化源质存储,thaumicenergistics.TESTORAGE,thaumicenergistics.TERESEARCH;thaumicenergistics.Pseudo.DISTILESSENTIA;thaumicenergistics.Pseudo.WARDEDARCANA,DISTILESSENTIA,,0,0,21xVacuos;18xPotentia;15xVitreus;12xMetallum;9xCognitio;6xAqua;3xMotus,,,,0,2
thaumicenergistics,知识记录仪,thaumicenergistics.TEKNOWLEDGEINSCRIBER,thaumicenergistics.TEARCANEASSEMBLER,,,0,0,18xCognitio;15xMachina;12xFabrico;9xPermutatio;6xPraecantatio;3xAlienis,,,,6,0
thaumicenergistics,无线傀儡背包,thaumicenergistics.TEGOLEMWIFIBACKPACK,thaumicenergistics.TECORES;COREGATHER;thaumicenergistics.Pseudo.COREGATHER,,,0,0,21xVacuos;18xPotentia;15xAuram;12xCognitio;9xTutamen;6xMotus;3xPermutatio,,,,0,-6
thaumicenergistics,炼金复制,thaumicenergistics.Pseudo.ALCHEMICALDUPLICATION,,,,0,0,<empty>,,,,-5,-6
thaumicenergistics,铁齿轮箱,thaumicenergistics.TEIRONGEARBOX,,,,0,0,15xTerra;15xMetallum;9xMachina;6xPermutatio,,,,4,-5
thaumicenergistics,魔镜,thaumicenergistics.Pseudo.MIRROR,,,,0,0,<empty>,,,,-4,0
thaumicenergistics,蒸馏编码台,thaumicenergistics.TEDISTILLATIONPATTERNENCODER,thaumicenergistics.TEIO,,,0,0,21xOrdo;18xFabrico;15xPermutatio;12xPerditio;9xMachina;6xLucrum;3xCognitio,,,,-4,-4
thaumicenergistics,源质供应器,thaumicenergistics.TEESSPROV,thaumicenergistics.TEIO,INFUSION;TUBEFILTER,,0,0,21xSensus;18xPraecantatio;15xLucrum;12xMetallum;9xOrdo;6xPotentia;3xMachina,,,,-2,-4
thaumicenergistics,守护之奥术,thaumicenergistics.Pseudo.WARDEDARCANA,,,,0,0,<empty>,,,,1,2
thaumicenergistics,法杖核心,thaumicenergistics.Pseudo.FOCUSFIRE,,,,0,0,<empty>,,,,-4,-7
thaumicenergistics,工艺权杖,thaumicenergistics.Pseudo.SCEPTRE,,,,0,0,<empty>,,,,5,0
NEWHORIZONS,魔法木头,MAGICALWOOD,EMINENCESTONE,,,0,0,15xPraecantatio;12xLucrum;9xArbor;6xCognitio;3xPannus,,,,-2,6
NEWHORIZONS,魔法黑曜石块,MAGICOBSIDIAN,INFUSION,,,1,1,8xPerditio;8xTerra,,,,2,4
NEWHORIZONS,§4§l§kU§c§l§kL§6§l§kT§e§l§kI§2§l§kM§a§l§kA§b§l§kT§3§l§kE§r §6§l茶,KT_UltimateTea,INFUSION;DEZILSMARSHMALLOW,,,10,10,1xPraecantatio;1xSano;1xHerba;1xPermutatio,,,,-2,4
NEWHORIZONS,附魔台,ENCHANTINGTABLE,NITOR;ALUMENTUM,,,0,0,15xPraecantatio;12xFabrico;9xCognitio;6xPotentia,,,,0,0
NEWHORIZONS,自动附魔台,AUTOENCHANTINGTABLE,ENCHANTINGTABLE,,,1,1,15xPraecantatio;12xFabrico;9xCognitio;6xPotentia,,,,0,2
NEWHORIZONS,熔岩晶体,LAVACRYSTAL,ENCHANTINGTABLE,,,0,0,15xIgnis;12xPraecantatio;9xVacuos;6xPerditio,,,,2,-2
NEWHORIZONS,漆黑之门,PORTALDEEPDARK,PORTALMILLENIUM;ICHOR,,,32,32,27xVacuos;24xTempus;21xLuxuria;12xGula;9xSuperbia,,,,2,8
NEWHORIZONS,泰拉强化,MECHANICALARMOR_TERRASTEEL,MECHANICALARMOR_GOGGLES;BH_NATURA_PYLON;BH_ALFHEIM,,,2,1,48xHerba;24xTutamen;12xPraecantatio;8xFabrico,,,,-8,2
NEWHORIZONS,地狱金属,HELLISHMETAL,,,,0,0,15xInfernus;12xLucrum;6xFames;3xIgnis,,,,0,6
NEWHORIZONS,红心容器,REDHEARTCANISTER,REDHEART,,,1,1,15xMetallum;15xLucrum;12xSano;9xIgnis;6xMortuus;3xExanimis,,,,0,-8
NEWHORIZONS,高级末影储罐,ENDERTANK,ENDERCHEST,,,0,0,15xMetallum;15xElectrum;12xMachina;9xIgnis;6xLucrum;3xSensus,,,,-4,2
NEWHORIZONS,信标,BEACON,INFUSION,,,1,1,15xAlienis;12xPraecantatio;9xAuram;6xFames,,,,4,0
NEWHORIZONS,贤者阔步之靴,MECHANICALARMOR_ARCHMAGE_STRIDERS,MECHANICALARMOR_APPRENTICE_STRIDERS;OCULUS;ADVANCEDROBES;QuantumBootsoftheTraveller,,,2,1,32xTutamen;16xPraecantatio;8xFabrico,,,,-8,6
NEWHORIZONS,末影袋子,ENDERPOUCHE,ENDERTANK,,,0,0,15xLucrum;15xVitreus;12xMetallum;9xElectrum;6xMachina;3xAlienis,,,,-4,4
NEWHORIZONS,下界合金套装,NetheriteArmour,ELDRITCHMINOR,,,2,1,15xInfernus;12xLucrum;12xPraecantatio;9xSpiritus;6xFames;3xIgnis,,,,6,6
NEWHORIZONS,黄心容器,YELLOWHEARTCANISTER,YELLOWHEART,,,2,1,15xMetallum;15xLucrum;12xSano;9xPraecantatio;6xMortuus;3xExanimis,,,,-2,-9
NEWHORIZONS,苔藓球,BALLOFMOSS,SILKYCRYSTAL;LAVACRYSTAL,,,0,0,15xSano;12xTerra;9xInstrumentum,,,,0,-4
NEWHORIZONS,微型绿心,GREENHEART,YELLOWHEART,,,2,1,15xInfernus;12xLucrum;12xPraecantatio;9xSpiritus;6xFames;3xCorpus,,,,-4,-7
NEWHORIZONS,天使方块,ANGELBLOCK,MAGICALWOOD,,,0,0,15xAer;12xLucrum;9xIgnis;6xTerra,,,,-2,8
NEWHORIZONS,微型红心,REDHEART,RUNICAUGMENTATION;BALLOFMOSS,,,0,0,15xIgnis;12xPraecantatio;9xSano;6xMortuus;3xExanimis,,,,0,-6
NEWHORIZONS,精致珠宝,SILKYCRYSTAL,ENCHANTINGTABLE,,,0,0,15xPannus;2xLucrum;9xInstrumentum;6xAer;3xPraecantatio,,,,-2,-2
NEWHORIZONS,绿心容器,GREENHEARTCANISTER,GREENHEART,,,2,2,15xInfernus;15xMetallum;12xLucrum;12xSano;12xPraecantatio;9xSpiritus;6xFames;3xCorpus,,,,-4,-9
NEWHORIZONS,潜影盒,SHULKER,HUNGRYCHEST,,,0,0,15xInfernus;12xLucrum;12xPraecantatio;9xSpiritus;6xFames;3xCorpus,,,,-6,6
NEWHORIZONS,酿造台,BREWINGSTAND,,,,0,0,15xPraecantatio;15xFabrico;12xCognitio;12xPerditio;9xIgnis;6xTerra;3xAqua,,,,2,0
NEWHORIZONS,微型黄心,YELLOWHEART,REDHEART,,,0,0,15xMortuus;12xPraecantatio;9xExanimis;6xSano;3xIgnis,,,,-2,-7
NEWHORIZONS,邪术阔步之靴,MECHANICALARMOR_ELDRITCH_STRIDERS,MECHANICALARMOR_ARCHMAGE_STRIDERS;ShadowClothGTNH;ICHOR_CLOTH;KnightRobesGTNH;TB_EMT_Tainted_Compat,,,5,5,48xAlienis;32xTutamen;16xPraecantatio;12xFabrico;6xAer,,,,-8,8
NEWHORIZONS,鞘翅,ELYTRA,FeatherWings,,,0,0,15xAer;12xLucrum;12xPraecantatio;9xSpiritus;12xMotus;3xTempestas,,,,-4,6
NEWHORIZONS,祛魔台,DISENCHANTINGTABLE,ENCHANTINGTABLE,,,2,1,21xAlienis;18xPerditio;15xPraecantatio;12xFabrico;9xCognitio;6xPotentia,,,,2,2
NEWHORIZONS,天使指环,EXURINGS_CRAFTING,ICHORIUM;BH_ALFHEIM;ANGELBLOCK;ALCHEMICCHEMSTRYSET,,,8,8,20xPraecantatio;20xVolatus;10xInstrumentum;5xLucrum;5xAer,,,,0,8
NEWHORIZONS,錾制显赫之石,EMINENCESTONE,INFUSION,,,0,0,15xAlienis;12xSensus;9xTerra;6xAer,,,,0,4
NEWHORIZONS,幽魂护身符,GHOSTAMULET,ENCHANTINGTABLE;BREWINGSTAND,,,2,1,21xPotentia;18xAuram;15xInfernus;12xLucrum;12xPraecantatio;9xSpiritus;6xAlienis;3xCorpus,,,,4,2
NEWHORIZONS,不死图腾,UNDYINGTOTEM,REDHEART,,,2,1,15xInfernus;12xLucrum;12xPraecantatio;9xSpiritus;6xFames;3xCorpus,,,,-6,-7
NEWHORIZONS,Dezil的棉花糖,DEZILSMARSHMALLOW,INFUSION,,,4,4,15xAlienis;12xPraecantatio;9xSuperbia;6xSano;3xPotentia,,,,-2,2
NEWHORIZONS,魔法与机械装甲,MECHANICALARMOR_GOGGLES,GOGGLES,,,0,0,24xTutamen;12xPraecantatio;6xSensus,,,,-6,2
NEWHORIZONS,远古之音,SCULK,,,,1,1,15xIra;12xMortuus;5xVictus;5xExanimis,,,,-4,8
NEWHORIZONS,牛奶注射,MECHANICALARMOR_MILK,MECHANICALARMOR_GOGGLES;CLEANSING_TALISMAN,,,0,0,24xTutamen;12xPraecantatio;6xSano,,,,-8,0
NEWHORIZONS,炽焰之啄颅剑,SFSWORD,INFUSION,,,1,1,8xAuram;8xCorpus;8xExanimis;8xMetallum;8xMortuus,,,,4,4
NEWHORIZONS,传送门：深渊世界,PORTALMILLENIUM,EMINENCESTONE;OCULUS,,,1,1,15xAlienis;12xSensus;9xTerra,,,,2,6
NEWHORIZONS,行李箱,LUGGAGE,ENDERCHEST,,,1,1,15xAlienis;15xSensus;12xIter;9xPraecantatio;6xFabrico;3xLucrum,,,,-2,0
NEWHORIZONS,凋灵之骨,NECROTICBONE,ENTROPICPROCESSING;BALLOFMOSS;SILKYCRYSTAL;LAVACRYSTAL,,,1,1,15xExanimis;12xMortuus;9xSpiritus;6xVenenum,,,,0,-2
NEWHORIZONS,高级末影箱子,ENDERCHEST,INFUSION,,,0,0,15xMetallum;15xElectrum;12xMachina;9xAlienis;6xLucrum;3xFabrico,,,,-4,0
NEWHORIZONS,学徒阔步之靴,MECHANICALARMOR_APPRENTICE_STRIDERS,MECHANICALARMOR_GOGGLES;SPINNINGWHEEL;SPELL_CLOTH;NanoBootsoftheTraveller,,,0,0,24xTutamen;12xPraecantatio;8xFabrico,,,,-8,4
AUTOMAGY,红晶,REDCRYSTAL,REDSTONETHEORY,,REDCRYSTAL_AMP;REDCRYSTAL_DIM;REDCRYSTAL_DENSE,0,0,15xPraecantatio;12xMachina;9xPotentia;6xVitreus;3xPerditio,,,,0,2
AUTOMAGY,傀儡绑定铃铛,GOLEMLINKER,GOLEMINHIBITOR,INFUSION;UPGRADEORDER;GOLEMBELL,,0,0,8xOrdo;4xHumanus;4xSpiritus;4xInstrumentum,,,,7,-5
AUTOMAGY,符文黑曜石:精灵,NETHERRUNE_WISP,DIMENSIONLURE,,,0,0,3xVinculum;3xAuram;3xIgnis,,,,13,-8
AUTOMAGY,塞壬之饵,MOBLURE,NETHERMIND,INFUSION,,0,0,5xIgnis;5xCognitio;5xFames,,,,12,-4
AUTOMAGY,异界之饵,DIMENSIONLURE,MOBLURE;ENTITYSIGNAL,INFUSION,,2,2,5xIgnis;5xAlienis;5xFames;5xIter;5xVinculum,,,,11,-6
AUTOMAGY,注魔金,InfusedGoldGTNH,INFUSION;THAUMIUM,,,0,0,12xLucrum;9xPraecantatio;6xAer;3xMetallum,,,,-5,-2
AUTOMAGY,高级缸中节点,ADVNODEJAR,,NODEJAR;FOCUSWARDING;WARDEDARCANA,,0,0,7xAuram;4xLucrum;4xOrdo;4xIter,,,,-7,6
AUTOMAGY,计数盒透镜,TALLYBLOCK_LENS,TALLYBLOCK,,,0,0,3xSensus;2xVacuos;2xPerfodio,,,,6,1
AUTOMAGY,符文黑曜石:恶魂,NETHERRUNE_GHAST,DIMENSIONLURE,,,0,0,3xVinculum;3xSpiritus;3xExanimis,,,,11,-8
AUTOMAGY,符文黑曜石:蝙蝠,NETHERRUNE_BAT,DIMENSIONLURE,,,0,0,3xVinculum;3xBestia;3xIgnis,,,,13,-6
AUTOMAGY,远程比较器,REMOTECOMPARATOR,REDCRYSTAL,,,0,0,15xPotentia;12xMachina;9xSensus;6xAer;3xPraecantatio,,,,3,1
AUTOMAGY,源质聚合器,ESSENTIALOCUSAGGREGATOR,ESSENTIALOCUS,MIRRORESSENTIA;JARVOID;INFUSION,,0,0,5xPraecantatio;5xLimus;5xIter;5xTenebrae,,,,2,-4
AUTOMAGY,聚合魔镜,MIRRORINPUT,,MIRROR;VOIDMETAL;REMOTECOMPARATOR;INFUSION,,0,0,4xIter;2xAlienis;2xTenebrae;2xSensus,,,,9,8
AUTOMAGY,弱化红晶,REDCRYSTAL_DIM,REDCRYSTAL,,,0,0,1xPotentia;1xMachina;1xVitreus;2xPerditio,,,,2,3
AUTOMAGY,镜像红晶,REDCRYSTAL_MIRRORBOUND,REDCRYSTAL_RES,MIRROR,,0,0,15xIter;12xPotentia;9xTenebrae;6xTerra;3xPraecantatio,,,,-5,4
AUTOMAGY,渴饮储罐,THIRSTYTANK,GREEDYCHEST,,,0,0,8xFames;5xAqua;3xVacuos;3xPermutatio,,,,0,9
AUTOMAGY,易物箱子,EAGERCHEST,AVARICIOUS;ENCHANTEDPAPER,,,0,0,5xPermutatio;3xVacuos;3xHumanus,,,,6,9
AUTOMAGY,符石:汲奶,THIRSTYTANK_GLYPH_BOVINE,THIRSTYTANK_GLYPH,ENTITYSIGNAL,,0,0,2xFames;2xAqua;3xBestia;3xMeto,,,,-2,8
AUTOMAGY,符文黑曜石:光明,NETHERRUNE_LIGHT,NETHERMIND,,,0,0,9xLux;6xSensus,,,,13,0
AUTOMAGY,饕餮之口,HUNGRYMAW,HUNGRYCHEST;FOCUSPORTABLEHOLE,,,0,0,5xFames;3xVacuos;3xTenebrae;3xPermutatio,,,,1,6
AUTOMAGY,炼金锅炉,ALCHEMYBOILER,,DISTILESSENTIA,,0,0,2xPraecantatio;5xAqua;2xLimus;3xIgnis,,,,-2,11
AUTOMAGY,生物感应器,ENTITYSIGNAL,CRYSTALBRAIN,INFUSION,,0,0,10xTerra;5xSensus;5xVictus;3xBestia;3xSpiritus,1xitem.crystalBrain@3,,,9,-4
AUTOMAGY,符文黑曜石:史莱姆,NETHERRUNE_SLIME,DIMENSIONLURE,,,0,0,3xVinculum;3xLimus;3xIgnis,,,,13,-7
AUTOMAGY,符文黑曜石:僵尸,NETHERRUNE_ZOMBIE,DIMENSIONLURE,TALLOW,,0,0,3xVinculum;3xLucrum;3xCognitio,,,,10,-8
AUTOMAGY,灵魂之石,XPSTONE,AMNESIASTONE,,,1,1,2xCognitio;2xTerra;2xPerditio;2xPermutatio,,,,4,-7
AUTOMAGY,贪婪箱子,GREEDYCHEST,HUNGRYCHEST,,,0,0,5xLucrum;3xVacuos;3xPermutatio,,,,3,8
AUTOMAGY,傀儡工作台,GOLEMWORKBENCH,ENCHANTEDPAPER,COREEMPTY;INFUSION,,0,0,8xFabrico;3xOrdo;5xHumanus;5xSpiritus,,,,7,6
AUTOMAGY,符文黑曜石:灵魂,NETHERRUNE_SOUL,NETHERMIND,,,0,0,9xSpiritus;3xVinculum;3xTerra;3xPerditio,,,,13,-1
AUTOMAGY,分发魔镜,MIRRORMULTIDEST,MIRRORINPUT;INVENTARIUM_DELIVERY,INFUSION,,0,0,2xIter;2xAlienis;2xTenebrae;2xCognitio,,,,10,6
AUTOMAGY,影裂指环,ENDERDISJUNCTION,AVARICIOUS,INFUSION,,0,0,4xPerditio;5xVinculum;3xAlienis,,,,2,11
AUTOMAGY,供与求,INVENTARIUM_DELIVERY,INVENTARIUM,GOLEMLINKER;GOLEMINHIBITOR;NITORLIGHT;INFUSION,,0,0,5xLucrum;3xHumanus;5xCognitio;3xSpiritus;3xOrdo,,,,10,5
AUTOMAGY,魔力裂片,SLIVERS,,,,0,0,<empty>,,,,-1,-2
AUTOMAGY,垂钓附魔,ENCHANT_FISHING,,INFUSIONENCHANTMENT,,0,0,3xAqua;3xMeto;2xPraecantatio,,,,-6,2
AUTOMAGY,符文黑曜石:迅捷,NETHERRUNE_CELERITY,NETHERMIND,GREEDYCHEST,,0,0,9xAlienis;6xIter;3xPermutatio,,,,12,0
AUTOMAGY,渴饮符石,THIRSTYTANK_GLYPH,THIRSTYTANK,AVARICIOUS,,0,0,3xFames;3xAqua;2xMachina,,,,-1,8
AUTOMAGY,水晶之脑,CRYSTALBRAIN,REMOTECOMPARATOR,,,1,1,5xCognitio;1xAqua;1xAer;1xOrdo;5xVitreus;1xIgnis;1xTerra;1xPerditio,,,,7,-1
AUTOMAGY,毒菇汤,VISHROOMSOUP,,,,0,0,1xCognitio;1xAlienis;1xPraecantatio,1xitem.foodstuff@0;1xtile.blockFluidVishroom@0,,,-4,10
AUTOMAGY,闪耀琥珀方块,NITORLIGHT,,NITOR,,0,0,12xLux;9xIgnis;6xAer,,,,-5,0
AUTOMAGY,库存管理,INVENTARIUM,CRYSTALBRAIN;TALLYBLOCK,VISPOWER;INFUSION,INVENTARIUM_EXTRA,0,0,5xSensus;5xCognitio;5xOrdo,1xitem.crystalBrain@4,,,8,3
AUTOMAGY,记录之眼,INVENTARIUM_POINTER,INVENTARIUM,,,0,0,5xSensus;3xVitreus;3xVacuos,,,,7,4
AUTOMAGY,共鸣红晶,REDCRYSTAL_RES,,REDCRYSTAL,,0,0,15xPotentia;12xMachina;9xVitreus;6xAer;3xPraecantatio,,,,-3,5
AUTOMAGY,工作台升级,GOLEMWORKBENCH_UPGRADE,GOLEMWORKBENCH,UPGRADEAIR;UPGRADEEARTH;UPGRADEFIRE;UPGRADEWATER;UPGRADEORDER;UPGRADEENTROPY,,0,0,5xFabrico;1xHumanus;1xSpiritus,,,,8,6
AUTOMAGY,法杖核心:合成,FOCUSCRAFTING,,FOCUSFIRE,,0,0,15xFabrico;12xPraecantatio;9xInstrumentum;6xTerra,,,,-4,7
AUTOMAGY,附魔纸,ENCHANTEDPAPER,GREEDYCHEST,,,0,0,5xOrdo;3xCognitio;3xPraecantatio,,,,5,7
AUTOMAGY,饕餮手镜,AUTOHANDMIRROR,FINICALMAW,MIRRORHAND,,0,0,8xFames;8xOrdo;5xPermutatio,,,,4,4
AUTOMAGY,红石学,REDSTONETHEORY,,,,0,0,<empty>,,,,0,0
AUTOMAGY,符文黑曜石:骷髅,NETHERRUNE_SKELETON,DIMENSIONLURE,,,0,0,3xVinculum;3xMortuus;3xTelum,,,,12,-8
AUTOMAGY,源质聚核,ESSENTIALOCUS,CRYSTALBRAIN;VISREADER,TUBES;GOGGLES;INFUSION,,0,0,5xCognitio;10xAqua;8xPraecantatio,1xitem.crystalBrain@2,,,4,-3
AUTOMAGY,魔法沙漏,MAGICHOURGLASS,INFUSION;InfusedGoldGTNH;REDCRYSTAL,,,0,0,15xMachina;12xMotus;9xPotentia;6xAer;3xPraecantatio,,,,-3,1
AUTOMAGY,遗忘之石,AMNESIASTONE,GOLEMINHIBITOR;JARBRAIN,,,0,0,5xCognitio;5xVacuos,,,,5,-7
AUTOMAGY,核心升级,FOCUSCRAFTING_UPGRADE,FOCUSCRAFTING,FOCALMANIPULATION,,0,0,3xFabrico;3xVacuos;3xAlienis;3xPermutatio,,,,-5,8
AUTOMAGY,增幅红晶,REDCRYSTAL_AMP,REDCRYSTAL,,,0,0,1xPotentia;1xMachina;1xVitreus;2xIgnis,,,,-2,3
AUTOMAGY,密集管理,INVENTARIUM_EXTRA,INVENTARIUM,,,0,0,5xCognitio,,,,10,3
AUTOMAGY,符文黑曜石:晶体,NETHERRUNE_CRYSTAL,NETHERMIND,,,0,0,9xVitreus;6xPotentia;3xTerra,,,,13,-2
AUTOMAGY,奥法尖塔,THAUMOSTATICREFUELER,CRYSTALBRAIN,HOVERHARNESS;VISPOWER;THAUMIUM;DISTILESSENTIA;INFUSION,,0,0,5xCognitio;5xAer;5xVolatus;5xPotentia,1xitem.crystalBrain@0,,,10,1
AUTOMAGY,计数盒,TALLYBLOCK,REMOTECOMPARATOR;ENCHANTEDPAPER,,,0,0,3xSensus;3xPotentia;3xOrdo,,,,5,2
AUTOMAGY,下界之核,NETHERMIND,CRYSTALBRAIN,GREEDYCHEST;VISPOWER;DISTILESSENTIA;INFUSION,,2,1,5xCognitio;10xIgnis;5xAlienis;5xPermutatio,1xitem.crystalBrain@1,,,11,-2
AUTOMAGY,Vis读取器,VISREADER,REMOTECOMPARATOR;DISTILESSENTIA,,,0,0,5xSensus;5xPraecantatio;3xAuram,,,,3,-1
AUTOMAGY,深究之口,FINICALMAW,HUNGRYMAW;ENCHANTEDPAPER,,,0,0,8xFames;8xOrdo;5xPermutatio,,,,3,6
AUTOMAGY,贪婪之物,AVARICIOUS,GREEDYCHEST,,,0,0,2xLucrum;1xOrdo,,,,4,10
AUTOMAGY,吝物箱子,TENACIOUSCHEST,AVARICIOUS,,,0,0,3xLucrum;3xVacuos,,,,6,11
AUTOMAGY,钝化红晶,REDCRYSTAL_DENSE,REDCRYSTAL,,,0,0,1xPotentia;1xMachina;1xVitreus;2xTerra,,,,0,4
AUTOMAGY,傀儡抑制器,GOLEMINHIBITOR,CRYSTALBRAIN,GOLEMFETTER;THAUMIUM,,0,0,5xCognitio;8xVinculum;4xMachina;2xSpiritus;2xHumanus,1xitem.crystalBrain@5,,,6,-5
TT_CATEGORY,法杖核心:阴影之束,FOCUS_SHADOWBEAM,ROD_ICHORCLOTH,WARP;RESEARCH;ENCHANT;NODES;RESEARCHDUPE;ORE;ASPECTS;KNOWFRAG;RESEARCHER2;CRIMSON;NODEJAR;RESEARCHER1;NODETAPPER2;DECONSTRUCTOR;NODETAPPER1;THAUMONOMICON;PLANTS;NODEPRESERVE;PECH;NODESTABILIZER;WANDPEDFOC;VAMPBAT;ROD_bone;BASICTHAUMATURGY;FOCUSEXCAVATION;SCEPTRE;ROD_quartz_staff;FOCUSHELLBAT;VISCHARGERELAY;ROD_ice;NODESTABILIZERADV;ROD_reed;ROD_greatwood_staff;ROD_silverwood_staff;FOCUSFROST;VISAMULET;FOCALMANIPULATION;FOCUSFIRE;CAP_gold;ROD_silverwood;VISPOWER;FOCUSPOUCH;CAP_copper;ROD_reed_staff;FOCUSSHOCK;CAP_silver;ROD_quartz;FOCUSWARDING;ROD_obsidian;FOCUSPORTABLEHOLE;CAP_thaumium;ROD_greatwood;ROD_blaze;ROD_bone_staff;ROD_obsidian_staff;FOCUSTRADE;ROD_ice_staff;WANDPED;ROD_blaze_staff;ALUMENTUM;BATHSALTS;CRUCIBLE;ENTROPICPROCESSING;TRANSIRON;THAUMATORIUM;ALCHEMICALMANUFACTURE;LIQUIDDEATH;TUBES;TRANSTIN;SANESOAP;ETHEREALBLOOM;TALLOW;PURESILVER;PURETIN;TRANSCOPPER;ESSENTIACRYSTAL;ARCANESPA;CENTRIFUGE;TRANSSILVER;PUREIRON;ALCHEMICALDUPLICATION;JARVOID;NITOR;BOTTLETAINT;PUREGOLD;DISTILESSENTIA;PHIAL;TUBEFILTER;PURELEAD;THAUMIUM;TRANSLEAD;TRANSGOLD;PURECOPPER;JARLABEL;RUNICEMERGENCY;GOGGLES;ENCHFABRIC;ELEMENTALPICK;ELEMENTALAXE;TABLE;INFERNALFURNACE;BANNERS;ELEMENTALSHOVEL;LEVITATOR;HOVERGIRDLE;WARDEDARCANA;BASICARTIFACE;FLUXSCRUB;THAUMOMETER;BOOTSTRAVELLER;RESTABLE;MIRRORESSENTIA;PRIMALARROW;ARCANEEAR;GRATE;RUNICCHARGED;RUNICHEALING;HOVERHARNESS;MIRROR;ALCHGRATE;LAMPGROWTH;MASKGRINNINGDEVIL;ELEMENTALHOE;MIRRORHAND;ARCTABLE;INFUSION;RUNICKINETIC;PAVEWARD;MASKANGRYGHOST;MASKSIPPINGFIEND;ARCANELAMP;ARMORFORTRESS;BELLOWS;HELMGOGGLES;RUNICARMOR;RUNICAUGMENTATION;LAMPFERTILITY;BONEBOW;ARCANESTONE;SINSTONE;ELEMENTALSWORD;PAVETRAVEL;JARBRAIN;ARCANEBORE;INFUSIONENCHANTMENT;GOLEMCLAY;UPGRADEWATER;HUNGRYCHEST;GOLEMTALLOW;GOLEMWOOD;GOLEMFLESH;UPGRADEEARTH;TINYDART;UPGRADEFIRE;UPGRADEENTROPY;COREUSE;TINYHAMMER;TRAVELTRUNK;TINYBOWTIE;GOLEMBELL;CORESORTING;GOLEMTHAUMIUM;TINYHAT;TINYFEZ;CORELUMBER;TINYGLASSES;TINYVISOR;UPGRADEAIR;COREFISHING;COREGATHER;COREHARVEST;COREBUTCHER;COREGUARD;ADVANCEDGOLEM;TINYARMOR;COREFILL;GOLEMFETTER;GOLEMSTRAW;COREALCHEMY;GOLEMSTONE;GOLEMIRON;CORELIQUID;COREEMPTY;UPGRADEORDER;TTENCH_VALIANCE;TTENCH_SHOCKWAVE;TTENCH_ASCENT_BOOST;TTENCH_DISPERSED;TTENCH_SLOW_FALL;TTENCH_FOCUSED;TTENCH_SHATTER;FOCUS_DISLOCATION;TTENCH_TUNNEL;FOCUS_HEAL;FOCUS_TELEKINESIS;TTENCH_VAMPIRISM;BLOOD_SWORD;TTENCH_FINAL;REVEALING_HELM;TTENCH_QUICK_DRAW;TTENCH_POUNCE;TTENCH_DESINTEGRATE;GAS_REMOVER;TTENCH_AUTO_SMELT;FOCUS_SMELT;FOCUS_ENDER_CHEST,,2,2,15xTenebrae;15xPraecantatio;12xAlienis;9xTelum;6xTempestas;3xMotus,,,,14,4
TT_CATEGORY,附魔:英勇,TTENCH_VALIANCE,TTENCH_VAMPIRISM,,,0,0,15xSano;15xTelum;12xPraecantatio;9xAlienis;6xAuram;3xBestia,,,,1,4
TT_CATEGORY,附魔:震荡波,TTENCH_SHOCKWAVE,TTENCH_SLOW_FALL,,,0,0,15xAer;15xPerditio;12xTutamen;9xPraecantatio;6xAuram;3xVolatus,,,,9,2
TT_CATEGORY,灵宝工具,ICHOR_TOOLS,ICHORIUM,ROD_ICHORCLOTH;WARP;RESEARCH;ENCHANT;NODES;RESEARCHDUPE;ORE;ASPECTS;KNOWFRAG;RESEARCHER2;CRIMSON;NODEJAR;RESEARCHER1;NODETAPPER2;DECONSTRUCTOR;NODETAPPER1;THAUMONOMICON;PLANTS;NODEPRESERVE;PECH;NODESTABILIZER;WANDPEDFOC;VAMPBAT;ROD_bone;BASICTHAUMATURGY;FOCUSEXCAVATION;SCEPTRE;ROD_quartz_staff;FOCUSHELLBAT;VISCHARGERELAY;ROD_ice;NODESTABILIZERADV;ROD_reed;ROD_greatwood_staff;ROD_silverwood_staff;FOCUSFROST;VISAMULET;FOCALMANIPULATION;FOCUSFIRE;CAP_gold;ROD_silverwood;VISPOWER;FOCUSPOUCH;CAP_copper;ROD_reed_staff;FOCUSSHOCK;CAP_silver;ROD_quartz;FOCUSWARDING;ROD_obsidian;FOCUSPORTABLEHOLE;CAP_thaumium;ROD_greatwood;ROD_blaze;ROD_bone_staff;ROD_obsidian_staff;FOCUSTRADE;ROD_ice_staff;WANDPED;ROD_blaze_staff;ALUMENTUM;BATHSALTS;CRUCIBLE;ENTROPICPROCESSING;TRANSIRON;THAUMATORIUM;ALCHEMICALMANUFACTURE;LIQUIDDEATH;TUBES;TRANSTIN;SANESOAP;ETHEREALBLOOM;TALLOW;PURESILVER;PURETIN;TRANSCOPPER;ESSENTIACRYSTAL;ARCANESPA;CENTRIFUGE;TRANSSILVER;PUREIRON;ALCHEMICALDUPLICATION;JARVOID;NITOR;BOTTLETAINT;PUREGOLD;DISTILESSENTIA;PHIAL;TUBEFILTER;PURELEAD;THAUMIUM;TRANSLEAD;TRANSGOLD;PURECOPPER;JARLABEL;RUNICEMERGENCY;GOGGLES;ENCHFABRIC;ELEMENTALPICK;ELEMENTALAXE;TABLE;INFERNALFURNACE;BANNERS;ELEMENTALSHOVEL;LEVITATOR;HOVERGIRDLE;WARDEDARCANA;BASICARTIFACE;FLUXSCRUB;THAUMOMETER;BOOTSTRAVELLER;RESTABLE;MIRRORESSENTIA;PRIMALARROW;ARCANEEAR;GRATE;RUNICCHARGED;RUNICHEALING;HOVERHARNESS;MIRROR;ALCHGRATE;LAMPGROWTH;MASKGRINNINGDEVIL;ELEMENTALHOE;MIRRORHAND;ARCTABLE;INFUSION;RUNICKINETIC;PAVEWARD;MASKANGRYGHOST;MASKSIPPINGFIEND;ARCANELAMP;ARMORFORTRESS;BELLOWS;HELMGOGGLES;RUNICARMOR;RUNICAUGMENTATION;LAMPFERTILITY;BONEBOW;ARCANESTONE;SINSTONE;ELEMENTALSWORD;PAVETRAVEL;JARBRAIN;ARCANEBORE;INFUSIONENCHANTMENT;GOLEMCLAY;UPGRADEWATER;HUNGRYCHEST;GOLEMTALLOW;GOLEMWOOD;GOLEMFLESH;UPGRADEEARTH;TINYDART;UPGRADEFIRE;UPGRADEENTROPY;COREUSE;TINYHAMMER;TRAVELTRUNK;TINYBOWTIE;GOLEMBELL;CORESORTING;GOLEMTHAUMIUM;TINYHAT;TINYFEZ;CORELUMBER;TINYGLASSES;TINYVISOR;UPGRADEAIR;COREFISHING;COREGATHER;COREHARVEST;COREBUTCHER;COREGUARD;ADVANCEDGOLEM;TINYARMOR;COREFILL;GOLEMFETTER;GOLEMSTRAW;COREALCHEMY;GOLEMSTONE;GOLEMIRON;CORELIQUID;COREEMPTY;UPGRADEORDER;TTENCH_VALIANCE;TTENCH_SHOCKWAVE;TTENCH_ASCENT_BOOST;TTENCH_DISPERSED;TTENCH_SLOW_FALL;TTENCH_FOCUSED;TTENCH_SHATTER;FOCUS_DISLOCATION;TTENCH_TUNNEL;FOCUS_HEAL;FOCUS_TELEKINESIS;TTENCH_VAMPIRISM;BLOOD_SWORD;TTENCH_FINAL;REVEALING_HELM;XP_TALISMAN;TTENCH_QUICK_DRAW;TTENCH_POUNCE;TTENCH_DESINTEGRATE;GAS_REMOVER;TTENCH_AUTO_SMELT;FOCUS_SMELT;FOCUS_ENDER_CHEST,,2,1,18xInstrumentum;15xTelum;12xMetallum;9xFabrico;6xPraecantatio;3xAlienis,,,,13,12
TT_CATEGORY,暗影安瓿,GASEOUS_SHADOW,GASEOUS_LIGHT,,,0,0,12xIgnis;12xTenebrae;9xAer;6xMotus;3xPraecantatio,,,,-1,-5
TT_CATEGORY,法杖核心:扭曲,FOCUS_DEFLECT,FOCUS_SMELT;FOCUS_FLIGHT,INFUSION,,0,0,15xAlienis;12xPraecantatio;9xPermutatio;6xAuram;3xAer,,,,-4,-3
TT_CATEGORY,附魔:单杀,TTENCH_FOCUSED,TTENCH_VAMPIRISM,,,0,0,15xOrdo;15xTelum;12xPraecantatio;9xAlienis;6xAuram;3xBestia,,,,2,7
TT_CATEGORY,天域平台,PLATFORM,CLEANSING_TALISMAN,,,0,0,12xSensus;9xArbor;6xMotus;3xIter;3xPraecantatio,,,,-2,6
TT_CATEGORY,元素之焰:巽风,FIREAER,INFUSION;BRIGHT_NITOR;ELDRITCHMINOR,,,5,5,15xAer;12xLux;9xMotus;3xPraecantatio,,,,3,-7
TT_CATEGORY,奥法修复台,REPAIRER,FUNNEL;INFUSION,INFUSION;THAUMIUM;ENCHFABRIC,,0,0,15xInstrumentum;12xFabrico;9xOrdo;6xPotentia;3xPraecantatio,,,,-1,-9
TT_CATEGORY,矢量变换接口,INTERFACE,INFUSION;DARKQUARTZ,,,0,0,12xOrdo;9xPerditio;6xPotentia;3xAqua,,,,-4,2
TT_CATEGORY,怪物召唤,SUMMON,BLOOD_SWORD,INFUSION,,3,2,15xTelum;12xBestia;9xPraecantatio;6xSpiritus;3xTerra,,,,-5,8
TT_CATEGORY,法杖核心:仙域召唤,FOCUS_RECALL,WARP_GATE,ROD_ICHORCLOTH;WARP;RESEARCH;ENCHANT;NODES;RESEARCHDUPE;ORE;ASPECTS;KNOWFRAG;RESEARCHER2;CRIMSON;NODEJAR;RESEARCHER1;NODETAPPER2;DECONSTRUCTOR;NODETAPPER1;THAUMONOMICON;PLANTS;NODEPRESERVE;PECH;NODESTABILIZER;WANDPEDFOC;VAMPBAT;ROD_bone;BASICTHAUMATURGY;FOCUSEXCAVATION;SCEPTRE;ROD_quartz_staff;FOCUSHELLBAT;VISCHARGERELAY;ROD_ice;NODESTABILIZERADV;ROD_reed;ROD_greatwood_staff;ROD_silverwood_staff;FOCUSFROST;VISAMULET;FOCALMANIPULATION;FOCUSFIRE;CAP_gold;ROD_silverwood;VISPOWER;FOCUSPOUCH;CAP_copper;ROD_reed_staff;FOCUSSHOCK;CAP_silver;ROD_quartz;FOCUSWARDING;ROD_obsidian;FOCUSPORTABLEHOLE;CAP_thaumium;ROD_greatwood;ROD_blaze;ROD_bone_staff;ROD_obsidian_staff;FOCUSTRADE;ROD_ice_staff;WANDPED;ROD_blaze_staff;ALUMENTUM;BATHSALTS;CRUCIBLE;ENTROPICPROCESSING;TRANSIRON;THAUMATORIUM;ALCHEMICALMANUFACTURE;LIQUIDDEATH;TUBES;TRANSTIN;SANESOAP;ETHEREALBLOOM;TALLOW;PURESILVER;PURETIN;TRANSCOPPER;ESSENTIACRYSTAL;ARCANESPA;CENTRIFUGE;TRANSSILVER;PUREIRON;ALCHEMICALDUPLICATION;JARVOID;NITOR;BOTTLETAINT;PUREGOLD;DISTILESSENTIA;PHIAL;TUBEFILTER;PURELEAD;THAUMIUM;TRANSLEAD;TRANSGOLD;PURECOPPER;JARLABEL;RUNICEMERGENCY;GOGGLES;ENCHFABRIC;ELEMENTALPICK;ELEMENTALAXE;TABLE;INFERNALFURNACE;BANNERS;ELEMENTALSHOVEL;LEVITATOR;HOVERGIRDLE;WARDEDARCANA;BASICARTIFACE;FLUXSCRUB;THAUMOMETER;BOOTSTRAVELLER;RESTABLE;MIRRORESSENTIA;PRIMALARROW;ARCANEEAR;GRATE;RUNICCHARGED;RUNICHEALING;HOVERHARNESS;MIRROR;ALCHGRATE;LAMPGROWTH;MASKGRINNINGDEVIL;ELEMENTALHOE;MIRRORHAND;ARCTABLE;INFUSION;RUNICKINETIC;PAVEWARD;MASKANGRYGHOST;MASKSIPPINGFIEND;ARCANELAMP;ARMORFORTRESS;BELLOWS;HELMGOGGLES;RUNICARMOR;RUNICAUGMENTATION;LAMPFERTILITY;BONEBOW;ARCANESTONE;SINSTONE;ELEMENTALSWORD;PAVETRAVEL;JARBRAIN;ARCANEBORE;INFUSIONENCHANTMENT;GOLEMCLAY;UPGRADEWATER;HUNGRYCHEST;GOLEMTALLOW;GOLEMWOOD;GOLEMFLESH;UPGRADEEARTH;TINYDART;UPGRADEFIRE;UPGRADEENTROPY;COREUSE;TINYHAMMER;TRAVELTRUNK;TINYBOWTIE;GOLEMBELL;CORESORTING;GOLEMTHAUMIUM;TINYHAT;TINYFEZ;CORELUMBER;TINYGLASSES;TINYVISOR;UPGRADEAIR;COREFISHING;COREGATHER;COREHARVEST;COREBUTCHER;COREGUARD;ADVANCEDGOLEM;TINYARMOR;COREFILL;GOLEMFETTER;GOLEMSTRAW;COREALCHEMY;GOLEMSTONE;GOLEMIRON;CORELIQUID;COREEMPTY;UPGRADEORDER;TTENCH_VAMPIRISM;TTENCH_VALIANCE;TTENCH_SHOCKWAVE;TTENCH_FINAL;TTENCH_ASCENT_BOOST;TTENCH_DISPERSED;TTENCH_SLOW_FALL;TTENCH_FOCUSED;TTENCH_SHATTER;TTENCH_QUICK_DRAW;TTENCH_POUNCE;TTENCH_DESINTEGRATE;TTENCH_AUTO_SMELT;TTENCH_TUNNEL,,2,2,18xIter;15xAlienis;12xVolatus;9xPraecantatio;6xAer;3xCognitio,,,,20,8
TT_CATEGORY,觉醒灵宝镐,ICHOR_PICK_GEM,ICHOR_TOOLS,WARP;RESEARCH;ENCHANT;NODES;RESEARCHDUPE;ORE;ASPECTS;KNOWFRAG;RESEARCHER2;CRIMSON;NODEJAR;RESEARCHER1;NODETAPPER2;DECONSTRUCTOR;NODETAPPER1;THAUMONOMICON;PLANTS;NODEPRESERVE;PECH;NODESTABILIZER;WANDPEDFOC;VAMPBAT;ROD_bone;BASICTHAUMATURGY;FOCUSEXCAVATION;SCEPTRE;ROD_quartz_staff;FOCUSHELLBAT;VISCHARGERELAY;ROD_ice;NODESTABILIZERADV;ROD_reed;ROD_greatwood_staff;ROD_silverwood_staff;FOCUSFROST;VISAMULET;FOCALMANIPULATION;FOCUSFIRE;CAP_gold;ROD_silverwood;VISPOWER;FOCUSPOUCH;CAP_copper;ROD_reed_staff;FOCUSSHOCK;CAP_silver;ROD_quartz;FOCUSWARDING;ROD_obsidian;FOCUSPORTABLEHOLE;CAP_thaumium;ROD_greatwood;ROD_blaze;ROD_bone_staff;ROD_obsidian_staff;FOCUSTRADE;ROD_ice_staff;WANDPED;ROD_blaze_staff;ALUMENTUM;BATHSALTS;CRUCIBLE;ENTROPICPROCESSING;TRANSIRON;THAUMATORIUM;ALCHEMICALMANUFACTURE;LIQUIDDEATH;TUBES;TRANSTIN;SANESOAP;ETHEREALBLOOM;TALLOW;PURESILVER;PURETIN;TRANSCOPPER;ESSENTIACRYSTAL;ARCANESPA;CENTRIFUGE;TRANSSILVER;PUREIRON;ALCHEMICALDUPLICATION;JARVOID;NITOR;BOTTLETAINT;PUREGOLD;DISTILESSENTIA;PHIAL;TUBEFILTER;PURELEAD;THAUMIUM;TRANSLEAD;TRANSGOLD;PURECOPPER;JARLABEL;RUNICEMERGENCY;GOGGLES;ENCHFABRIC;ELEMENTALPICK;ELEMENTALAXE;TABLE;INFERNALFURNACE;BANNERS;ELEMENTALSHOVEL;LEVITATOR;HOVERGIRDLE;WARDEDARCANA;BASICARTIFACE;FLUXSCRUB;THAUMOMETER;BOOTSTRAVELLER;RESTABLE;MIRRORESSENTIA;PRIMALARROW;ARCANEEAR;GRATE;RUNICCHARGED;RUNICHEALING;HOVERHARNESS;MIRROR;ALCHGRATE;LAMPGROWTH;MASKGRINNINGDEVIL;ELEMENTALHOE;MIRRORHAND;ARCTABLE;INFUSION;RUNICKINETIC;PAVEWARD;MASKANGRYGHOST;MASKSIPPINGFIEND;ARCANELAMP;ARMORFORTRESS;BELLOWS;HELMGOGGLES;RUNICARMOR;RUNICAUGMENTATION;LAMPFERTILITY;BONEBOW;ARCANESTONE;SINSTONE;ELEMENTALSWORD;PAVETRAVEL;JARBRAIN;ARCANEBORE;INFUSIONENCHANTMENT;GOLEMCLAY;UPGRADEWATER;HUNGRYCHEST;GOLEMTALLOW;GOLEMWOOD;GOLEMFLESH;UPGRADEEARTH;TINYDART;UPGRADEFIRE;UPGRADEENTROPY;COREUSE;TINYHAMMER;TRAVELTRUNK;TINYBOWTIE;GOLEMBELL;CORESORTING;GOLEMTHAUMIUM;TINYHAT;TINYFEZ;CORELUMBER;TINYGLASSES;TINYVISOR;UPGRADEAIR;COREFISHING;COREGATHER;COREHARVEST;COREBUTCHER;COREGUARD;ADVANCEDGOLEM;TINYARMOR;COREFILL;GOLEMFETTER;GOLEMSTRAW;COREALCHEMY;GOLEMSTONE;GOLEMIRON;CORELIQUID;COREEMPTY;UPGRADEORDER;TTENCH_VALIANCE;TTENCH_SHOCKWAVE;TTENCH_ASCENT_BOOST;TTENCH_DISPERSED;TTENCH_SLOW_FALL;TTENCH_FOCUSED;TTENCH_SHATTER;TTENCH_TUNNEL;FOCUS_HEAL;FOCUS_TELEKINESIS;TTENCH_VAMPIRISM;BLOOD_SWORD;TTENCH_FINAL;TTENCH_QUICK_DRAW;TTENCH_POUNCE;TTENCH_DESINTEGRATE;GAS_REMOVER;TTENCH_AUTO_SMELT;FOCUS_SMELT;FOCUS_ENDER_CHEST,,2,1,24xIgnis;21xLucrum;18xMetallum;15xMeto;12xMessis;9xPerfodio;6xTerra;3xSensus,,,,13,15
TT_CATEGORY,觉醒灵宝斧,ICHOR_AXE_GEM,ICHOR_TOOLS,WARP;RESEARCH;ENCHANT;NODES;RESEARCHDUPE;ORE;ASPECTS;KNOWFRAG;RESEARCHER2;CRIMSON;NODEJAR;RESEARCHER1;NODETAPPER2;DECONSTRUCTOR;NODETAPPER1;THAUMONOMICON;PLANTS;NODEPRESERVE;PECH;NODESTABILIZER;WANDPEDFOC;VAMPBAT;ROD_bone;BASICTHAUMATURGY;FOCUSEXCAVATION;SCEPTRE;ROD_quartz_staff;FOCUSHELLBAT;VISCHARGERELAY;ROD_ice;NODESTABILIZERADV;ROD_reed;ROD_greatwood_staff;ROD_silverwood_staff;FOCUSFROST;VISAMULET;FOCALMANIPULATION;FOCUSFIRE;CAP_gold;ROD_silverwood;VISPOWER;FOCUSPOUCH;CAP_copper;ROD_reed_staff;FOCUSSHOCK;CAP_silver;ROD_quartz;FOCUSWARDING;ROD_obsidian;FOCUSPORTABLEHOLE;CAP_thaumium;ROD_greatwood;ROD_blaze;ROD_bone_staff;ROD_obsidian_staff;FOCUSTRADE;ROD_ice_staff;WANDPED;ROD_blaze_staff;ALUMENTUM;BATHSALTS;CRUCIBLE;ENTROPICPROCESSING;TRANSIRON;THAUMATORIUM;ALCHEMICALMANUFACTURE;LIQUIDDEATH;TUBES;TRANSTIN;SANESOAP;ETHEREALBLOOM;TALLOW;PURESILVER;PURETIN;TRANSCOPPER;ESSENTIACRYSTAL;ARCANESPA;CENTRIFUGE;TRANSSILVER;PUREIRON;ALCHEMICALDUPLICATION;JARVOID;NITOR;BOTTLETAINT;PUREGOLD;DISTILESSENTIA;PHIAL;TUBEFILTER;PURELEAD;THAUMIUM;TRANSLEAD;TRANSGOLD;PURECOPPER;JARLABEL;RUNICEMERGENCY;GOGGLES;ENCHFABRIC;ELEMENTALPICK;ELEMENTALAXE;TABLE;INFERNALFURNACE;BANNERS;ELEMENTALSHOVEL;LEVITATOR;HOVERGIRDLE;WARDEDARCANA;BASICARTIFACE;FLUXSCRUB;THAUMOMETER;BOOTSTRAVELLER;RESTABLE;MIRRORESSENTIA;PRIMALARROW;ARCANEEAR;GRATE;RUNICCHARGED;RUNICHEALING;HOVERHARNESS;MIRROR;ALCHGRATE;LAMPGROWTH;MASKGRINNINGDEVIL;ELEMENTALHOE;MIRRORHAND;ARCTABLE;INFUSION;RUNICKINETIC;PAVEWARD;MASKANGRYGHOST;MASKSIPPINGFIEND;ARCANELAMP;ARMORFORTRESS;BELLOWS;HELMGOGGLES;RUNICARMOR;RUNICAUGMENTATION;LAMPFERTILITY;BONEBOW;ARCANESTONE;SINSTONE;ELEMENTALSWORD;PAVETRAVEL;JARBRAIN;ARCANEBORE;INFUSIONENCHANTMENT;GOLEMCLAY;UPGRADEWATER;HUNGRYCHEST;GOLEMTALLOW;GOLEMWOOD;GOLEMFLESH;UPGRADEEARTH;TINYDART;UPGRADEFIRE;UPGRADEENTROPY;COREUSE;TINYHAMMER;TRAVELTRUNK;TINYBOWTIE;GOLEMBELL;CORESORTING;GOLEMTHAUMIUM;TINYHAT;TINYFEZ;CORELUMBER;TINYGLASSES;TINYVISOR;UPGRADEAIR;COREFISHING;COREGATHER;COREHARVEST;COREBUTCHER;COREGUARD;ADVANCEDGOLEM;TINYARMOR;COREFILL;GOLEMFETTER;GOLEMSTRAW;COREALCHEMY;GOLEMSTONE;GOLEMIRON;CORELIQUID;COREEMPTY;UPGRADEORDER;TTENCH_VALIANCE;TTENCH_SHOCKWAVE;TTENCH_ASCENT_BOOST;TTENCH_DISPERSED;TTENCH_SLOW_FALL;TTENCH_FOCUSED;TTENCH_SHATTER;TTENCH_TUNNEL;FOCUS_HEAL;FOCUS_TELEKINESIS;TTENCH_VAMPIRISM;BLOOD_SWORD;TTENCH_FINAL;TTENCH_QUICK_DRAW;TTENCH_POUNCE;TTENCH_DESINTEGRATE;GAS_REMOVER;TTENCH_AUTO_SMELT;FOCUS_SMELT;FOCUS_ENDER_CHEST,,2,1,21xAqua;18xArbor;15xInstrumentum;12xMessis;9xMeto;6xPerfodio;3xSensus,,,,16,14
TT_CATEGORY,法杖核心：升腾,FOCUS_FLIGHT,FOCUS_SMELT;FOCUSFIRE,INFUSION,,0,0,15xMotus;12xAer;9xPraecantatio;6xVolatus;3xIter,,,,-3,-4
TT_CATEGORY,法杖核心:愈合,FOCUS_HEAL,FOCUS_DEFLECT,INFUSION,,0,0,15xSano;15xVictus;12xPraecantatio;9xSpiritus;6xCognitio,,,,-6,-4
TT_CATEGORY,黑洞指环,BLOCK_TALISMAN,ICHOR_PICK_GEM;ICHOR_SHOVEL_GEM,WARP;RESEARCH;ENCHANT;NODES;RESEARCHDUPE;ORE;ASPECTS;KNOWFRAG;RESEARCHER2;CRIMSON;NODEJAR;RESEARCHER1;NODETAPPER2;DECONSTRUCTOR;NODETAPPER1;THAUMONOMICON;PLANTS;NODEPRESERVE;PECH;NODESTABILIZER;WANDPEDFOC;VAMPBAT;ROD_bone;BASICTHAUMATURGY;FOCUSEXCAVATION;SCEPTRE;ROD_quartz_staff;FOCUSHELLBAT;VISCHARGERELAY;ROD_ice;NODESTABILIZERADV;ROD_reed;ROD_greatwood_staff;ROD_silverwood_staff;FOCUSFROST;VISAMULET;FOCALMANIPULATION;FOCUSFIRE;CAP_gold;ROD_silverwood;VISPOWER;FOCUSPOUCH;CAP_copper;ROD_reed_staff;FOCUSSHOCK;CAP_silver;ROD_quartz;FOCUSWARDING;ROD_obsidian;FOCUSPORTABLEHOLE;CAP_thaumium;ROD_greatwood;ROD_blaze;ROD_bone_staff;ROD_obsidian_staff;FOCUSTRADE;ROD_ice_staff;WANDPED;ROD_blaze_staff;ALUMENTUM;BATHSALTS;CRUCIBLE;ENTROPICPROCESSING;TRANSIRON;THAUMATORIUM;ALCHEMICALMANUFACTURE;LIQUIDDEATH;TUBES;TRANSTIN;SANESOAP;ETHEREALBLOOM;TALLOW;PURESILVER;PURETIN;TRANSCOPPER;ESSENTIACRYSTAL;ARCANESPA;CENTRIFUGE;TRANSSILVER;PUREIRON;ALCHEMICALDUPLICATION;JARVOID;NITOR;BOTTLETAINT;PUREGOLD;DISTILESSENTIA;PHIAL;TUBEFILTER;PURELEAD;THAUMIUM;TRANSLEAD;TRANSGOLD;PURECOPPER;JARLABEL;RUNICEMERGENCY;GOGGLES;ENCHFABRIC;ELEMENTALPICK;ELEMENTALAXE;TABLE;INFERNALFURNACE;BANNERS;ELEMENTALSHOVEL;LEVITATOR;HOVERGIRDLE;WARDEDARCANA;BASICARTIFACE;FLUXSCRUB;THAUMOMETER;BOOTSTRAVELLER;RESTABLE;MIRRORESSENTIA;PRIMALARROW;ARCANEEAR;GRATE;RUNICCHARGED;RUNICHEALING;HOVERHARNESS;MIRROR;ALCHGRATE;LAMPGROWTH;MASKGRINNINGDEVIL;ELEMENTALHOE;MIRRORHAND;ARCTABLE;INFUSION;RUNICKINETIC;PAVEWARD;MASKANGRYGHOST;MASKSIPPINGFIEND;ARCANELAMP;ARMORFORTRESS;BELLOWS;HELMGOGGLES;RUNICARMOR;RUNICAUGMENTATION;LAMPFERTILITY;BONEBOW;ARCANESTONE;SINSTONE;ELEMENTALSWORD;PAVETRAVEL;JARBRAIN;ARCANEBORE;INFUSIONENCHANTMENT;GOLEMCLAY;UPGRADEWATER;HUNGRYCHEST;GOLEMTALLOW;GOLEMWOOD;GOLEMFLESH;UPGRADEEARTH;TINYDART;UPGRADEFIRE;UPGRADEENTROPY;COREUSE;TINYHAMMER;TRAVELTRUNK;TINYBOWTIE;GOLEMBELL;CORESORTING;GOLEMTHAUMIUM;TINYHAT;TINYFEZ;CORELUMBER;TINYGLASSES;TINYVISOR;UPGRADEAIR;COREFISHING;COREGATHER;COREHARVEST;COREBUTCHER;COREGUARD;ADVANCEDGOLEM;TINYARMOR;COREFILL;GOLEMFETTER;GOLEMSTRAW;COREALCHEMY;GOLEMSTONE;GOLEMIRON;CORELIQUID;COREEMPTY;UPGRADEORDER;TTENCH_VALIANCE;TTENCH_SHOCKWAVE;TTENCH_ASCENT_BOOST;TTENCH_DISPERSED;TTENCH_SLOW_FALL;TTENCH_FOCUSED;TTENCH_SHATTER;TTENCH_TUNNEL;FOCUS_HEAL;FOCUS_TELEKINESIS;TTENCH_VAMPIRISM;BLOOD_SWORD;TTENCH_FINAL;TTENCH_QUICK_DRAW;TTENCH_POUNCE;TTENCH_DESINTEGRATE;GAS_REMOVER;TTENCH_AUTO_SMELT;FOCUS_SMELT;FOCUS_ENDER_CHEST,,3,3,15xVacuos;12xTenebrae;9xAlienis;6xPraecantatio;3xSpiritus,,,,14,17
TT_CATEGORY,奥术磁铁,MAGNETS,INTERFACE,FOCUS_TELEKINESIS,,1,1,15xBestia;15xMachina;12xMotus;9xSensus;6xOrdo;3xSpiritus,,,,-6,3
TT_CATEGORY,法杖核心：念力,FOCUS_TELEKINESIS,FOCUS_FLIGHT,INFUSION,,0,0,15xAlienis;15xMotus;12xPraecantatio;9xCognitio;6xLucrum,,,,-4,-6
TT_CATEGORY,蕴魔药水,INFUSEDPOTIONS,INFUSION;INFUSEDSEED,,,1,1,15xAuram;12xIgnis;9xAer;9xAqua;9xTerra,,,,9,-5
TT_CATEGORY,附魔:吸血,TTENCH_VAMPIRISM,ENCHANTER,,,0,0,15xFames;12xTelum;9xPraecantatio;6xAuram;3xLucrum,,,,3,5
TT_CATEGORY,地平线盾牌之靴,ICHORCLOTH_BOOTS_GEM,ICHORCLOTH_ARMOR,WARP;RESEARCH;ENCHANT;NODES;RESEARCHDUPE;ORE;ASPECTS;KNOWFRAG;RESEARCHER2;CRIMSON;NODEJAR;RESEARCHER1;NODETAPPER2;DECONSTRUCTOR;NODETAPPER1;THAUMONOMICON;PLANTS;NODEPRESERVE;PECH;NODESTABILIZER;WANDPEDFOC;VAMPBAT;ROD_bone;BASICTHAUMATURGY;FOCUSEXCAVATION;SCEPTRE;ROD_quartz_staff;FOCUSHELLBAT;VISCHARGERELAY;ROD_ice;NODESTABILIZERADV;ROD_reed;ROD_greatwood_staff;ROD_silverwood_staff;FOCUSFROST;VISAMULET;FOCALMANIPULATION;FOCUSFIRE;CAP_gold;ROD_silverwood;VISPOWER;FOCUSPOUCH;CAP_copper;ROD_reed_staff;FOCUSSHOCK;CAP_silver;ROD_quartz;FOCUSWARDING;ROD_obsidian;FOCUSPORTABLEHOLE;CAP_thaumium;ROD_greatwood;ROD_blaze;ROD_bone_staff;ROD_obsidian_staff;FOCUSTRADE;ROD_ice_staff;WANDPED;ROD_blaze_staff;ALUMENTUM;BATHSALTS;CRUCIBLE;ENTROPICPROCESSING;TRANSIRON;THAUMATORIUM;ALCHEMICALMANUFACTURE;LIQUIDDEATH;TUBES;TRANSTIN;SANESOAP;ETHEREALBLOOM;TALLOW;PURESILVER;PURETIN;TRANSCOPPER;ESSENTIACRYSTAL;ARCANESPA;CENTRIFUGE;TRANSSILVER;PUREIRON;ALCHEMICALDUPLICATION;JARVOID;NITOR;BOTTLETAINT;PUREGOLD;DISTILESSENTIA;PHIAL;TUBEFILTER;PURELEAD;THAUMIUM;TRANSLEAD;TRANSGOLD;PURECOPPER;JARLABEL;RUNICEMERGENCY;GOGGLES;ENCHFABRIC;ELEMENTALPICK;ELEMENTALAXE;TABLE;INFERNALFURNACE;BANNERS;ELEMENTALSHOVEL;LEVITATOR;HOVERGIRDLE;WARDEDARCANA;BASICARTIFACE;FLUXSCRUB;THAUMOMETER;BOOTSTRAVELLER;RESTABLE;MIRRORESSENTIA;PRIMALARROW;ARCANEEAR;GRATE;RUNICCHARGED;RUNICHEALING;HOVERHARNESS;MIRROR;ALCHGRATE;LAMPGROWTH;MASKGRINNINGDEVIL;ELEMENTALHOE;MIRRORHAND;ARCTABLE;INFUSION;RUNICKINETIC;PAVEWARD;MASKANGRYGHOST;MASKSIPPINGFIEND;ARCANELAMP;ARMORFORTRESS;BELLOWS;HELMGOGGLES;RUNICARMOR;RUNICAUGMENTATION;LAMPFERTILITY;BONEBOW;ARCANESTONE;SINSTONE;ELEMENTALSWORD;PAVETRAVEL;JARBRAIN;ARCANEBORE;INFUSIONENCHANTMENT;GOLEMCLAY;UPGRADEWATER;HUNGRYCHEST;GOLEMTALLOW;GOLEMWOOD;GOLEMFLESH;UPGRADEEARTH;TINYDART;UPGRADEFIRE;UPGRADEENTROPY;COREUSE;TINYHAMMER;TRAVELTRUNK;TINYBOWTIE;GOLEMBELL;CORESORTING;GOLEMTHAUMIUM;TINYHAT;TINYFEZ;CORELUMBER;TINYGLASSES;TINYVISOR;UPGRADEAIR;COREFISHING;COREGATHER;COREHARVEST;COREBUTCHER;COREGUARD;ADVANCEDGOLEM;TINYARMOR;COREFILL;GOLEMFETTER;GOLEMSTRAW;COREALCHEMY;GOLEMSTONE;GOLEMIRON;CORELIQUID;COREEMPTY;UPGRADEORDER;TTENCH_VALIANCE;TTENCH_SHOCKWAVE;TTENCH_ASCENT_BOOST;TTENCH_DISPERSED;TTENCH_SLOW_FALL;TTENCH_FOCUSED;TTENCH_SHATTER;TTENCH_TUNNEL;FOCUS_HEAL;FOCUS_TELEKINESIS;TTENCH_VAMPIRISM;BLOOD_SWORD;TTENCH_FINAL;TTENCH_QUICK_DRAW;TTENCH_POUNCE;TTENCH_DESINTEGRATE;GAS_REMOVER;TTENCH_AUTO_SMELT;FOCUS_SMELT;FOCUS_ENDER_CHEST,,2,2,24xTerra;21xIter;18xPerfodio;15xHerba;12xLux;9xMotus;6xCognitio;3xTutamen,,,,15,10
TT_CATEGORY,防身护身符,CLEANSING_TALISMAN,DARKQUARTZ;INFUSION;RUNICARMOR,INFUSION,,0,0,15xSano;12xOrdo;9xMortuus;6xVictus;3xPraecantatio,,,,-3,4
TT_CATEGORY,元素之焰:离火,FIREIGNIS,INFUSION;BRIGHT_NITOR;ELDRITCHMINOR,,,5,5,15xIgnis;12xLux;9xAer;3xPraecantatio,,,,4,-4
TT_CATEGORY,祛魔之布,SPELL_CLOTH,INFUSION,ENCHFABRIC,,0,0,12xPraecantatio;9xPannus;6xAuram;3xAlienis,,,,3,2
TT_CATEGORY,仙域之门,WARP_GATE,ICHORCLOTH_CHEST_GEM,ICHORCLOTH_BOOTS_GEM;WARP;RESEARCH;ENCHANT;NODES;RESEARCHDUPE;ORE;ASPECTS;KNOWFRAG;RESEARCHER2;CRIMSON;NODEJAR;RESEARCHER1;NODETAPPER2;DECONSTRUCTOR;NODETAPPER1;THAUMONOMICON;PLANTS;NODEPRESERVE;PECH;NODESTABILIZER;WANDPEDFOC;VAMPBAT;ROD_bone;BASICTHAUMATURGY;FOCUSEXCAVATION;SCEPTRE;ROD_quartz_staff;FOCUSHELLBAT;VISCHARGERELAY;ROD_ice;NODESTABILIZERADV;ROD_reed;ROD_greatwood_staff;ROD_silverwood_staff;FOCUSFROST;VISAMULET;FOCALMANIPULATION;FOCUSFIRE;CAP_gold;ROD_silverwood;VISPOWER;FOCUSPOUCH;CAP_copper;ROD_reed_staff;FOCUSSHOCK;CAP_silver;ROD_quartz;FOCUSWARDING;ROD_obsidian;FOCUSPORTABLEHOLE;CAP_thaumium;ROD_greatwood;ROD_blaze;ROD_bone_staff;ROD_obsidian_staff;FOCUSTRADE;ROD_ice_staff;WANDPED;ROD_blaze_staff;ALUMENTUM;BATHSALTS;CRUCIBLE;ENTROPICPROCESSING;TRANSIRON;THAUMATORIUM;ALCHEMICALMANUFACTURE;LIQUIDDEATH;TUBES;TRANSTIN;SANESOAP;ETHEREALBLOOM;TALLOW;PURESILVER;PURETIN;TRANSCOPPER;ESSENTIACRYSTAL;ARCANESPA;CENTRIFUGE;TRANSSILVER;PUREIRON;ALCHEMICALDUPLICATION;JARVOID;NITOR;BOTTLETAINT;PUREGOLD;DISTILESSENTIA;PHIAL;TUBEFILTER;PURELEAD;THAUMIUM;TRANSLEAD;TRANSGOLD;PURECOPPER;JARLABEL;RUNICEMERGENCY;GOGGLES;ENCHFABRIC;ELEMENTALPICK;ELEMENTALAXE;TABLE;INFERNALFURNACE;BANNERS;ELEMENTALSHOVEL;LEVITATOR;HOVERGIRDLE;WARDEDARCANA;BASICARTIFACE;FLUXSCRUB;THAUMOMETER;BOOTSTRAVELLER;RESTABLE;MIRRORESSENTIA;PRIMALARROW;ARCANEEAR;GRATE;RUNICCHARGED;RUNICHEALING;HOVERHARNESS;MIRROR;ALCHGRATE;LAMPGROWTH;MASKGRINNINGDEVIL;ELEMENTALHOE;MIRRORHAND;ARCTABLE;INFUSION;RUNICKINETIC;PAVEWARD;MASKANGRYGHOST;MASKSIPPINGFIEND;ARCANELAMP;ARMORFORTRESS;BELLOWS;HELMGOGGLES;RUNICARMOR;RUNICAUGMENTATION;LAMPFERTILITY;BONEBOW;ARCANESTONE;SINSTONE;ELEMENTALSWORD;PAVETRAVEL;JARBRAIN;ARCANEBORE;INFUSIONENCHANTMENT;GOLEMCLAY;UPGRADEWATER;HUNGRYCHEST;GOLEMTALLOW;GOLEMWOOD;GOLEMFLESH;UPGRADEEARTH;TINYDART;UPGRADEFIRE;UPGRADEENTROPY;COREUSE;TINYHAMMER;TRAVELTRUNK;TINYBOWTIE;GOLEMBELL;CORESORTING;GOLEMTHAUMIUM;TINYHAT;TINYFEZ;CORELUMBER;TINYGLASSES;TINYVISOR;UPGRADEAIR;COREFISHING;COREGATHER;COREHARVEST;COREBUTCHER;COREGUARD;ADVANCEDGOLEM;TINYARMOR;COREFILL;GOLEMFETTER;GOLEMSTRAW;COREALCHEMY;GOLEMSTONE;GOLEMIRON;CORELIQUID;COREEMPTY;UPGRADEORDER;TTENCH_VALIANCE;TTENCH_SHOCKWAVE;GASEOUS_SHADOW;FOCUS_DEFLECT;TTENCH_FOCUSED;FOCUS_FLIGHT;FOCUS_HEAL;FOCUS_TELEKINESIS;TTENCH_VAMPIRISM;CLEANSING_TALISMAN;SPELL_CLOTH;XP_TALISMAN;TTENCH_QUICK_DRAW;TTENCH_POUNCE;TTENCH_DESINTEGRATE;TTENCH_ASCENT_BOOST;TTENCH_DISPERSED;TTENCH_SLOW_FALL;TTENCH_SHATTER;FOCUS_DISLOCATION;TTENCH_TUNNEL;GASEOUS_LIGHT;BLOOD_SWORD;TTENCH_FINAL;REVEALING_HELM;BRIGHT_NITOR;GAS_REMOVER;TTENCH_AUTO_SMELT;FOCUS_SMELT;FOCUS_ENDER_CHEST,,2,2,18xIter;15xVolatus;12xAlienis;9xMachina;6xVitreus;3xAer,,,,19,6
TT_CATEGORY,汇魔护身符,XP_TALISMAN,JARBRAIN;SPELL_CLOTH,INFUSION,,0,0,15xLucrum;12xPraecantatio;9xHumanus;6xAuram;3xMachina,,,,4,-1
TT_CATEGORY,附魔:即时战备,TTENCH_QUICK_DRAW,ENCHANTER,,,0,0,15xTelum;12xSensus;9xPraecantatio;6xAuram;3xMotus,,,,4,6
TT_CATEGORY,附魔:猫爪,TTENCH_POUNCE,TTENCH_ASCENT_BOOST,,,0,0,15xAer;15xOrdo;12xTutamen;9xPraecantatio;6xAuram;3xVolatus,,,,7,0
TT_CATEGORY,熔岩地幔之护腿,ICHORCLOTH_LEGS_GEM,ICHORCLOTH_ARMOR,WARP;RESEARCH;ENCHANT;NODES;RESEARCHDUPE;ORE;ASPECTS;KNOWFRAG;RESEARCHER2;CRIMSON;NODEJAR;RESEARCHER1;NODETAPPER2;DECONSTRUCTOR;NODETAPPER1;THAUMONOMICON;PLANTS;NODEPRESERVE;PECH;NODESTABILIZER;WANDPEDFOC;VAMPBAT;ROD_bone;BASICTHAUMATURGY;FOCUSEXCAVATION;SCEPTRE;ROD_quartz_staff;FOCUSHELLBAT;VISCHARGERELAY;ROD_ice;NODESTABILIZERADV;ROD_reed;ROD_greatwood_staff;ROD_silverwood_staff;FOCUSFROST;VISAMULET;FOCALMANIPULATION;FOCUSFIRE;CAP_gold;ROD_silverwood;VISPOWER;FOCUSPOUCH;CAP_copper;ROD_reed_staff;FOCUSSHOCK;CAP_silver;ROD_quartz;FOCUSWARDING;ROD_obsidian;FOCUSPORTABLEHOLE;CAP_thaumium;ROD_greatwood;ROD_blaze;ROD_bone_staff;ROD_obsidian_staff;FOCUSTRADE;ROD_ice_staff;WANDPED;ROD_blaze_staff;ALUMENTUM;BATHSALTS;CRUCIBLE;ENTROPICPROCESSING;TRANSIRON;THAUMATORIUM;ALCHEMICALMANUFACTURE;LIQUIDDEATH;TUBES;TRANSTIN;SANESOAP;ETHEREALBLOOM;TALLOW;PURESILVER;PURETIN;TRANSCOPPER;ESSENTIACRYSTAL;ARCANESPA;CENTRIFUGE;TRANSSILVER;PUREIRON;ALCHEMICALDUPLICATION;JARVOID;NITOR;BOTTLETAINT;PUREGOLD;DISTILESSENTIA;PHIAL;TUBEFILTER;PURELEAD;THAUMIUM;TRANSLEAD;TRANSGOLD;PURECOPPER;JARLABEL;RUNICEMERGENCY;GOGGLES;ENCHFABRIC;ELEMENTALPICK;ELEMENTALAXE;TABLE;INFERNALFURNACE;BANNERS;ELEMENTALSHOVEL;LEVITATOR;HOVERGIRDLE;WARDEDARCANA;BASICARTIFACE;FLUXSCRUB;THAUMOMETER;BOOTSTRAVELLER;RESTABLE;MIRRORESSENTIA;PRIMALARROW;ARCANEEAR;GRATE;RUNICCHARGED;RUNICHEALING;HOVERHARNESS;MIRROR;ALCHGRATE;LAMPGROWTH;MASKGRINNINGDEVIL;ELEMENTALHOE;MIRRORHAND;ARCTABLE;INFUSION;RUNICKINETIC;PAVEWARD;MASKANGRYGHOST;MASKSIPPINGFIEND;ARCANELAMP;ARMORFORTRESS;BELLOWS;HELMGOGGLES;RUNICARMOR;RUNICAUGMENTATION;LAMPFERTILITY;BONEBOW;ARCANESTONE;SINSTONE;ELEMENTALSWORD;PAVETRAVEL;JARBRAIN;ARCANEBORE;INFUSIONENCHANTMENT;GOLEMCLAY;UPGRADEWATER;HUNGRYCHEST;GOLEMTALLOW;GOLEMWOOD;GOLEMFLESH;UPGRADEEARTH;TINYDART;UPGRADEFIRE;UPGRADEENTROPY;COREUSE;TINYHAMMER;TRAVELTRUNK;TINYBOWTIE;GOLEMBELL;CORESORTING;GOLEMTHAUMIUM;TINYHAT;TINYFEZ;CORELUMBER;TINYGLASSES;TINYVISOR;UPGRADEAIR;COREFISHING;COREGATHER;COREHARVEST;COREBUTCHER;COREGUARD;ADVANCEDGOLEM;TINYARMOR;COREFILL;GOLEMFETTER;GOLEMSTRAW;COREALCHEMY;GOLEMSTONE;GOLEMIRON;CORELIQUID;COREEMPTY;UPGRADEORDER;TTENCH_VALIANCE;TTENCH_SHOCKWAVE;TTENCH_ASCENT_BOOST;TTENCH_DISPERSED;TTENCH_SLOW_FALL;TTENCH_FOCUSED;TTENCH_SHATTER;TTENCH_TUNNEL;FOCUS_HEAL;FOCUS_TELEKINESIS;TTENCH_VAMPIRISM;BLOOD_SWORD;TTENCH_FINAL;TTENCH_QUICK_DRAW;TTENCH_POUNCE;TTENCH_DESINTEGRATE;GAS_REMOVER;TTENCH_AUTO_SMELT;FOCUS_SMELT;FOCUS_ENDER_CHEST,,2,2,24xIgnis;21xSano;18xLucrum;15xPotentia;12xAlienis;9xAer;6xLux;3xTutamen,,,,17,9
TT_CATEGORY,蕴魔作物,INFUSEDSEED,INFUSION;FIREIGNIS;FIREAQUA;FIRETERRA;FIREAER;FIREORDO;FIREPERDITIO,,,1,1,15xPerditio;12xLux;9xAer;3xPraecantatio,,,,7,-5
TT_CATEGORY,矢量转位仪,DISLOCATOR,INTERFACE,MIRROR,,0,0,15xCognitio;12xOrdo;9xPerditio;6xPotentia;3xAqua,,,,-6,1
TT_CATEGORY,维度碎片,DIMENSIONSHARDS,INFUSION,,,0,0,15xInfernus;15xLuxuria;15xSuperbia;12xGula;9xInvidia;6xDesidia;3xIra,,,,7,8
TT_CATEGORY,附魔:解离,TTENCH_DESINTEGRATE,ENCHANTER,,,0,0,15xVacuos;12xPerditio;9xPraecantatio;6xAuram;3xTempus,,,,6,6
TT_CATEGORY,觉醒灵宝剑,ICHOR_SWORD_GEM,ICHOR_TOOLS,WARP;RESEARCH;ENCHANT;NODES;RESEARCHDUPE;ORE;ASPECTS;KNOWFRAG;RESEARCHER2;CRIMSON;NODEJAR;RESEARCHER1;NODETAPPER2;DECONSTRUCTOR;NODETAPPER1;THAUMONOMICON;PLANTS;NODEPRESERVE;PECH;NODESTABILIZER;WANDPEDFOC;VAMPBAT;ROD_bone;BASICTHAUMATURGY;FOCUSEXCAVATION;SCEPTRE;ROD_quartz_staff;FOCUSHELLBAT;VISCHARGERELAY;ROD_ice;NODESTABILIZERADV;ROD_reed;ROD_greatwood_staff;ROD_silverwood_staff;FOCUSFROST;VISAMULET;FOCALMANIPULATION;FOCUSFIRE;CAP_gold;ROD_silverwood;VISPOWER;FOCUSPOUCH;CAP_copper;ROD_reed_staff;FOCUSSHOCK;CAP_silver;ROD_quartz;FOCUSWARDING;ROD_obsidian;FOCUSPORTABLEHOLE;CAP_thaumium;ROD_greatwood;ROD_blaze;ROD_bone_staff;ROD_obsidian_staff;FOCUSTRADE;ROD_ice_staff;WANDPED;ROD_blaze_staff;ALUMENTUM;BATHSALTS;CRUCIBLE;ENTROPICPROCESSING;TRANSIRON;THAUMATORIUM;ALCHEMICALMANUFACTURE;LIQUIDDEATH;TUBES;TRANSTIN;SANESOAP;ETHEREALBLOOM;TALLOW;PURESILVER;PURETIN;TRANSCOPPER;ESSENTIACRYSTAL;ARCANESPA;CENTRIFUGE;TRANSSILVER;PUREIRON;ALCHEMICALDUPLICATION;JARVOID;NITOR;BOTTLETAINT;PUREGOLD;DISTILESSENTIA;PHIAL;TUBEFILTER;PURELEAD;THAUMIUM;TRANSLEAD;TRANSGOLD;PURECOPPER;JARLABEL;RUNICEMERGENCY;GOGGLES;ENCHFABRIC;ELEMENTALPICK;ELEMENTALAXE;TABLE;INFERNALFURNACE;BANNERS;ELEMENTALSHOVEL;LEVITATOR;HOVERGIRDLE;WARDEDARCANA;BASICARTIFACE;FLUXSCRUB;THAUMOMETER;BOOTSTRAVELLER;RESTABLE;MIRRORESSENTIA;PRIMALARROW;ARCANEEAR;GRATE;RUNICCHARGED;RUNICHEALING;HOVERHARNESS;MIRROR;ALCHGRATE;LAMPGROWTH;MASKGRINNINGDEVIL;ELEMENTALHOE;MIRRORHAND;ARCTABLE;INFUSION;RUNICKINETIC;PAVEWARD;MASKANGRYGHOST;MASKSIPPINGFIEND;ARCANELAMP;ARMORFORTRESS;BELLOWS;HELMGOGGLES;RUNICARMOR;RUNICAUGMENTATION;LAMPFERTILITY;BONEBOW;ARCANESTONE;SINSTONE;ELEMENTALSWORD;PAVETRAVEL;JARBRAIN;ARCANEBORE;INFUSIONENCHANTMENT;GOLEMCLAY;UPGRADEWATER;HUNGRYCHEST;GOLEMTALLOW;GOLEMWOOD;GOLEMFLESH;UPGRADEEARTH;TINYDART;UPGRADEFIRE;UPGRADEENTROPY;COREUSE;TINYHAMMER;TRAVELTRUNK;TINYBOWTIE;GOLEMBELL;CORESORTING;GOLEMTHAUMIUM;TINYHAT;TINYFEZ;CORELUMBER;TINYGLASSES;TINYVISOR;UPGRADEAIR;COREFISHING;COREGATHER;COREHARVEST;COREBUTCHER;COREGUARD;ADVANCEDGOLEM;TINYARMOR;COREFILL;GOLEMFETTER;GOLEMSTRAW;COREALCHEMY;GOLEMSTONE;GOLEMIRON;CORELIQUID;COREEMPTY;UPGRADEORDER;TTENCH_VAMPIRISM;TTENCH_VALIANCE;TTENCH_SHOCKWAVE;BLOOD_SWORD;TTENCH_FINAL;TTENCH_ASCENT_BOOST;TTENCH_DISPERSED;TTENCH_SLOW_FALL;TTENCH_FOCUSED;TTENCH_SHATTER;TTENCH_QUICK_DRAW;TTENCH_POUNCE;TTENCH_DESINTEGRATE;GAS_REMOVER;TTENCH_AUTO_SMELT;TTENCH_TUNNEL;FOCUS_HEAL;FOCUS_ENDER_CHEST,,2,1,21xAer;18xFames;15xOrdo;12xPotentia;9xSpiritus;6xTelum;3xVitreus,,,,16,12
TT_CATEGORY,无底袋,ICHOR_POUCH,ICHOR_CLOTH,WARP;RESEARCH;ENCHANT;NODES;RESEARCHDUPE;ORE;ASPECTS;KNOWFRAG;RESEARCHER2;CRIMSON;NODEJAR;RESEARCHER1;NODETAPPER2;DECONSTRUCTOR;NODETAPPER1;THAUMONOMICON;PLANTS;NODEPRESERVE;PECH;NODESTABILIZER;WANDPEDFOC;VAMPBAT;ROD_bone;BASICTHAUMATURGY;FOCUSEXCAVATION;SCEPTRE;ROD_quartz_staff;FOCUSHELLBAT;VISCHARGERELAY;ROD_ice;NODESTABILIZERADV;ROD_reed;ROD_greatwood_staff;ROD_silverwood_staff;FOCUSFROST;VISAMULET;FOCALMANIPULATION;FOCUSFIRE;CAP_gold;ROD_silverwood;VISPOWER;FOCUSPOUCH;CAP_copper;ROD_reed_staff;FOCUSSHOCK;CAP_silver;ROD_quartz;FOCUSWARDING;ROD_obsidian;FOCUSPORTABLEHOLE;CAP_thaumium;ROD_greatwood;ROD_blaze;ROD_bone_staff;ROD_obsidian_staff;FOCUSTRADE;ROD_ice_staff;WANDPED;ROD_blaze_staff;ALUMENTUM;BATHSALTS;CRUCIBLE;ENTROPICPROCESSING;TRANSIRON;THAUMATORIUM;ALCHEMICALMANUFACTURE;LIQUIDDEATH;TUBES;TRANSTIN;SANESOAP;ETHEREALBLOOM;TALLOW;PURESILVER;PURETIN;TRANSCOPPER;ESSENTIACRYSTAL;ARCANESPA;CENTRIFUGE;TRANSSILVER;PUREIRON;ALCHEMICALDUPLICATION;JARVOID;NITOR;BOTTLETAINT;PUREGOLD;DISTILESSENTIA;PHIAL;TUBEFILTER;PURELEAD;THAUMIUM;TRANSLEAD;TRANSGOLD;PURECOPPER;JARLABEL;RUNICEMERGENCY;GOGGLES;ENCHFABRIC;ELEMENTALPICK;ELEMENTALAXE;TABLE;INFERNALFURNACE;BANNERS;ELEMENTALSHOVEL;LEVITATOR;HOVERGIRDLE;WARDEDARCANA;BASICARTIFACE;FLUXSCRUB;THAUMOMETER;BOOTSTRAVELLER;RESTABLE;MIRRORESSENTIA;PRIMALARROW;ARCANEEAR;GRATE;RUNICCHARGED;RUNICHEALING;HOVERHARNESS;MIRROR;ALCHGRATE;LAMPGROWTH;MASKGRINNINGDEVIL;ELEMENTALHOE;MIRRORHAND;ARCTABLE;INFUSION;RUNICKINETIC;PAVEWARD;MASKANGRYGHOST;MASKSIPPINGFIEND;ARCANELAMP;ARMORFORTRESS;BELLOWS;HELMGOGGLES;RUNICARMOR;RUNICAUGMENTATION;LAMPFERTILITY;BONEBOW;ARCANESTONE;SINSTONE;ELEMENTALSWORD;PAVETRAVEL;JARBRAIN;ARCANEBORE;INFUSIONENCHANTMENT;GOLEMCLAY;UPGRADEWATER;HUNGRYCHEST;GOLEMTALLOW;GOLEMWOOD;GOLEMFLESH;UPGRADEEARTH;TINYDART;UPGRADEFIRE;UPGRADEENTROPY;COREUSE;TINYHAMMER;TRAVELTRUNK;TINYBOWTIE;GOLEMBELL;CORESORTING;GOLEMTHAUMIUM;TINYHAT;TINYFEZ;CORELUMBER;TINYGLASSES;TINYVISOR;UPGRADEAIR;COREFISHING;COREGATHER;COREHARVEST;COREBUTCHER;COREGUARD;ADVANCEDGOLEM;TINYARMOR;COREFILL;GOLEMFETTER;GOLEMSTRAW;COREALCHEMY;GOLEMSTONE;GOLEMIRON;CORELIQUID;COREEMPTY;UPGRADEORDER;TTENCH_VALIANCE;TTENCH_SHOCKWAVE;TTENCH_ASCENT_BOOST;TTENCH_DISPERSED;GASEOUS_SHADOW;TTENCH_SLOW_FALL;TTENCH_FOCUSED;TTENCH_SHATTER;FOCUS_DISLOCATION;FOCUS_FLIGHT;TTENCH_TUNNEL;FOCUS_HEAL;FOCUS_TELEKINESIS;GASEOUS_LIGHT;TTENCH_VAMPIRISM;BLOOD_SWORD;TTENCH_FINAL;CLEANSING_TALISMAN;REVEALING_HELM;SPELL_CLOTH;XP_TALISMAN;TTENCH_QUICK_DRAW;TTENCH_POUNCE;TTENCH_DESINTEGRATE;GAS_REMOVER;TTENCH_AUTO_SMELT;FOCUS_SMELT;FOCUS_ENDER_CHEST,,2,1,15xVacuos;15xPannus;12xAlienis;9xHumanus;6xMotus;3xAer,,,,13,6
TT_CATEGORY,渗透附魔台,ENCHANTER,SPELL_CLOTH;ENCHANTINGTABLE;INFUSION,INFUSION,,2,1,15xAlienis;15xPraecantatio;12xAuram;12xTenebrae;9xVacuos;6xCognitio;3xTerra,,,,5,4
TT_CATEGORY,知识共享之书,SHARETOME,INFUSION,,,0,0,15xCognitio;12xPraecantatio;9xPermutatio;6xInstrumentum;3xTerra,,,,0,-1
TT_CATEGORY,无尽深渊之帽,ICHORCLOTH_HELM_GEM,ICHORCLOTH_ARMOR,WARP;RESEARCH;ENCHANT;NODES;RESEARCHDUPE;ORE;ASPECTS;KNOWFRAG;RESEARCHER2;CRIMSON;NODEJAR;RESEARCHER1;NODETAPPER2;DECONSTRUCTOR;NODETAPPER1;THAUMONOMICON;PLANTS;NODEPRESERVE;PECH;NODESTABILIZER;WANDPEDFOC;VAMPBAT;ROD_bone;BASICTHAUMATURGY;FOCUSEXCAVATION;SCEPTRE;ROD_quartz_staff;FOCUSHELLBAT;VISCHARGERELAY;ROD_ice;NODESTABILIZERADV;ROD_reed;ROD_greatwood_staff;ROD_silverwood_staff;FOCUSFROST;VISAMULET;FOCALMANIPULATION;FOCUSFIRE;CAP_gold;ROD_silverwood;VISPOWER;FOCUSPOUCH;CAP_copper;ROD_reed_staff;FOCUSSHOCK;CAP_silver;ROD_quartz;FOCUSWARDING;ROD_obsidian;FOCUSPORTABLEHOLE;CAP_thaumium;ROD_greatwood;ROD_blaze;ROD_bone_staff;ROD_obsidian_staff;FOCUSTRADE;ROD_ice_staff;WANDPED;ROD_blaze_staff;ALUMENTUM;BATHSALTS;CRUCIBLE;ENTROPICPROCESSING;TRANSIRON;THAUMATORIUM;ALCHEMICALMANUFACTURE;LIQUIDDEATH;TUBES;TRANSTIN;SANESOAP;ETHEREALBLOOM;TALLOW;PURESILVER;PURETIN;TRANSCOPPER;ESSENTIACRYSTAL;ARCANESPA;CENTRIFUGE;TRANSSILVER;PUREIRON;ALCHEMICALDUPLICATION;JARVOID;NITOR;BOTTLETAINT;PUREGOLD;DISTILESSENTIA;PHIAL;TUBEFILTER;PURELEAD;THAUMIUM;TRANSLEAD;TRANSGOLD;PURECOPPER;JARLABEL;RUNICEMERGENCY;GOGGLES;ENCHFABRIC;ELEMENTALPICK;ELEMENTALAXE;TABLE;INFERNALFURNACE;BANNERS;ELEMENTALSHOVEL;LEVITATOR;HOVERGIRDLE;WARDEDARCANA;BASICARTIFACE;FLUXSCRUB;THAUMOMETER;BOOTSTRAVELLER;RESTABLE;MIRRORESSENTIA;PRIMALARROW;ARCANEEAR;GRATE;RUNICCHARGED;RUNICHEALING;HOVERHARNESS;MIRROR;ALCHGRATE;LAMPGROWTH;MASKGRINNINGDEVIL;ELEMENTALHOE;MIRRORHAND;ARCTABLE;INFUSION;RUNICKINETIC;PAVEWARD;MASKANGRYGHOST;MASKSIPPINGFIEND;ARCANELAMP;ARMORFORTRESS;BELLOWS;HELMGOGGLES;RUNICARMOR;RUNICAUGMENTATION;LAMPFERTILITY;BONEBOW;ARCANESTONE;SINSTONE;ELEMENTALSWORD;PAVETRAVEL;JARBRAIN;ARCANEBORE;INFUSIONENCHANTMENT;GOLEMCLAY;UPGRADEWATER;HUNGRYCHEST;GOLEMTALLOW;GOLEMWOOD;GOLEMFLESH;UPGRADEEARTH;TINYDART;UPGRADEFIRE;UPGRADEENTROPY;COREUSE;TINYHAMMER;TRAVELTRUNK;TINYBOWTIE;GOLEMBELL;CORESORTING;GOLEMTHAUMIUM;TINYHAT;TINYFEZ;CORELUMBER;TINYGLASSES;TINYVISOR;UPGRADEAIR;COREFISHING;COREGATHER;COREHARVEST;COREBUTCHER;COREGUARD;ADVANCEDGOLEM;TINYARMOR;COREFILL;GOLEMFETTER;GOLEMSTRAW;COREALCHEMY;GOLEMSTONE;GOLEMIRON;CORELIQUID;COREEMPTY;UPGRADEORDER;TTENCH_VALIANCE;TTENCH_SHOCKWAVE;TTENCH_ASCENT_BOOST;TTENCH_DISPERSED;TTENCH_SLOW_FALL;TTENCH_FOCUSED;TTENCH_SHATTER;FOCUS_DISLOCATION;TTENCH_TUNNEL;FOCUS_HEAL;FOCUS_TELEKINESIS;TTENCH_VAMPIRISM;BLOOD_SWORD;TTENCH_FINAL;REVEALING_HELM;TTENCH_QUICK_DRAW;TTENCH_POUNCE;TTENCH_DESINTEGRATE;GAS_REMOVER;TTENCH_AUTO_SMELT;FOCUS_SMELT;FOCUS_ENDER_CHEST,,2,2,24xAqua;21xSano;18xFames;15xAuram;12xCognitio;9xCorpus;6xLux;3xTutamen,,,,18,3
TT_CATEGORY,附魔:腾迅,TTENCH_ASCENT_BOOST,ENCHANTER,,,0,0,15xAer;12xMotus;9xPraecantatio;6xAuram;3xTempus,,,,6,2
TT_CATEGORY,灵宝杖端,CAP_ICHOR,ICHORIUM,,,2,1,15xMetallum;15xInstrumentum;12xTenebrae;9xPraecantatio;6xLux;3xAlienis,,,,11,11
TT_CATEGORY,附魔:群战,TTENCH_DISPERSED,TTENCH_VAMPIRISM,,,0,0,15xPerditio;15xTelum;12xPraecantatio;9xAlienis;6xAuram;3xBestia,,,,1,6
TT_CATEGORY,附魔:落雪,TTENCH_SLOW_FALL,ENCHANTER,,,0,0,15xAer;12xMotus;9xPraecantatio;6xAuram;3xTempus,,,,7,3
TT_CATEGORY,附魔:碎裂,TTENCH_SHATTER,TTENCH_DESINTEGRATE,,,0,0,15xTerra;15xPerditio;12xInstrumentum;9xPraecantatio;6xAuram;3xPerfodio,,,,5,8
TT_CATEGORY,悬浮平台,LEVITATOR_LOCOMOTIVE,MAGNETS,INFUSION,,0,0,15xMotus;15xOrdo;12xMachina;9xAer;6xPotentia;3xPraecantatio,,,,-7,5
TT_CATEGORY,元素火焰:混沌,FIREPERDITIO,INFUSION;BRIGHT_NITOR;ELDRITCHMINOR,,,5,5,15xPerditio;12xLux;9xAer;3xPraecantatio,,,,2,-8
TT_CATEGORY,元素之焰:坤地,FIRETERRA,INFUSION;BRIGHT_NITOR;ELDRITCHMINOR,,,5,5,15xTerra;12xLux;9xAer;3xPraecantatio,,,,4,-6
TT_CATEGORY,灵布法袍,ICHORCLOTH_ARMOR,ICHOR_CLOTH,WARP;RESEARCH;ENCHANT;NODES;RESEARCHDUPE;ORE;ASPECTS;KNOWFRAG;RESEARCHER2;CRIMSON;NODEJAR;RESEARCHER1;NODETAPPER2;DECONSTRUCTOR;NODETAPPER1;THAUMONOMICON;PLANTS;NODEPRESERVE;PECH;NODESTABILIZER;WANDPEDFOC;VAMPBAT;ROD_bone;BASICTHAUMATURGY;FOCUSEXCAVATION;SCEPTRE;ROD_quartz_staff;FOCUSHELLBAT;VISCHARGERELAY;ROD_ice;NODESTABILIZERADV;ROD_reed;ROD_greatwood_staff;ROD_silverwood_staff;FOCUSFROST;VISAMULET;FOCALMANIPULATION;FOCUSFIRE;CAP_gold;ROD_silverwood;VISPOWER;FOCUSPOUCH;CAP_copper;ROD_reed_staff;FOCUSSHOCK;CAP_silver;ROD_quartz;FOCUSWARDING;ROD_obsidian;FOCUSPORTABLEHOLE;CAP_thaumium;ROD_greatwood;ROD_blaze;ROD_bone_staff;ROD_obsidian_staff;FOCUSTRADE;ROD_ice_staff;WANDPED;ROD_blaze_staff;ALUMENTUM;BATHSALTS;CRUCIBLE;ENTROPICPROCESSING;TRANSIRON;THAUMATORIUM;ALCHEMICALMANUFACTURE;LIQUIDDEATH;TUBES;TRANSTIN;SANESOAP;ETHEREALBLOOM;TALLOW;PURESILVER;PURETIN;TRANSCOPPER;ESSENTIACRYSTAL;ARCANESPA;CENTRIFUGE;TRANSSILVER;PUREIRON;ALCHEMICALDUPLICATION;JARVOID;NITOR;BOTTLETAINT;PUREGOLD;DISTILESSENTIA;PHIAL;TUBEFILTER;PURELEAD;THAUMIUM;TRANSLEAD;TRANSGOLD;PURECOPPER;JARLABEL;RUNICEMERGENCY;GOGGLES;ENCHFABRIC;ELEMENTALPICK;ELEMENTALAXE;TABLE;INFERNALFURNACE;BANNERS;ELEMENTALSHOVEL;LEVITATOR;HOVERGIRDLE;WARDEDARCANA;BASICARTIFACE;FLUXSCRUB;THAUMOMETER;BOOTSTRAVELLER;RESTABLE;MIRRORESSENTIA;PRIMALARROW;ARCANEEAR;GRATE;RUNICCHARGED;RUNICHEALING;HOVERHARNESS;MIRROR;ALCHGRATE;LAMPGROWTH;MASKGRINNINGDEVIL;ELEMENTALHOE;MIRRORHAND;ARCTABLE;INFUSION;RUNICKINETIC;PAVEWARD;MASKANGRYGHOST;MASKSIPPINGFIEND;ARCANELAMP;ARMORFORTRESS;BELLOWS;HELMGOGGLES;RUNICARMOR;RUNICAUGMENTATION;LAMPFERTILITY;BONEBOW;ARCANESTONE;SINSTONE;ELEMENTALSWORD;PAVETRAVEL;JARBRAIN;ARCANEBORE;INFUSIONENCHANTMENT;GOLEMCLAY;UPGRADEWATER;HUNGRYCHEST;GOLEMTALLOW;GOLEMWOOD;GOLEMFLESH;UPGRADEEARTH;TINYDART;UPGRADEFIRE;UPGRADEENTROPY;COREUSE;TINYHAMMER;TRAVELTRUNK;TINYBOWTIE;GOLEMBELL;CORESORTING;GOLEMTHAUMIUM;TINYHAT;TINYFEZ;CORELUMBER;TINYGLASSES;TINYVISOR;UPGRADEAIR;COREFISHING;COREGATHER;COREHARVEST;COREBUTCHER;COREGUARD;ADVANCEDGOLEM;TINYARMOR;COREFILL;GOLEMFETTER;GOLEMSTRAW;COREALCHEMY;GOLEMSTONE;GOLEMIRON;CORELIQUID;COREEMPTY;UPGRADEORDER;TTENCH_VAMPIRISM;TTENCH_VALIANCE;TTENCH_SHOCKWAVE;BLOOD_SWORD;TTENCH_FINAL;TTENCH_ASCENT_BOOST;TTENCH_DISPERSED;TTENCH_SLOW_FALL;TTENCH_FOCUSED;TTENCH_SHATTER;TTENCH_QUICK_DRAW;TTENCH_POUNCE;TTENCH_DESINTEGRATE;GAS_REMOVER;TTENCH_AUTO_SMELT;TTENCH_TUNNEL;FOCUS_HEAL;FOCUS_ENDER_CHEST,,2,1,15xTutamen;15xPannus;12xLux;9xPerfodio;6xMotus;3xAlienis,,,,17,5
TT_CATEGORY,觉醒灵宝铲,ICHOR_SHOVEL_GEM,ICHOR_TOOLS,WARP;RESEARCH;ENCHANT;NODES;RESEARCHDUPE;ORE;ASPECTS;KNOWFRAG;RESEARCHER2;CRIMSON;NODEJAR;RESEARCHER1;NODETAPPER2;DECONSTRUCTOR;NODETAPPER1;THAUMONOMICON;PLANTS;NODEPRESERVE;PECH;NODESTABILIZER;WANDPEDFOC;VAMPBAT;ROD_bone;BASICTHAUMATURGY;FOCUSEXCAVATION;SCEPTRE;ROD_quartz_staff;FOCUSHELLBAT;VISCHARGERELAY;ROD_ice;NODESTABILIZERADV;ROD_reed;ROD_greatwood_staff;ROD_silverwood_staff;FOCUSFROST;VISAMULET;FOCALMANIPULATION;FOCUSFIRE;CAP_gold;ROD_silverwood;VISPOWER;FOCUSPOUCH;CAP_copper;ROD_reed_staff;FOCUSSHOCK;CAP_silver;ROD_quartz;FOCUSWARDING;ROD_obsidian;FOCUSPORTABLEHOLE;CAP_thaumium;ROD_greatwood;ROD_blaze;ROD_bone_staff;ROD_obsidian_staff;FOCUSTRADE;ROD_ice_staff;WANDPED;ROD_blaze_staff;ALUMENTUM;BATHSALTS;CRUCIBLE;ENTROPICPROCESSING;TRANSIRON;THAUMATORIUM;ALCHEMICALMANUFACTURE;LIQUIDDEATH;TUBES;TRANSTIN;SANESOAP;ETHEREALBLOOM;TALLOW;PURESILVER;PURETIN;TRANSCOPPER;ESSENTIACRYSTAL;ARCANESPA;CENTRIFUGE;TRANSSILVER;PUREIRON;ALCHEMICALDUPLICATION;JARVOID;NITOR;BOTTLETAINT;PUREGOLD;DISTILESSENTIA;PHIAL;TUBEFILTER;PURELEAD;THAUMIUM;TRANSLEAD;TRANSGOLD;PURECOPPER;JARLABEL;RUNICEMERGENCY;GOGGLES;ENCHFABRIC;ELEMENTALPICK;ELEMENTALAXE;TABLE;INFERNALFURNACE;BANNERS;ELEMENTALSHOVEL;LEVITATOR;HOVERGIRDLE;WARDEDARCANA;BASICARTIFACE;FLUXSCRUB;THAUMOMETER;BOOTSTRAVELLER;RESTABLE;MIRRORESSENTIA;PRIMALARROW;ARCANEEAR;GRATE;RUNICCHARGED;RUNICHEALING;HOVERHARNESS;MIRROR;ALCHGRATE;LAMPGROWTH;MASKGRINNINGDEVIL;ELEMENTALHOE;MIRRORHAND;ARCTABLE;INFUSION;RUNICKINETIC;PAVEWARD;MASKANGRYGHOST;MASKSIPPINGFIEND;ARCANELAMP;ARMORFORTRESS;BELLOWS;HELMGOGGLES;RUNICARMOR;RUNICAUGMENTATION;LAMPFERTILITY;BONEBOW;ARCANESTONE;SINSTONE;ELEMENTALSWORD;PAVETRAVEL;JARBRAIN;ARCANEBORE;INFUSIONENCHANTMENT;GOLEMCLAY;UPGRADEWATER;HUNGRYCHEST;GOLEMTALLOW;GOLEMWOOD;GOLEMFLESH;UPGRADEEARTH;TINYDART;UPGRADEFIRE;UPGRADEENTROPY;COREUSE;TINYHAMMER;TRAVELTRUNK;TINYBOWTIE;GOLEMBELL;CORESORTING;GOLEMTHAUMIUM;TINYHAT;TINYFEZ;CORELUMBER;TINYGLASSES;TINYVISOR;UPGRADEAIR;COREFISHING;COREGATHER;COREHARVEST;COREBUTCHER;COREGUARD;ADVANCEDGOLEM;TINYARMOR;COREFILL;GOLEMFETTER;GOLEMSTRAW;COREALCHEMY;GOLEMSTONE;GOLEMIRON;CORELIQUID;COREEMPTY;UPGRADEORDER;TTENCH_VALIANCE;TTENCH_SHOCKWAVE;TTENCH_ASCENT_BOOST;TTENCH_DISPERSED;TTENCH_SLOW_FALL;TTENCH_FOCUSED;TTENCH_SHATTER;FOCUS_DISLOCATION;TTENCH_TUNNEL;FOCUS_HEAL;FOCUS_TELEKINESIS;TTENCH_VAMPIRISM;BLOOD_SWORD;TTENCH_FINAL;REVEALING_HELM;SPELL_CLOTH;XP_TALISMAN;TTENCH_QUICK_DRAW;TTENCH_POUNCE;TTENCH_DESINTEGRATE;GAS_REMOVER;TTENCH_AUTO_SMELT;FOCUS_SMELT;FOCUS_ENDER_CHEST,,2,1,21xInstrumentum;18xMeto;15xPerfodio;12xSensus;9xTerra;6xVinculum;3xOrdo,,,,15,15
TT_CATEGORY,灵布,ICHOR_CLOTH,ICHOR,WARP;RESEARCH;ENCHANT;NODES;RESEARCHDUPE;ORE;ASPECTS;KNOWFRAG;RESEARCHER2;CRIMSON;NODEJAR;RESEARCHER1;NODETAPPER2;DECONSTRUCTOR;NODETAPPER1;THAUMONOMICON;PLANTS;NODEPRESERVE;PECH;NODESTABILIZER;WANDPEDFOC;VAMPBAT;ROD_bone;BASICTHAUMATURGY;FOCUSEXCAVATION;SCEPTRE;ROD_quartz_staff;FOCUSHELLBAT;VISCHARGERELAY;ROD_ice;NODESTABILIZERADV;ROD_reed;ROD_greatwood_staff;ROD_silverwood_staff;FOCUSFROST;VISAMULET;FOCALMANIPULATION;FOCUSFIRE;CAP_gold;ROD_silverwood;VISPOWER;FOCUSPOUCH;CAP_copper;ROD_reed_staff;FOCUSSHOCK;CAP_silver;ROD_quartz;FOCUSWARDING;ROD_obsidian;FOCUSPORTABLEHOLE;CAP_thaumium;ROD_greatwood;ROD_blaze;ROD_bone_staff;ROD_obsidian_staff;FOCUSTRADE;ROD_ice_staff;WANDPED;ROD_blaze_staff;ALUMENTUM;BATHSALTS;CRUCIBLE;ENTROPICPROCESSING;TRANSIRON;THAUMATORIUM;ALCHEMICALMANUFACTURE;LIQUIDDEATH;TUBES;TRANSTIN;SANESOAP;ETHEREALBLOOM;TALLOW;PURESILVER;PURETIN;TRANSCOPPER;ESSENTIACRYSTAL;ARCANESPA;CENTRIFUGE;TRANSSILVER;PUREIRON;ALCHEMICALDUPLICATION;JARVOID;NITOR;BOTTLETAINT;PUREGOLD;DISTILESSENTIA;PHIAL;TUBEFILTER;PURELEAD;THAUMIUM;TRANSLEAD;TRANSGOLD;PURECOPPER;JARLABEL;RUNICEMERGENCY;GOGGLES;ENCHFABRIC;ELEMENTALPICK;ELEMENTALAXE;TABLE;INFERNALFURNACE;BANNERS;ELEMENTALSHOVEL;LEVITATOR;HOVERGIRDLE;WARDEDARCANA;BASICARTIFACE;FLUXSCRUB;THAUMOMETER;BOOTSTRAVELLER;RESTABLE;MIRRORESSENTIA;PRIMALARROW;ARCANEEAR;GRATE;RUNICCHARGED;RUNICHEALING;HOVERHARNESS;MIRROR;ALCHGRATE;LAMPGROWTH;MASKGRINNINGDEVIL;ELEMENTALHOE;MIRRORHAND;ARCTABLE;INFUSION;RUNICKINETIC;PAVEWARD;MASKANGRYGHOST;MASKSIPPINGFIEND;ARCANELAMP;ARMORFORTRESS;BELLOWS;HELMGOGGLES;RUNICARMOR;RUNICAUGMENTATION;LAMPFERTILITY;BONEBOW;ARCANESTONE;SINSTONE;ELEMENTALSWORD;PAVETRAVEL;JARBRAIN;ARCANEBORE;INFUSIONENCHANTMENT;GOLEMCLAY;UPGRADEWATER;HUNGRYCHEST;GOLEMTALLOW;GOLEMWOOD;GOLEMFLESH;UPGRADEEARTH;TINYDART;UPGRADEFIRE;UPGRADEENTROPY;COREUSE;TINYHAMMER;TRAVELTRUNK;TINYBOWTIE;GOLEMBELL;CORESORTING;GOLEMTHAUMIUM;TINYHAT;TINYFEZ;CORELUMBER;TINYGLASSES;TINYVISOR;UPGRADEAIR;COREFISHING;COREGATHER;COREHARVEST;COREBUTCHER;COREGUARD;ADVANCEDGOLEM;TINYARMOR;COREFILL;GOLEMFETTER;GOLEMSTRAW;COREALCHEMY;GOLEMSTONE;GOLEMIRON;CORELIQUID;COREEMPTY;UPGRADEORDER;TTENCH_VALIANCE;TTENCH_SHOCKWAVE;GASEOUS_SHADOW;FOCUS_DEFLECT;TTENCH_FOCUSED;FOCUS_FLIGHT;FOCUS_HEAL;FOCUS_TELEKINESIS;TTENCH_VAMPIRISM;CLEANSING_TALISMAN;SPELL_CLOTH;XP_TALISMAN;TTENCH_QUICK_DRAW;TTENCH_POUNCE;TTENCH_DESINTEGRATE;TTENCH_ASCENT_BOOST;TTENCH_DISPERSED;TTENCH_SLOW_FALL;TTENCH_SHATTER;FOCUS_DISLOCATION;TTENCH_TUNNEL;GASEOUS_LIGHT;BLOOD_SWORD;TTENCH_FINAL;REVEALING_HELM;BRIGHT_NITOR;GAS_REMOVER;TTENCH_AUTO_SMELT;FOCUS_SMELT;FOCUS_ENDER_CHEST,,1,1,15xPannus;15xFabrico;12xPraecantatio;9xSensus;6xLux;3xAlienis,,,,11,7
TT_CATEGORY,法杖核心：转移,FOCUS_DISLOCATION,FOCUS_FLIGHT;FOCUSTRADE,INFUSION,,2,1,15xAlienis;15xPermutatio;12xPraecantatio;9xTenebrae;6xVacuos;3xVitium,,,,-5,-5
TT_CATEGORY,附魔:隧道,TTENCH_TUNNEL,TTENCH_AUTO_SMELT,,,0,0,15xTerra;15xOrdo;12xInstrumentum;9xPraecantatio;6xAuram;3xPerfodio,,,,9,6
TT_CATEGORY,猫神护身符,CAT_AMULET,ICHORIUM,WARP;RESEARCH;ENCHANT;NODES;RESEARCHDUPE;ORE;ASPECTS;KNOWFRAG;RESEARCHER2;CRIMSON;NODEJAR;RESEARCHER1;NODETAPPER2;DECONSTRUCTOR;NODETAPPER1;THAUMONOMICON;PLANTS;NODEPRESERVE;PECH;NODESTABILIZER;WANDPEDFOC;VAMPBAT;ROD_bone;BASICTHAUMATURGY;FOCUSEXCAVATION;SCEPTRE;ROD_quartz_staff;FOCUSHELLBAT;VISCHARGERELAY;ROD_ice;NODESTABILIZERADV;ROD_reed;ROD_greatwood_staff;ROD_silverwood_staff;FOCUSFROST;VISAMULET;FOCALMANIPULATION;FOCUSFIRE;CAP_gold;ROD_silverwood;VISPOWER;FOCUSPOUCH;CAP_copper;ROD_reed_staff;FOCUSSHOCK;CAP_silver;ROD_quartz;FOCUSWARDING;ROD_obsidian;FOCUSPORTABLEHOLE;CAP_thaumium;ROD_greatwood;ROD_blaze;ROD_bone_staff;ROD_obsidian_staff;FOCUSTRADE;ROD_ice_staff;WANDPED;ROD_blaze_staff;ALUMENTUM;BATHSALTS;CRUCIBLE;ENTROPICPROCESSING;TRANSIRON;THAUMATORIUM;ALCHEMICALMANUFACTURE;LIQUIDDEATH;TUBES;TRANSTIN;SANESOAP;ETHEREALBLOOM;TALLOW;PURESILVER;PURETIN;TRANSCOPPER;ESSENTIACRYSTAL;ARCANESPA;CENTRIFUGE;TRANSSILVER;PUREIRON;ALCHEMICALDUPLICATION;JARVOID;NITOR;BOTTLETAINT;PUREGOLD;DISTILESSENTIA;PHIAL;TUBEFILTER;PURELEAD;THAUMIUM;TRANSLEAD;TRANSGOLD;PURECOPPER;JARLABEL;RUNICEMERGENCY;GOGGLES;ENCHFABRIC;ELEMENTALPICK;ELEMENTALAXE;TABLE;INFERNALFURNACE;BANNERS;ELEMENTALSHOVEL;LEVITATOR;HOVERGIRDLE;WARDEDARCANA;BASICARTIFACE;FLUXSCRUB;THAUMOMETER;BOOTSTRAVELLER;RESTABLE;MIRRORESSENTIA;PRIMALARROW;ARCANEEAR;GRATE;RUNICCHARGED;RUNICHEALING;HOVERHARNESS;MIRROR;ALCHGRATE;LAMPGROWTH;MASKGRINNINGDEVIL;ELEMENTALHOE;MIRRORHAND;ARCTABLE;INFUSION;RUNICKINETIC;PAVEWARD;MASKANGRYGHOST;MASKSIPPINGFIEND;ARCANELAMP;ARMORFORTRESS;BELLOWS;HELMGOGGLES;RUNICARMOR;RUNICAUGMENTATION;LAMPFERTILITY;BONEBOW;ARCANESTONE;SINSTONE;ELEMENTALSWORD;PAVETRAVEL;JARBRAIN;ARCANEBORE;INFUSIONENCHANTMENT;GOLEMCLAY;UPGRADEWATER;HUNGRYCHEST;GOLEMTALLOW;GOLEMWOOD;GOLEMFLESH;UPGRADEEARTH;TINYDART;UPGRADEFIRE;UPGRADEENTROPY;COREUSE;TINYHAMMER;TRAVELTRUNK;TINYBOWTIE;GOLEMBELL;CORESORTING;GOLEMTHAUMIUM;TINYHAT;TINYFEZ;CORELUMBER;TINYGLASSES;TINYVISOR;UPGRADEAIR;COREFISHING;COREGATHER;COREHARVEST;COREBUTCHER;COREGUARD;ADVANCEDGOLEM;TINYARMOR;COREFILL;GOLEMFETTER;GOLEMSTRAW;COREALCHEMY;GOLEMSTONE;GOLEMIRON;CORELIQUID;COREEMPTY;UPGRADEORDER;TTENCH_VALIANCE;TTENCH_SHOCKWAVE;TTENCH_ASCENT_BOOST;TTENCH_DISPERSED;TTENCH_SLOW_FALL;TTENCH_FOCUSED;TTENCH_SHATTER;FOCUS_DISLOCATION;TTENCH_TUNNEL;FOCUS_HEAL;FOCUS_TELEKINESIS;TTENCH_VAMPIRISM;BLOOD_SWORD;TTENCH_FINAL;REVEALING_HELM;TTENCH_QUICK_DRAW;TTENCH_POUNCE;TTENCH_DESINTEGRATE;GAS_REMOVER;TTENCH_AUTO_SMELT;FOCUS_SMELT;FOCUS_ENDER_CHEST,,0,0,15xCognitio;15xOrdo;12xTenebrae;9xMortuus;6xMotus;3xAlienis,,,,13,10
TT_CATEGORY,光明安瓿,GASEOUS_LIGHT,NITOR,,,0,0,9xLux;6xAer;3xMotus;3xPraecantatio,,,,0,-3
TT_CATEGORY,灵宝,ICHORIUM,,ICHOR,,1,1,15xMetallum;15xFabrico;12xInstrumentum;9xPraecantatio;6xLux;3xAlienis,,,,11,9
TT_CATEGORY,元素之焰:坎水,FIREAQUA,INFUSION;BRIGHT_NITOR;ELDRITCHMINOR,,,5,5,15xAqua;12xLux;9xAer;3xPraecantatio,,,,2,-2
TT_CATEGORY,咒灵之剑,BLOOD_SWORD,CLEANSING_TALISMAN,INFUSION,,2,1,15xFames;12xTelum;9xCorpus;6xSpiritus;3xTenebrae,,,,-4,6
TT_CATEGORY,灵布包层银树杖柄,ROD_ICHORCLOTH,ICHOR_CLOTH,WARP;RESEARCH;ENCHANT;NODES;RESEARCHDUPE;ORE;ASPECTS;KNOWFRAG;RESEARCHER2;CRIMSON;NODEJAR;RESEARCHER1;NODETAPPER2;DECONSTRUCTOR;NODETAPPER1;THAUMONOMICON;PLANTS;NODEPRESERVE;PECH;NODESTABILIZER;WANDPEDFOC;VAMPBAT;ROD_bone;BASICTHAUMATURGY;FOCUSEXCAVATION;SCEPTRE;ROD_quartz_staff;FOCUSHELLBAT;VISCHARGERELAY;ROD_ice;NODESTABILIZERADV;ROD_reed;ROD_greatwood_staff;ROD_silverwood_staff;FOCUSFROST;VISAMULET;FOCALMANIPULATION;FOCUSFIRE;CAP_gold;ROD_silverwood;VISPOWER;FOCUSPOUCH;CAP_copper;ROD_reed_staff;FOCUSSHOCK;CAP_silver;ROD_quartz;FOCUSWARDING;ROD_obsidian;FOCUSPORTABLEHOLE;CAP_thaumium;ROD_greatwood;ROD_blaze;ROD_bone_staff;ROD_obsidian_staff;FOCUSTRADE;ROD_ice_staff;WANDPED;ROD_blaze_staff;ALUMENTUM;BATHSALTS;CRUCIBLE;ENTROPICPROCESSING;TRANSIRON;THAUMATORIUM;ALCHEMICALMANUFACTURE;LIQUIDDEATH;TUBES;TRANSTIN;SANESOAP;ETHEREALBLOOM;TALLOW;PURESILVER;PURETIN;TRANSCOPPER;ESSENTIACRYSTAL;ARCANESPA;CENTRIFUGE;TRANSSILVER;PUREIRON;ALCHEMICALDUPLICATION;JARVOID;NITOR;BOTTLETAINT;PUREGOLD;DISTILESSENTIA;PHIAL;TUBEFILTER;PURELEAD;THAUMIUM;TRANSLEAD;TRANSGOLD;PURECOPPER;JARLABEL;RUNICEMERGENCY;GOGGLES;ENCHFABRIC;ELEMENTALPICK;ELEMENTALAXE;TABLE;INFERNALFURNACE;BANNERS;ELEMENTALSHOVEL;LEVITATOR;HOVERGIRDLE;WARDEDARCANA;BASICARTIFACE;FLUXSCRUB;THAUMOMETER;BOOTSTRAVELLER;RESTABLE;MIRRORESSENTIA;PRIMALARROW;ARCANEEAR;GRATE;RUNICCHARGED;RUNICHEALING;HOVERHARNESS;MIRROR;ALCHGRATE;LAMPGROWTH;MASKGRINNINGDEVIL;ELEMENTALHOE;MIRRORHAND;ARCTABLE;INFUSION;RUNICKINETIC;PAVEWARD;MASKANGRYGHOST;MASKSIPPINGFIEND;ARCANELAMP;ARMORFORTRESS;BELLOWS;HELMGOGGLES;RUNICARMOR;RUNICAUGMENTATION;LAMPFERTILITY;BONEBOW;ARCANESTONE;SINSTONE;ELEMENTALSWORD;PAVETRAVEL;JARBRAIN;ARCANEBORE;INFUSIONENCHANTMENT;GOLEMCLAY;UPGRADEWATER;HUNGRYCHEST;GOLEMTALLOW;GOLEMWOOD;GOLEMFLESH;UPGRADEEARTH;TINYDART;UPGRADEFIRE;UPGRADEENTROPY;COREUSE;TINYHAMMER;TRAVELTRUNK;TINYBOWTIE;GOLEMBELL;CORESORTING;GOLEMTHAUMIUM;TINYHAT;TINYFEZ;CORELUMBER;TINYGLASSES;TINYVISOR;UPGRADEAIR;COREFISHING;COREGATHER;COREHARVEST;COREBUTCHER;COREGUARD;ADVANCEDGOLEM;TINYARMOR;COREFILL;GOLEMFETTER;GOLEMSTRAW;COREALCHEMY;GOLEMSTONE;GOLEMIRON;CORELIQUID;COREEMPTY;UPGRADEORDER;TTENCH_VALIANCE;TTENCH_SHOCKWAVE;GASEOUS_SHADOW;FOCUS_DEFLECT;TTENCH_FOCUSED;FOCUS_FLIGHT;FOCUS_HEAL;FOCUS_TELEKINESIS;TTENCH_VAMPIRISM;CLEANSING_TALISMAN;SPELL_CLOTH;XP_TALISMAN;TTENCH_QUICK_DRAW;TTENCH_POUNCE;TTENCH_DESINTEGRATE;TTENCH_ASCENT_BOOST;TTENCH_DISPERSED;TTENCH_SLOW_FALL;TTENCH_SHATTER;FOCUS_DISLOCATION;TTENCH_TUNNEL;GASEOUS_LIGHT;BLOOD_SWORD;TTENCH_FINAL;REVEALING_HELM;BRIGHT_NITOR;GAS_REMOVER;TTENCH_AUTO_SMELT;FOCUS_SMELT;FOCUS_ENDER_CHEST,,2,1,15xInstrumentum;15xPannus;12xLux;9xPraecantatio;6xArbor;3xAlienis,,,,14,2
TT_CATEGORY,附魔:致命一击,TTENCH_FINAL,TTENCH_FOCUSED;TTENCH_DISPERSED,,,0,0,15xOrdo;15xPerditio;15xTelum;12xPraecantatio;9xAlienis;6xAuram;3xSuperbia,,,,0,8
TT_CATEGORY,法杖核心:经验抽取,FOCUS_XP_DRAIN,ROD_ICHORCLOTH,WARP;RESEARCH;ENCHANT;NODES;RESEARCHDUPE;ORE;ASPECTS;KNOWFRAG;RESEARCHER2;CRIMSON;NODEJAR;RESEARCHER1;NODETAPPER2;DECONSTRUCTOR;NODETAPPER1;THAUMONOMICON;PLANTS;NODEPRESERVE;PECH;NODESTABILIZER;WANDPEDFOC;VAMPBAT;ROD_bone;BASICTHAUMATURGY;FOCUSEXCAVATION;SCEPTRE;ROD_quartz_staff;FOCUSHELLBAT;VISCHARGERELAY;ROD_ice;NODESTABILIZERADV;ROD_reed;ROD_greatwood_staff;ROD_silverwood_staff;FOCUSFROST;VISAMULET;FOCALMANIPULATION;FOCUSFIRE;CAP_gold;ROD_silverwood;VISPOWER;FOCUSPOUCH;CAP_copper;ROD_reed_staff;FOCUSSHOCK;CAP_silver;ROD_quartz;FOCUSWARDING;ROD_obsidian;FOCUSPORTABLEHOLE;CAP_thaumium;ROD_greatwood;ROD_blaze;ROD_bone_staff;ROD_obsidian_staff;FOCUSTRADE;ROD_ice_staff;WANDPED;ROD_blaze_staff;ALUMENTUM;BATHSALTS;CRUCIBLE;ENTROPICPROCESSING;TRANSIRON;THAUMATORIUM;ALCHEMICALMANUFACTURE;LIQUIDDEATH;TUBES;TRANSTIN;SANESOAP;ETHEREALBLOOM;TALLOW;PURESILVER;PURETIN;TRANSCOPPER;ESSENTIACRYSTAL;ARCANESPA;CENTRIFUGE;TRANSSILVER;PUREIRON;ALCHEMICALDUPLICATION;JARVOID;NITOR;BOTTLETAINT;PUREGOLD;DISTILESSENTIA;PHIAL;TUBEFILTER;PURELEAD;THAUMIUM;TRANSLEAD;TRANSGOLD;PURECOPPER;JARLABEL;RUNICEMERGENCY;GOGGLES;ENCHFABRIC;ELEMENTALPICK;ELEMENTALAXE;TABLE;INFERNALFURNACE;BANNERS;ELEMENTALSHOVEL;LEVITATOR;HOVERGIRDLE;WARDEDARCANA;BASICARTIFACE;FLUXSCRUB;THAUMOMETER;BOOTSTRAVELLER;RESTABLE;MIRRORESSENTIA;PRIMALARROW;ARCANEEAR;GRATE;RUNICCHARGED;RUNICHEALING;HOVERHARNESS;MIRROR;ALCHGRATE;LAMPGROWTH;MASKGRINNINGDEVIL;ELEMENTALHOE;MIRRORHAND;ARCTABLE;INFUSION;RUNICKINETIC;PAVEWARD;MASKANGRYGHOST;MASKSIPPINGFIEND;ARCANELAMP;ARMORFORTRESS;BELLOWS;HELMGOGGLES;RUNICARMOR;RUNICAUGMENTATION;LAMPFERTILITY;BONEBOW;ARCANESTONE;SINSTONE;ELEMENTALSWORD;PAVETRAVEL;JARBRAIN;ARCANEBORE;INFUSIONENCHANTMENT;GOLEMCLAY;UPGRADEWATER;HUNGRYCHEST;GOLEMTALLOW;GOLEMWOOD;GOLEMFLESH;UPGRADEEARTH;TINYDART;UPGRADEFIRE;UPGRADEENTROPY;COREUSE;TINYHAMMER;TRAVELTRUNK;TINYBOWTIE;GOLEMBELL;CORESORTING;GOLEMTHAUMIUM;TINYHAT;TINYFEZ;CORELUMBER;TINYGLASSES;TINYVISOR;UPGRADEAIR;COREFISHING;COREGATHER;COREHARVEST;COREBUTCHER;COREGUARD;ADVANCEDGOLEM;TINYARMOR;COREFILL;GOLEMFETTER;GOLEMSTRAW;COREALCHEMY;GOLEMSTONE;GOLEMIRON;CORELIQUID;COREEMPTY;UPGRADEORDER;TTENCH_VAMPIRISM;TTENCH_VALIANCE;TTENCH_SHOCKWAVE;TTENCH_FINAL;TTENCH_ASCENT_BOOST;TTENCH_DISPERSED;TTENCH_SLOW_FALL;TTENCH_FOCUSED;TTENCH_SHATTER;TTENCH_QUICK_DRAW;TTENCH_POUNCE;TTENCH_DESINTEGRATE;TTENCH_AUTO_SMELT;TTENCH_TUNNEL;FOCUS_HEAL,,2,2,15xCognitio;15xPraecantatio;12xAuram;9xHumanus;6xLucrum;3xAlienis,,,,12,3
TT_CATEGORY,烟黑石英,DARKQUARTZ,,,,0,0,<empty>,,,,-2,2
TT_CATEGORY,揭示之头盔,REVEALING_HELM,GOGGLES,THAUMIUM,,0,0,15xTutamen;12xAuram;9xPraecantatio;6xMetallum;3xSensus,,,,0,0
TT_CATEGORY,云霄塔法袍,ICHORCLOTH_CHEST_GEM,ICHORCLOTH_ARMOR,WARP;RESEARCH;ENCHANT;NODES;RESEARCHDUPE;ORE;ASPECTS;KNOWFRAG;RESEARCHER2;CRIMSON;NODEJAR;RESEARCHER1;NODETAPPER2;DECONSTRUCTOR;NODETAPPER1;THAUMONOMICON;PLANTS;NODEPRESERVE;PECH;NODESTABILIZER;WANDPEDFOC;VAMPBAT;ROD_bone;BASICTHAUMATURGY;FOCUSEXCAVATION;SCEPTRE;ROD_quartz_staff;FOCUSHELLBAT;VISCHARGERELAY;ROD_ice;NODESTABILIZERADV;ROD_reed;ROD_greatwood_staff;ROD_silverwood_staff;FOCUSFROST;VISAMULET;FOCALMANIPULATION;FOCUSFIRE;CAP_gold;ROD_silverwood;VISPOWER;FOCUSPOUCH;CAP_copper;ROD_reed_staff;FOCUSSHOCK;CAP_silver;ROD_quartz;FOCUSWARDING;ROD_obsidian;FOCUSPORTABLEHOLE;CAP_thaumium;ROD_greatwood;ROD_blaze;ROD_bone_staff;ROD_obsidian_staff;FOCUSTRADE;ROD_ice_staff;WANDPED;ROD_blaze_staff;ALUMENTUM;BATHSALTS;CRUCIBLE;ENTROPICPROCESSING;TRANSIRON;THAUMATORIUM;ALCHEMICALMANUFACTURE;LIQUIDDEATH;TUBES;TRANSTIN;SANESOAP;ETHEREALBLOOM;TALLOW;PURESILVER;PURETIN;TRANSCOPPER;ESSENTIACRYSTAL;ARCANESPA;CENTRIFUGE;TRANSSILVER;PUREIRON;ALCHEMICALDUPLICATION;JARVOID;NITOR;BOTTLETAINT;PUREGOLD;DISTILESSENTIA;PHIAL;TUBEFILTER;PURELEAD;THAUMIUM;TRANSLEAD;TRANSGOLD;PURECOPPER;JARLABEL;RUNICEMERGENCY;GOGGLES;ENCHFABRIC;ELEMENTALPICK;ELEMENTALAXE;TABLE;INFERNALFURNACE;BANNERS;ELEMENTALSHOVEL;LEVITATOR;HOVERGIRDLE;WARDEDARCANA;BASICARTIFACE;FLUXSCRUB;THAUMOMETER;BOOTSTRAVELLER;RESTABLE;MIRRORESSENTIA;PRIMALARROW;ARCANEEAR;GRATE;RUNICCHARGED;RUNICHEALING;HOVERHARNESS;MIRROR;ALCHGRATE;LAMPGROWTH;MASKGRINNINGDEVIL;ELEMENTALHOE;MIRRORHAND;ARCTABLE;INFUSION;RUNICKINETIC;PAVEWARD;MASKANGRYGHOST;MASKSIPPINGFIEND;ARCANELAMP;ARMORFORTRESS;BELLOWS;HELMGOGGLES;RUNICARMOR;RUNICAUGMENTATION;LAMPFERTILITY;BONEBOW;ARCANESTONE;SINSTONE;ELEMENTALSWORD;PAVETRAVEL;JARBRAIN;ARCANEBORE;INFUSIONENCHANTMENT;GOLEMCLAY;UPGRADEWATER;HUNGRYCHEST;GOLEMTALLOW;GOLEMWOOD;GOLEMFLESH;UPGRADEEARTH;TINYDART;UPGRADEFIRE;UPGRADEENTROPY;COREUSE;TINYHAMMER;TRAVELTRUNK;TINYBOWTIE;GOLEMBELL;CORESORTING;GOLEMTHAUMIUM;TINYHAT;TINYFEZ;CORELUMBER;TINYGLASSES;TINYVISOR;UPGRADEAIR;COREFISHING;COREGATHER;COREHARVEST;COREBUTCHER;COREGUARD;ADVANCEDGOLEM;TINYARMOR;COREFILL;GOLEMFETTER;GOLEMSTRAW;COREALCHEMY;GOLEMSTONE;GOLEMIRON;CORELIQUID;COREEMPTY;UPGRADEORDER;TTENCH_VALIANCE;TTENCH_SHOCKWAVE;TTENCH_ASCENT_BOOST;TTENCH_DISPERSED;TTENCH_SLOW_FALL;TTENCH_FOCUSED;TTENCH_SHATTER;TTENCH_TUNNEL;FOCUS_HEAL;FOCUS_TELEKINESIS;TTENCH_VAMPIRISM;BLOOD_SWORD;TTENCH_FINAL;TTENCH_QUICK_DRAW;TTENCH_POUNCE;TTENCH_DESINTEGRATE;GAS_REMOVER;TTENCH_AUTO_SMELT;FOCUS_SMELT;FOCUS_ENDER_CHEST,,2,2,24xAer;21xMotus;18xVolatus;15xAlienis;12xLux;9xSensus;6xOrdo;3xTutamen,,,,17,7
TT_CATEGORY,超能闪耀之光,BRIGHT_NITOR,GASEOUS_LIGHT;INFUSION,,,0,0,15xIgnis;12xLux;9xAer;6xPotentia;3xPraecantatio,,,,1,-5
TT_CATEGORY,源质漏斗,FUNNEL,BRIGHT_NITOR;INFUSION,DISTILESSENTIA,,0,0,15xIter;12xInstrumentum;9xAqua;6xMetallum;3xPraecantatio,,,,0,-7
TT_CATEGORY,灵液,ICHOR,DIMENSIONSHARDS,WARP;RESEARCH;ENCHANT;NODES;RESEARCHDUPE;ORE;ASPECTS;KNOWFRAG;RESEARCHER2;CRIMSON;NODEJAR;RESEARCHER1;NODETAPPER2;DECONSTRUCTOR;NODETAPPER1;THAUMONOMICON;PLANTS;NODEPRESERVE;PECH;NODESTABILIZER;WANDPEDFOC;VAMPBAT;ROD_bone;BASICTHAUMATURGY;FOCUSEXCAVATION;SCEPTRE;ROD_quartz_staff;FOCUSHELLBAT;VISCHARGERELAY;ROD_ice;NODESTABILIZERADV;ROD_reed;ROD_greatwood_staff;ROD_silverwood_staff;FOCUSFROST;VISAMULET;FOCALMANIPULATION;FOCUSFIRE;CAP_gold;ROD_silverwood;VISPOWER;FOCUSPOUCH;CAP_copper;ROD_reed_staff;FOCUSSHOCK;CAP_silver;ROD_quartz;FOCUSWARDING;ROD_obsidian;FOCUSPORTABLEHOLE;CAP_thaumium;ROD_greatwood;ROD_blaze;ROD_bone_staff;ROD_obsidian_staff;FOCUSTRADE;ROD_ice_staff;WANDPED;ROD_blaze_staff;ALUMENTUM;BATHSALTS;CRUCIBLE;ENTROPICPROCESSING;TRANSIRON;THAUMATORIUM;ALCHEMICALMANUFACTURE;LIQUIDDEATH;TUBES;TRANSTIN;SANESOAP;ETHEREALBLOOM;TALLOW;PURESILVER;PURETIN;TRANSCOPPER;ESSENTIACRYSTAL;ARCANESPA;CENTRIFUGE;TRANSSILVER;PUREIRON;ALCHEMICALDUPLICATION;JARVOID;NITOR;BOTTLETAINT;PUREGOLD;DISTILESSENTIA;PHIAL;TUBEFILTER;PURELEAD;THAUMIUM;TRANSLEAD;TRANSGOLD;PURECOPPER;JARLABEL;RUNICEMERGENCY;GOGGLES;ENCHFABRIC;ELEMENTALPICK;ELEMENTALAXE;TABLE;INFERNALFURNACE;BANNERS;ELEMENTALSHOVEL;LEVITATOR;HOVERGIRDLE;WARDEDARCANA;BASICARTIFACE;FLUXSCRUB;THAUMOMETER;BOOTSTRAVELLER;RESTABLE;MIRRORESSENTIA;PRIMALARROW;ARCANEEAR;GRATE;RUNICCHARGED;RUNICHEALING;HOVERHARNESS;MIRROR;ALCHGRATE;LAMPGROWTH;MASKGRINNINGDEVIL;ELEMENTALHOE;MIRRORHAND;ARCTABLE;INFUSION;RUNICKINETIC;PAVEWARD;MASKANGRYGHOST;MASKSIPPINGFIEND;ARCANELAMP;ARMORFORTRESS;BELLOWS;HELMGOGGLES;RUNICARMOR;RUNICAUGMENTATION;LAMPFERTILITY;BONEBOW;ARCANESTONE;SINSTONE;ELEMENTALSWORD;PAVETRAVEL;JARBRAIN;ARCANEBORE;INFUSIONENCHANTMENT;GOLEMCLAY;UPGRADEWATER;HUNGRYCHEST;GOLEMTALLOW;GOLEMWOOD;GOLEMFLESH;UPGRADEEARTH;TINYDART;UPGRADEFIRE;UPGRADEENTROPY;COREUSE;TINYHAMMER;TRAVELTRUNK;TINYBOWTIE;GOLEMBELL;CORESORTING;GOLEMTHAUMIUM;TINYHAT;TINYFEZ;CORELUMBER;TINYGLASSES;TINYVISOR;UPGRADEAIR;COREFISHING;COREGATHER;COREHARVEST;COREBUTCHER;COREGUARD;ADVANCEDGOLEM;TINYARMOR;COREFILL;GOLEMFETTER;GOLEMSTRAW;COREALCHEMY;GOLEMSTONE;GOLEMIRON;CORELIQUID;COREEMPTY;UPGRADEORDER;TTENCH_VALIANCE;TTENCH_SHOCKWAVE;GASEOUS_SHADOW;FOCUS_DEFLECT;TTENCH_FOCUSED;FOCUS_FLIGHT;FOCUS_HEAL;FOCUS_TELEKINESIS;TTENCH_VAMPIRISM;CLEANSING_TALISMAN;SPELL_CLOTH;XP_TALISMAN;TTENCH_QUICK_DRAW;TTENCH_POUNCE;TTENCH_DESINTEGRATE;TTENCH_ASCENT_BOOST;TTENCH_DISPERSED;TTENCH_SLOW_FALL;TTENCH_SHATTER;FOCUS_DISLOCATION;TTENCH_TUNNEL;GASEOUS_LIGHT;BLOOD_SWORD;TTENCH_FINAL;REVEALING_HELM;BRIGHT_NITOR;GAS_REMOVER;TTENCH_AUTO_SMELT;FOCUS_SMELT;FOCUS_ENDER_CHEST,,3,2,15xHumanus;15xSpiritus;15xOrdo;15xPraecantatio;12xVitium;9xLux;6xInfernus;3xAlienis,,,,9,8
TT_CATEGORY,息壤,PROTOCLAY,ICHOR_PICK_GEM,ICHOR_SHOVEL_GEM;WARP;RESEARCH;ENCHANT;NODES;RESEARCHDUPE;ORE;ASPECTS;KNOWFRAG;RESEARCHER2;CRIMSON;NODEJAR;RESEARCHER1;NODETAPPER2;DECONSTRUCTOR;NODETAPPER1;THAUMONOMICON;PLANTS;NODEPRESERVE;PECH;NODESTABILIZER;WANDPEDFOC;VAMPBAT;ROD_bone;BASICTHAUMATURGY;FOCUSEXCAVATION;SCEPTRE;ROD_quartz_staff;FOCUSHELLBAT;VISCHARGERELAY;ROD_ice;NODESTABILIZERADV;ROD_reed;ROD_greatwood_staff;ROD_silverwood_staff;FOCUSFROST;VISAMULET;FOCALMANIPULATION;FOCUSFIRE;CAP_gold;ROD_silverwood;VISPOWER;FOCUSPOUCH;CAP_copper;ROD_reed_staff;FOCUSSHOCK;CAP_silver;ROD_quartz;FOCUSWARDING;ROD_obsidian;FOCUSPORTABLEHOLE;CAP_thaumium;ROD_greatwood;ROD_blaze;ROD_bone_staff;ROD_obsidian_staff;FOCUSTRADE;ROD_ice_staff;WANDPED;ROD_blaze_staff;ALUMENTUM;BATHSALTS;CRUCIBLE;ENTROPICPROCESSING;TRANSIRON;THAUMATORIUM;ALCHEMICALMANUFACTURE;LIQUIDDEATH;TUBES;TRANSTIN;SANESOAP;ETHEREALBLOOM;TALLOW;PURESILVER;PURETIN;TRANSCOPPER;ESSENTIACRYSTAL;ARCANESPA;CENTRIFUGE;TRANSSILVER;PUREIRON;ALCHEMICALDUPLICATION;JARVOID;NITOR;BOTTLETAINT;PUREGOLD;DISTILESSENTIA;PHIAL;TUBEFILTER;PURELEAD;THAUMIUM;TRANSLEAD;TRANSGOLD;PURECOPPER;JARLABEL;RUNICEMERGENCY;GOGGLES;ENCHFABRIC;ELEMENTALPICK;ELEMENTALAXE;TABLE;INFERNALFURNACE;BANNERS;ELEMENTALSHOVEL;LEVITATOR;HOVERGIRDLE;WARDEDARCANA;BASICARTIFACE;FLUXSCRUB;THAUMOMETER;BOOTSTRAVELLER;RESTABLE;MIRRORESSENTIA;PRIMALARROW;ARCANEEAR;GRATE;RUNICCHARGED;RUNICHEALING;HOVERHARNESS;MIRROR;ALCHGRATE;LAMPGROWTH;MASKGRINNINGDEVIL;ELEMENTALHOE;MIRRORHAND;ARCTABLE;INFUSION;RUNICKINETIC;PAVEWARD;MASKANGRYGHOST;MASKSIPPINGFIEND;ARCANELAMP;ARMORFORTRESS;BELLOWS;HELMGOGGLES;RUNICARMOR;RUNICAUGMENTATION;LAMPFERTILITY;BONEBOW;ARCANESTONE;SINSTONE;ELEMENTALSWORD;PAVETRAVEL;JARBRAIN;ARCANEBORE;INFUSIONENCHANTMENT;GOLEMCLAY;UPGRADEWATER;HUNGRYCHEST;GOLEMTALLOW;GOLEMWOOD;GOLEMFLESH;UPGRADEEARTH;TINYDART;UPGRADEFIRE;UPGRADEENTROPY;COREUSE;TINYHAMMER;TRAVELTRUNK;TINYBOWTIE;GOLEMBELL;CORESORTING;GOLEMTHAUMIUM;TINYHAT;TINYFEZ;CORELUMBER;TINYGLASSES;TINYVISOR;UPGRADEAIR;COREFISHING;COREGATHER;COREHARVEST;COREBUTCHER;COREGUARD;ADVANCEDGOLEM;TINYARMOR;COREFILL;GOLEMFETTER;GOLEMSTRAW;COREALCHEMY;GOLEMSTONE;GOLEMIRON;CORELIQUID;COREEMPTY;UPGRADEORDER;TTENCH_VALIANCE;TTENCH_SHOCKWAVE;TTENCH_ASCENT_BOOST;TTENCH_DISPERSED;TTENCH_SLOW_FALL;TTENCH_FOCUSED;TTENCH_SHATTER;TTENCH_TUNNEL;FOCUS_HEAL;FOCUS_TELEKINESIS;TTENCH_VAMPIRISM;BLOOD_SWORD;TTENCH_FINAL;TTENCH_QUICK_DRAW;TTENCH_POUNCE;TTENCH_DESINTEGRATE;GAS_REMOVER;TTENCH_AUTO_SMELT;FOCUS_SMELT;FOCUS_ENDER_CHEST,,1,1,18xInstrumentum;15xHumanus;12xMachina;9xPerfodio;6xTerra;3xAer,,,,12,17
TT_CATEGORY,活化工具台,ANIMATION_TABLET,MAGNETS,,,2,1,15xMachina;15xMetallum;12xMotus;9xPotentia;6xOrdo;3xExanimis,,,,-8,2
TT_CATEGORY,烟雾驱散器,GAS_REMOVER,GASEOUS_SHADOW,,,0,0,2xTenebrae;2xLux,,,,-2,-7
TT_CATEGORY,附魔:燃烧之触,TTENCH_AUTO_SMELT,ENCHANTER,,,0,0,15xIgnis;12xPerditio;9xPraecantatio;6xAuram;3xMetallum,,,,7,5
TT_CATEGORY,法杖核心:伊夫利特之辉,FOCUS_SMELT,FOCUSEXCAVATION,,,0,0,15xIgnis;12xPotentia;9xPraecantatio;6xAer;3xTerra,,,,-2,-2
TT_CATEGORY,元素之焰:秩序,FIREORDO,INFUSION;BRIGHT_NITOR;ELDRITCHMINOR,,,5,5,15xOrdo;12xLux;9xAer;3xPraecantatio,,,,3,-3
TT_CATEGORY,法杖核心: 末影裂痕,FOCUS_ENDER_CHEST,FOCUS_DEFLECT;ENDERCHEST,,,1,1,15xAlienis;12xVacuos;9xPraecantatio;6xTenebrae;3xTerra,,,,-6,-2
TT_CATEGORY,世界塑造者的观察镜,PLACEMENT_MIRROR,BLOCK_TALISMAN,WARP;RESEARCH;ENCHANT;NODES;RESEARCHDUPE;ORE;ASPECTS;KNOWFRAG;RESEARCHER2;CRIMSON;NODEJAR;RESEARCHER1;NODETAPPER2;DECONSTRUCTOR;NODETAPPER1;THAUMONOMICON;PLANTS;NODEPRESERVE;PECH;NODESTABILIZER;WANDPEDFOC;VAMPBAT;ROD_bone;BASICTHAUMATURGY;FOCUSEXCAVATION;SCEPTRE;ROD_quartz_staff;FOCUSHELLBAT;VISCHARGERELAY;ROD_ice;NODESTABILIZERADV;ROD_reed;ROD_greatwood_staff;ROD_silverwood_staff;FOCUSFROST;VISAMULET;FOCALMANIPULATION;FOCUSFIRE;CAP_gold;ROD_silverwood;VISPOWER;FOCUSPOUCH;CAP_copper;ROD_reed_staff;FOCUSSHOCK;CAP_silver;ROD_quartz;FOCUSWARDING;ROD_obsidian;FOCUSPORTABLEHOLE;CAP_thaumium;ROD_greatwood;ROD_blaze;ROD_bone_staff;ROD_obsidian_staff;FOCUSTRADE;ROD_ice_staff;WANDPED;ROD_blaze_staff;ALUMENTUM;BATHSALTS;CRUCIBLE;ENTROPICPROCESSING;TRANSIRON;THAUMATORIUM;ALCHEMICALMANUFACTURE;LIQUIDDEATH;TUBES;TRANSTIN;SANESOAP;ETHEREALBLOOM;TALLOW;PURESILVER;PURETIN;TRANSCOPPER;ESSENTIACRYSTAL;ARCANESPA;CENTRIFUGE;TRANSSILVER;PUREIRON;ALCHEMICALDUPLICATION;JARVOID;NITOR;BOTTLETAINT;PUREGOLD;DISTILESSENTIA;PHIAL;TUBEFILTER;PURELEAD;THAUMIUM;TRANSLEAD;TRANSGOLD;PURECOPPER;JARLABEL;RUNICEMERGENCY;GOGGLES;ENCHFABRIC;ELEMENTALPICK;ELEMENTALAXE;TABLE;INFERNALFURNACE;BANNERS;ELEMENTALSHOVEL;LEVITATOR;HOVERGIRDLE;WARDEDARCANA;BASICARTIFACE;FLUXSCRUB;THAUMOMETER;BOOTSTRAVELLER;RESTABLE;MIRRORESSENTIA;PRIMALARROW;ARCANEEAR;GRATE;RUNICCHARGED;RUNICHEALING;HOVERHARNESS;MIRROR;ALCHGRATE;LAMPGROWTH;MASKGRINNINGDEVIL;ELEMENTALHOE;MIRRORHAND;ARCTABLE;INFUSION;RUNICKINETIC;PAVEWARD;MASKANGRYGHOST;MASKSIPPINGFIEND;ARCANELAMP;ARMORFORTRESS;BELLOWS;HELMGOGGLES;RUNICARMOR;RUNICAUGMENTATION;LAMPFERTILITY;BONEBOW;ARCANESTONE;SINSTONE;ELEMENTALSWORD;PAVETRAVEL;JARBRAIN;ARCANEBORE;INFUSIONENCHANTMENT;GOLEMCLAY;UPGRADEWATER;HUNGRYCHEST;GOLEMTALLOW;GOLEMWOOD;GOLEMFLESH;UPGRADEEARTH;TINYDART;UPGRADEFIRE;UPGRADEENTROPY;COREUSE;TINYHAMMER;TRAVELTRUNK;TINYBOWTIE;GOLEMBELL;CORESORTING;GOLEMTHAUMIUM;TINYHAT;TINYFEZ;CORELUMBER;TINYGLASSES;TINYVISOR;UPGRADEAIR;COREFISHING;COREGATHER;COREHARVEST;COREBUTCHER;COREGUARD;ADVANCEDGOLEM;TINYARMOR;COREFILL;GOLEMFETTER;GOLEMSTRAW;COREALCHEMY;GOLEMSTONE;GOLEMIRON;CORELIQUID;COREEMPTY;UPGRADEORDER;TTENCH_VALIANCE;TTENCH_SHOCKWAVE;TTENCH_ASCENT_BOOST;TTENCH_DISPERSED;TTENCH_SLOW_FALL;TTENCH_FOCUSED;TTENCH_SHATTER;TTENCH_TUNNEL;FOCUS_HEAL;FOCUS_TELEKINESIS;TTENCH_VAMPIRISM;BLOOD_SWORD;TTENCH_FINAL;TTENCH_QUICK_DRAW;TTENCH_POUNCE;TTENCH_DESINTEGRATE;GAS_REMOVER;TTENCH_AUTO_SMELT;FOCUS_SMELT;FOCUS_ENDER_CHEST,,4,4,15xCognitio;12xFabrico;9xPraecantatio;6xVitreus;3xAlienis,,,,17,16
FORBIDDEN,奥法蛋糕,ARCANECAKE,NETHERSHARDS;INFUSION,,,0,0,18xPraecantatio;15xGula;12xFames;9xFabrico;6xLimus;3xAqua,,,Gula,-12,-6
FORBIDDEN,魔钢杖端,CAP_manasteel,ROD_livingwood;ROD_livingwood;CAP_gold;THAUMIUM,,,1,1,6xAuram;4xPraecantatio;4xMetallum,,,,1,2
FORBIDDEN,活木杖柄,ROD_livingwood,BOTANY;ROD_silverwood;INFUSION,,,1,1,8xArbor;4xPraecantatio;6xHerba,,,,-1,3
FORBIDDEN,细语草,WHISPERWEED,BOTANY,,,0,0,8xHerba;10xCognitio;4xSensus,,,,-4,5
FORBIDDEN,嬗变术:绿宝石,TRANSEMERALD,TRANSGOLD,,,0,0,15xPermutatio;12xVitreus;9xLucrum;6xTerra;3xPraecantatio,,,,0,-6
FORBIDDEN,漫长的旅程,JOURNEY,SCHOOLS,,,0,0,5xIter;10xPraecantatio;3xInstrumentum,,,,-3,1
FORBIDDEN,地狱火领主,HELLFIRE,NETHERSHARDS,,,0,0,18xInfernus;15xIgnis;12xIter;9xPraecantatio;6xPotentia;3xLux,,,Infernus,-8,-8
FORBIDDEN,附魔:虚空之触,VOIDTOUCHED,MORPHTOOLS;VOIDMETAL,,,1,1,18xInvidia;15xAlienis;12xInstrumentum;9xFabrico;6xTenebrae;3xIgnis,,,,-8,-1
FORBIDDEN,腐化杖柄,ROD_tainted,ROD_silverwood;TAINTSHOVEL;INFUSION,,,2,1,18xVitium;15xPraecantatio;12xInstrumentum;9xPerditio;6xVenenum;3xTenebrae,,,,-8,3
FORBIDDEN,血腥之笔与墨,BLOODWELL,BLOODMAGIC,,,0,0,15xVictus;12xCognitio;9xSensus;6xLucrum;3xPraecantatio,,,,1,-1
FORBIDDEN,温特姆,VINTEUM,JOURNEY;THAUMIUM;GT_ADVANCEDMETALLURGY,,,1,1,5xMetallum;10xPermutatio;3xPraecantatio;2xLucrum,,,,-4,2
FORBIDDEN,附魔:挥霍,CONSUMING,INFUSIONENCHANTMENT,,,0,0,18xVacuos;15xPraecantatio;12xPerditio;9xLucrum;6xGula,,,,-4,-8
FORBIDDEN,附魔:炽心,CLUSTER,MORPHTOOLS;ELEMENTALPICK,,,0,0,18xInvidia;15xMetallum;12xInfernus;9xPotentia;6xLucrum;3xIgnis,,,,-10,-1
FORBIDDEN,苦痛项圈,SUBCOLLAR,NETHERSHARDS;VISAMULET;INFUSION,,,0,0,18xVinculum;15xAuram;12xCorpus;9xLuxuria;6xPraecantatio;3xCognitio,,,Luxuria,-11,-5
FORBIDDEN,水晶笔与墨,CRYSTALWELL,RESEARCH,,,0,0,18xCognitio;15xVitreus;12xPraecantatio;9xSensus;6xAer;3xAqua,,,,-2,-8
FORBIDDEN,血腥杖芯,ROD_blood_staff,ROD_silverwood_staff;ROD_blood,,,2,2,18xVictus;15xAqua;12xTelum;9xTerra;6xTenebrae;3xPraecantatio,,,,-3,-2
FORBIDDEN,腐化石头,TAINTSTONE,THAUMIUM;INFUSION;ETHEREALBLOOM,,,0,0,12xPraecantatio;9xVitium;6xTerra;3xOrdo,,,,-10,3
FORBIDDEN,血腥杖柄,ROD_blood,ROD_silverwood;INFUSION;BLOODMAGIC,,,2,1,15xVictus;12xAqua;9xTenebrae;6xPraecantatio;3xTelum,,,,-1,-3
FORBIDDEN,元始笔与墨,PRIMEWELL,PRIMPEARL,,,1,1,18xAlienis;15xCognitio;12xFabrico;9xVitreus;6xVolatus;3xOrdo,,,,2,-8
FORBIDDEN,注血木杖芯,ROD_blood_wood_staff,ROD_blood_staff;ROD_blood_wood,,,4,3,18xVictus;15xInstrumentum;12xAqua;9xPraecantatio;6xPotentia;3xTenebrae,,,,7,-5
FORBIDDEN,注血铁杖端,CAP_blood_iron,ROD_blood_wood;CAP_alchemical,,,2,1,18xVictus;15xAqua;12xPraecantatio;12xTenebrae;6xMetallum,,,,2,-5
FORBIDDEN,=附魔:冲击,IMPACT,MORPHTOOLS;ELEMENTALSHOVEL,,,0,0,18xPerfodio;15xInstrumentum;12xInvidia;9xPerditio;6xLucrum;3xIgnis,,,,-9,-1
FORBIDDEN,暴怒之笼,WRATHCAGE,FORK,INFUSION;THAUMIUM;DISTILESSENTIA,,3,2,21xIra;18xMachina;15xBestia;12xMetallum;9xPraecantatio;6xAlienis;3xExanimis,,,,-6,-9
FORBIDDEN,暗影玫瑰,BLACKFLOWER,,,,0,0,12xHerba;9xTenebrae;6xSensus;3xVictus,,,Sensus,-2,-6
FORBIDDEN,天域菊,EUCLIDAISY,BOTANY;INFUSION,,,0,0,8xHerba;4xPraecantatio;12xAuram,,,,-3,5
FORBIDDEN,避役工具,MORPHTOOLS,NETHERSHARDS,THAUMIUM;INFUSIONENCHANTMENT,,3,2,18xInvidia;15xInstrumentum;12xPermutatio;9xCognitio;6xPraecantatio;3xPotentia,,,,-9,-3
FORBIDDEN,泰拉钢杖端,CAP_terrasteel,CAP_manasteel;CAP_manasteel,TRANSEMERALD,,2,2,1xPotentia;1xMetallum,,,,3,2
FORBIDDEN,腐化蓟,TAINTHISTLE,BOTANY;INFUSION,,,0,0,8xHerba;10xVitium;4xPraecantatio,,,,-2,5
FORBIDDEN,啄颅斧,SKULLAXE,NETHERSHARDS;THAUMIUM;INFUSION,,,1,1,18xPraecantatio;15xInstrumentum;12xMortuus;9xIra;6xTelum;3xInfernus,,,,-11,-7
FORBIDDEN,血鸮西洋剑,BLOODRAPIER,BLOODMAGIC;INFUSION;VOIDMETAL,,,1,1,18xTenebrae;15xGula;12xVictus;9xFames;6xPraecantatio;3xTelum,,,,1,-2
FORBIDDEN,梦之木杖芯,ROD_dreamwood_staff,ROD_dreamwood;ROD_silverwood_staff,,,2,1,5xAuram;10xPraecantatio;3xHerba;4xInstrumentum;5xArbor,,,,3,4
FORBIDDEN,畸变镐,TAINTPICK,THAUMIUM;INFUSION,,,0,0,18xVitium;15xPerditio;12xInstrumentum;9xPraecantatio;6xMortuus;3xPotentia,,,,-10,1
FORBIDDEN,梦之木杖柄,ROD_dreamwood,ROD_livingwood,,,0,0,5xAuram;10xPraecantatio;3xHerba;4xInstrumentum;5xArbor,,,,1,4
FORBIDDEN,腐化之树,TAINTTREE,THAUMIUM;INFUSION;ETHEREALBLOOM,,,1,1,18xVitium;15xArbor;12xHerba;9xVenenum;6xMortuus;3xPraecantatio,,,,-11,3
FORBIDDEN,附魔:暴怒,WRATH,NETHERSHARDS;INFUSIONENCHANTMENT,,,2,1,18xIra;15xPraecantatio;12xTelum;9xSuperbia;6xPotentia;3xIgnis,,,,-6,-3
FORBIDDEN,魔法学园,SCHOOLS,,,,0,0,<empty>,,,,-1,1
FORBIDDEN,温特姆杖端,CAP_vinteum,VINTEUM;CAP_thaumium,,,2,1,5xPermutatio;10xPraecantatio;3xLucrum;4xInstrumentum;5xMetallum,,,,-5,3
FORBIDDEN,邪术气血宝珠,ELDRITCHORB,BLOODMAGIC;INFUSION;PRIMPEARL;VOIDMETAL,,,3,3,18xVacuos;15xVictus;12xAlienis;9xVitreus;6xTenebrae;3xPraecantatio,,,,1,-3
FORBIDDEN,血之魔法,BLOODMAGIC,SCHOOLS,,,0,0,<empty>,,,,-1,-1
FORBIDDEN,炼狱杖柄,ROD_infernal,ROD_silverwood;INFUSION;NETHERSHARDS,,,2,1,15xInfernus;12xIgnis;9xAqua;6xPraecantatio;3xInstrumentum,,,,-11,-4
FORBIDDEN,妖魔之叉,FORK,INFUSION;NETHERSHARDS;THAUMIUM,,,1,1,18xTenebrae;15xPraecantatio;12xInfernus;9xMachina;6xInstrumentum;3xTelum,,,,-6,-7
FORBIDDEN,滋养指环,RINGFOOD,NETHERSHARDS,,,0,0,15xFames;12xVictus;9xGula;6xLucrum;3xCognitio,,,,-11,-6
FORBIDDEN,附魔:堕落,CORRUPTING,NETHERSHARDS;INFUSIONENCHANTMENT,,,1,1,18xInfernus;15xVitreus;12xPermutatio;9xSpiritus;6xNebrisum;3xIgnis,,,,-6,-4
FORBIDDEN,花之魔法,BOTANY,SCHOOLS,,,0,0,<empty>,,,,-3,3
FORBIDDEN,炼金纹饰杖端,CAP_alchemical,ROD_blood;CAP_gold,,,1,1,15xVictus;12xAqua;9xInstrumentum;6xMetallum;3xPraecantatio,,,,-3,-3
FORBIDDEN,马鞭作物,RIDINGCROP,,,,0,0,<empty>,,,,0,-8
FORBIDDEN,下界之星,NETHERSHARDS,,,,0,0,<empty>,,,,-8,-5
FORBIDDEN,附魔:剥削,GREEDY,NETHERSHARDS;INFUSIONENCHANTMENT,,,0,0,18xLucrum;15xPraecantatio;12xTelum;9xInfernus;6xLuxuria;3xIgnis,,,,-6,-5
FORBIDDEN,巫魂木杖芯,ROD_witchwood_staff,ROD_witchwood;ROD_silverwood_staff,,,2,2,5xVictus;10xPraecantatio;3xHerba;4xInstrumentum;5xArbor,,,,-2,0
FORBIDDEN,附魔:教育,EDUCATIONAL,INFUSIONENCHANTMENT,,,0,0,15xCognitio;12xPraecantatio;9xTelum;6xLucrum;3xIgnis,,,,-4,-7
FORBIDDEN,渎神杖柄,ROD_profane,NETHERSHARDS,,,0,0,<empty>,,,,-9,-8
FORBIDDEN,源质钢杖端,CAP_elementium,CAP_manasteel,,,0,0,8xIgnis;12xPraecantatio;8xAqua;8xAer;8xTerra,,,,3,3
FORBIDDEN,巫魂木杖柄,ROD_witchwood,VINTEUM;ANOINTINGPASTE;OVEN,,,1,1,5xVictus;10xPraecantatio;3xHerba;4xInstrumentum;5xArbor,,,,-4,0
FORBIDDEN,注血木杖柄,ROD_blood_wood,ROD_blood,,,3,2,18xVictus;15xPraecantatio;12xAqua;9xTenebrae;6xInstrumentum;3xTerra,,,,4,-5
FORBIDDEN,净化铲,TAINTSHOVEL,THAUMIUM;INFUSION;ETHEREALBLOOM,,,0,0,21xVitreus;18xVitium;15xInstrumentum;12xLimus;9xPraecantatio;6xVenenum;3xPermutatio,,,,-8,1
FORBIDDEN,法杖核心:闪烁,FOCUSBLINK,NETHERSHARDS;INFUSION,,,0,0,21xDesidia;18xIter;15xPerditio;12xInfernus;9xAlienis;6xTenebrae;3xPraecantatio,,,,-11,-3
MAGICBEES,弹性框架,RESILIENTFRAME,MB_FrameMagic;MB_EssenceArmor,,,0,0,15xTutamen;15xPannus;12xAer;9xIgnis;6xTerra;3xAqua,,,,-7,1
MAGICBEES,奥法捕虫网,MB_Scoop,,THAUMIUM,,0,0,9xOrdo;6xTerra;3xAer,,,,-2,-3
MAGICBEES,迷失之时源质,MB_EssenceTime,MB_EssenceUnstable,,,0,0,12xOrdo;9xVacuos;6xVinculum;3xTempus,,,,0,2
MAGICBEES,湮灭框架,OBLIVIONFRAME,INFUSION;GENTLEFRAME;RESILIENTFRAME;NECROTICFRAME;METABOLICFRAME;TEMPORALFRAME;MB_EssenceOblivion,,,0,0,15xTutamen;15xPannus;12xAer;9xIgnis;6xTerra;3xAqua,,,,-10,0
MAGICBEES,浓缩复合物,CONCENTRATEDCOMPOUND,MB_Root;MB_EssenceLife,,,0,0,15xMessis;12xSano;9xVitreus;6xPerditio,,,,2,-3
MAGICBEES,恒久不灭源质,MB_EssenceArmor,MB_EssenceLife,,,0,0,12xTutamen;9xPraecantatio;6xMetallum;3xFabrico,,,,5,0
MAGICBEES,魔法蜂箱,MAGICAPIARY,MB_DimensionalSingularity,,,1,1,15xPraecantatio;12xSano;9xIgnis;6xLucrum,,,,1,7
MAGICBEES,虚空捕虫网,MB_ScoopVoid,MB_Scoop,VOIDMETAL,,2,1,15xPraecantatio;9xOrdo;6xTerra;3xAer,,,,-4,-4
MAGICBEES,血腥亚瑟王,MB_BloodFrame,MB_FrameMagic,,,0,0,1xVictus;1xOrdo;1xSano;1xPermutatio;1xLucrum,,,,-4,3
MAGICBEES,标定框架,PROVENFRAME,MB_EssenceArmor,,,0,0,15xPraecantatio;12xFabrico;9xCognitio;6xPotentia,,,,7,0
MAGICBEES,虚假之命源质,MB_EssenceLife,,CRUCIBLE,,0,0,12xMetallum;9xPermutatio;6xHerba;3xTerra,,,,2,-1
MAGICBEES,无尽漠视源质,MB_EssenceOblivion,MB_DimensionalSingularity,,,0,0,5xAlienis;5xPraecantatio;5xLucrum;5xBestia,,,,-7,4
MAGICBEES,知识碎片,MB_LoreFragment,MB_Root,,,0,0,<empty>,,,,0,-3
MAGICBEES,变换不定源质,MB_EssenceUnstable,MB_EssenceLife,,,0,0,12xPerditio;9xPermutatio;6xLimus;3xPotentia,,,,3,1
MAGICBEES,奇异维度,MB_DimensionalSingularity,MB_FrameMagic;MB_EssenceTime;MB_EssenceDeath;INFUSION,,,0,0,15xPerditio;12xPermutatio;9xLimus;6xPotentia,,,,-1,4
MAGICBEES,狂热框架,MB_FrenziedFrame,MB_FrameMagic,,,0,0,1xVictus;1xOrdo;1xSano;1xPermutatio;1xLucrum,,,,-5,3
MAGICBEES,龙蛋,DRAGONEGG,MB_DimensionalSingularity,,INFUSION,3,2,15xAlienis;12xPraecantatio;9xVictus;6xBestia,,,,2,5
MAGICBEES,柔性框架,GENTLEFRAME,MB_FrameMagic;MB_EssenceLife,,,0,0,15xVictus;15xInstrumentum;12xAer;9xIgnis;6xTerra;3xAqua,,,,-7,2
MAGICBEES,坏死框架,NECROTICFRAME,MB_FrameMagic;MB_EssenceDeath,,,0,0,15xMortuus;15xFabrico;12xAer;9xIgnis;6xTerra;3xAqua,,,,-7,0
MAGICBEES,神秘养蜂人的沥水器,MB_ApimancersDrainer,MB_EssenceUnstable;MB_DimensionalSingularity,VOIDMETAL;ESSENTIARESERVOIR,,2,1,1xAlienis;1xMeto;1xPraecantatio;1xTempus,,,,-1,7
MAGICBEES,治愈框架,HEALINGFRAME,MB_EssenceLife,,,0,0,15xPraecantatio;12xFabrico;9xCognitio;6xVictus,,,,7,-2
MAGICBEES,瞬息框架,TEMPORALFRAME,MB_FrameMagic;MB_EssenceTime,,,0,0,15xTempus;15xVacuos;12xAer;9xIgnis;6xTerra;3xAqua,,,,-7,-2
MAGICBEES,神秘养蜂学,MB_Root,,,,0,0,<empty>,,,,0,0
MAGICBEES,奥法剪枝器,MB_Grafter,MB_Scoop,,,0,0,12xOrdo;9xTerra;6xAer,,,,-2,-1
MAGICBEES,灵气蜂箱增幅器,MB_VisAuraProvider,MB_DimensionalSingularity,VISPOWER,,1,1,15xLucrum;12xMetallum;12xVitreus;9xOrdo;6xMotus;3xMachina,,,,-3,7
MAGICBEES,巧克力框架,CHOCOLATEFRAME,MB_EssenceUnstable,,,0,0,15xPraecantatio;12xFabrico;9xCognitio;6xFames,,,,7,2
MAGICBEES,灵魂框架,SOULFRAME,RESTRAINTFRAME,,,1,1,15xPraecantatio;12xFabrico;9xCognitio;6xSpiritus,,,,11,0
MAGICBEES,魔法框架,MB_FrameMagic,MB_Root,,,0,0,15xOrdo;12xTerra;9xAer;6xPerditio,,,,-4,0
MAGICBEES,虚空剪枝器,MB_GrafterVoid,MB_Grafter,VOIDMETAL,,2,1,15xPraecantatio;12xOrdo;9xTerra;6xAer,,,,-4,-2
MAGICBEES,暗影之墓源质,MB_EssenceDeath,MB_EssenceUnstable,,,0,0,12xMortuus;9xPerditio;6xSpiritus;3xExanimis,,,,2,3
MAGICBEES,金蛋,GOLDENEGG,MB_DimensionalSingularity,,,1,1,15xAlienis;12xBestia;9xVictus;6xHumanus,,,,-4,5
MAGICBEES,约束框架,RESTRAINTFRAME,PROVENFRAME;HEALINGFRAME;CHOCOLATEFRAME,,,0,0,15xPraecantatio;12xFabrico;9xCognitio;6xMetallum,,,,9,0
MAGICBEES,魔法泥土,ENCHANTEDEARTH,MB_EssenceLife,,,0,0,9xTerra;9xVictus;6xSano;3xOrdo,,,,5,-3
MAGICBEES,代谢框架,METABOLICFRAME,MB_FrameMagic;MB_EssenceUnstable,,,0,0,15xLimus;15xPotentia;12xAer;9xIgnis;6xTerra;3xAqua,,,,-7,-1
MAGICBEES,标定剪枝器,PROVENGRAFTER,MB_Scoop,,,0,0,15xInstrumentum;12xPermutatio;9xMetallum;6xArbor,,,,-5,-3
botanichorizons,泰拉钢扳手,BH_TERRASTEEL_WRENCH,BH_MANASTEEL_WRENCH,BH_TERRASTEEL,,0,0,1xPraecantatio;1xInstrumentum;1xTerra,,,,-6,0
botanichorizons,精灵玻璃烧瓶,BH_ALFGLASS_FLASK,BH_BREWERY,BH_ALFHEIM,,0,0,1xVitreus;1xVacuos;1xVinculum;1xPraecantatio;1xLimus,,,,0,9
botanichorizons,拉普达碎片,BH_LAPUTA,BH_ALFHEIM,ELDRITCHMAJOR,,0,0,1xTempestas;1xAer;1xTerra;1xVolatus;1xIter,,,,-2,-7
botanichorizons,泰拉之刃,BH_TERRASTEEL_SWORD,BH_TERRASTEEL,ELEMENTALSWORD,,0,0,1xTerra;1xPraecantatio;1xTelum;1xHumanus;1xBestia,,,,-3,-5
botanichorizons,泰拉断裂者,BH_TERRASTEEL_AXE,BH_TERRASTEEL,ELEMENTALAXE,,0,0,1xTerra;1xPraecantatio;1xInstrumentum;1xHumanus;1xArbor,,,,-4,-4
botanichorizons,炼造催化器,BH_CONJURATION_CATALYST,BH_ALFHEIM,BH_ALFHEIM,,0,0,1xAqua;1xPermutatio;1xPraecantatio;1xLucrum;1xFabrico;1xVacuos,,,,2,-5
botanichorizons,魔法蘑菇,BH_MUSHROOMS,BH_FLOWERS,,,0,0,1xHerba;1xPermutatio;1xTenebrae,,,,-2,6
botanichorizons,泰拉粉碎者,BH_TERRASTEEL_PICK,BH_TERRASTEEL,ELEMENTALPICK,,0,0,1xTerra;1xPraecantatio;1xInstrumentum;1xHumanus;1xPerfodio,,,,-4,-5
botanichorizons,符文祭坛,BH_ALTAR,BH_ALCHEMY_CATALYST,INFUSION,,0,0,1xHerba;1xPermutatio;1xPraecantatio;1xAuram;1xAlienis;1xMachina,,,,0,-1
botanichorizons,侵蚀之扳手,BH_TERRASTEEL_WRENCH_XL,BH_TERRASTEEL_WRENCH,,,0,0,1xPraecantatio;1xInstrumentum;1xTerra;1xPerditio;1xIter,,,,-7,0
botanichorizons,复制,BH_FLOWERDUPE,BH_FLOWERS,,,0,0,1xHerba;1xSensus;1xPraecantatio,,,,-3,3
botanichorizons,自然水晶,BH_NATURA_PYLON,BH_MANA_PYLON,BH_TERRASTEEL,,0,0,1xVitreus;1xLucrum;1xCognitio;1xIter;1xHerba,,,,4,0
botanichorizons,植物酿造学,BH_BREWERY,BH_FLOWERS,INFUSION,,0,0,1xHumanus;1xPraecantatio;1xVitreus;1xMachina,,,,0,6
botanichorizons,炼金催化器,BH_ALCHEMY_CATALYST,BH_FLOWERS,,,0,0,1xAqua;1xPermutatio;1xPraecantatio,,,,0,1
botanichorizons,增生,BH_VIRUS,BH_FLOWERS,,,1,1,1xPermutatio;1xBestia;1xExanimis;1xVenenum,,,,2,6
botanichorizons,魔法水晶,BH_MANA_PYLON,BH_FLOWERS,,,0,0,1xVitreus;1xLucrum;1xCognitio,,,,2,1
botanichorizons,魔力钢扳手,BH_MANASTEEL_WRENCH,BH_FLOWERS,,,0,0,1xPraecantatio;1xInstrumentum;1xPermutatio,,,,-3,1
botanichorizons,源质钢扳手,BH_ELVEN_WRENCH,BH_MANASTEEL_WRENCH,BH_ALFHEIM,,0,0,1xPraecantatio;1xInstrumentum;1xAlienis,,,,-6,-2
botanichorizons,黑莲花注魔,BH_BLACKLOTUS,BH_FLOWERCOLOUR,,,1,1,1xHerba;1xTenebrae;1xSensus;1xPermutatio,,,,5,5
botanichorizons,花卉栽培,BH_FLOWERCOLOUR,BH_FLOWERS,,,0,0,1xHerba;1xPermutatio;1xSensus;1xFabrico,,,,3,3
botanichorizons,魔法之花,BH_FLOWERS,,,,0,0,1xHerba;1xPermutatio;1xPraecantatio,,,,0,3
botanichorizons,进化之扳手,BH_ELVEN_WRENCH_XL,BH_ELVEN_WRENCH,,,0,0,1xPraecantatio;1xInstrumentum;1xAlienis;1xIter;1xCognitio,,,,-7,-2
botanichorizons,精灵传送门,BH_ALFHEIM,BH_TERRASTEEL,,,0,0,1xTerra;1xHerba;1xAlienis;1xAuram;1xIter;1xSensus,,,,0,-6
botanichorizons,盖亚水晶,BH_GAIA_PYLON,BH_ALFHEIM,ELDRITCHMINOR,,3,2,1xAlienis;1xLucrum;1xCognitio;1xVitreus;1xTenebrae;1xVinculum,,,,2,-7
botanichorizons,泰拉钢,BH_TERRASTEEL,BH_ALTAR,,,0,0,1xTerra;1xLucrum;1xPraecantatio;1xAuram;1xMetallum;1xInstrumentum,,,,0,-3
EMT,矿簇粉碎工艺,Macerating Native Ore Clusters,,,,0,0,<empty>,,,,5,-7
EMT,UU物质注魔,UUMatterInfusion,,ElectricMagicTools,,0,0,15xFabrico;12xAlienis;9xPermutatio;6xPraecantatio;3xVitreus,,,,5,-3
EMT,火注魔太阳能,FireInfusedSolarPanels,CompressedSolars,,,0,0,15xIgnis;12xPraecantatio;9xPotentia;6xLux;3xLucrum,,,,-5,-7
EMT,压缩太阳能,CompressedSolars,,ElectricMagicTools,,0,0,18xPotentia;15xLux;12xMetallum;9xPraecantatio;6xIgnis;3xAer,,,,-6,-4
EMT,神秘钻锯,ThaumiumOmnitool,DiamondOmnitool,ThaumiumChainsaw;ThaumiumDrill,,1,1,15xPotentia;12xInstrumentum;9xPerfodio;6xTelum;3xVitreus,,,,-6,0
EMT,神秘维护,Wand Focus: Maintenance,,INFUSION,,0,0,5xMachina;3xIgnis;3xOrdo;5xPotentia;5xPraecantatio;5xInstrumentum,,,,7,4
EMT,法杖核心:爆炸,ExplosionFocus,FOCUSHELLBAT,ElectricMagicTools,,1,1,15xIgnis;12xMortuus;9xTelum;6xPraecantatio;3xPotentia,,,,5,4
EMT,电子句芒锄,ElectricHoeofGrowth,ELEMENTALHOE;ElectricMagicTools,,,0,0,15xPotentia;12xMessis;9xPraecantatio;6xHerba;3xElectrum,,,,2,-2
EMT,电力魔法工具,ElectricMagicTools,,,,0,0,0xTerra,,,,0,0
EMT,混沌注魔太阳能,EntropyInfusedSolarPanels,CompressedSolars,,,0,0,15xPerditio;12xPraecantatio;9xPotentia;6xLux;3xLucrum,,,,-8,-6
EMT,雷云之光,ElectricCloud,,,,0,0,<empty>,,,,5,-6
EMT,奔雷电锯,ChainsawoftheStream,ThaumiumChainsaw,,,1,1,15xPotentia;12xLucrum;9xPraecantatio;6xAer;3xArbor,,,,0,-6
EMT,Vis自动维护仓,MagicalMaintenanceHatch,Wand Focus: Maintenance;OCULUS;VOIDMETAL,,,2,1,12xPraecantatio;8xMachina;6xAlienis;6xAequalitas;4xNebrisum,,,,7,6
EMT,纳米揭示护目镜,NanosuitGogglesofRevealing,ElectricGogglesofRevealing,,,1,1,18xTutamen;15xPotentia;12xSensus;9xPraecantatio;6xAuram;3xElectrum,,,,-4,-2
EMT,电子笔与墨,ElectricScribingTools,RESEARCH,ElectricMagicTools,,0,0,15xPotentia;12xTenebrae;9xFabrico;6xPraecantatio;3xElectrum,,,,6,-4
EMT,太阳能揭示护目镜,SolarHelmetofRevealing,QuantumGogglesofRevealing;CompressedSolars,,,2,1,30xTutamen;27xPotentia;24xSensus;21xPraecantatio;15xAuram;12xElectrum;9xLucrum;6xAer;3xLux,,,,-2,-4
EMT,传说之物,The Legend,,,,0,0,<empty>,,,,5,-5
EMT,钻石链锯,DiamondChainsaw,ElectricMagicTools,,,0,0,12xLucrum;9xIgnis;6xMetallum;3xTerra,,,,0,-2
EMT,神秘链锯,ThaumiumChainsaw,DiamondChainsaw,,,1,1,18xInstrumentum;15xTelum;12xPotentia;9xLucrum;6xPraecantatio;3xAer,,,,0,-4
EMT,秩序注魔太阳能,OrderInfusedSolarPanels,CompressedSolars,,,0,0,15xOrdo;12xPraecantatio;9xPotentia;6xLux;3xLucrum,,,,-6,-8
EMT,神秘钻头,ThaumiumDrill,ElectricMagicTools,,,1,1,18xInstrumentum;15xPerfodio;12xPotentia;9xLucrum;6xPraecantatio;3xIgnis,,,,2,0
EMT,纳米旅行者之靴,NanoBootsoftheTraveller,ElectricBootsoftheTraveller,,,1,1,18xPraecantatio;15xMotus;12xPotentia;9xTutamen;6xTerra;3xVolatus,,,,4,2
EMT,雷电碎片,LightningSummoner,FOCUSSHOCK;NITOR;ALUMENTUM,,,0,0,15xTempestas;12xAer;9xIgnis;6xNebrisum;3xPermutatio,,,,6,-5
EMT,小撮铀,TinyUranium,RESEARCH,ElectricMagicTools,,0,0,15xPermutatio;12xVenenum;9xMortuus;6xPraecantatio;3xMetallum,,,,5,-4
EMT,钻石钻锯,DiamondOmnitool,IronOmnitool,DiamondChainsaw,,0,0,15xPotentia;12xInstrumentum;9xPerfodio;6xTelum;3xVitreus,,,,-4,0
EMT,法杖核心:能量球,EnergyBallFocus,FOCUSSHOCK,ElectricMagicTools,,1,1,15xPotentia;18xPraecantatio;9xVictus;3xCognitio,,,,4,4
EMT,纳米羽翼,NanosuitWings,ThaumiumReinforcedWings,,,1,1,24xAer;21xPotentia;18xPraecantatio;15xVolatus;12xMetallum;9xVitium;6xMachina;3xTerra,,,,0,6
EMT,自动化研究,ResearchCompleter,WANDPED;WARDEDARCANA,,,0,0,8xCognitio;5xMachina;5xPermutatio;4xAuram,,,,-2,6
EMT,魔戒,The One Ring,,,,0,0,<empty>,,,,6,-7
EMT,量子羽翼,QuantumWings,NanosuitWings,,,2,1,27xAer;24xPotentia;21xPraecantatio;18xVolatus;15xMetallum;12xVitium;9xMachina;6xTerra;3xLucrum,,,,0,8
EMT,神秘强化羽翼,ThaumiumReinforcedWings,FeatherWings,,,1,1,21xAer;18xPotentia;15xPraecantatio;12xVolatus;9xMetallum;6xVitium;3xMachina,,,,0,4
EMT,量子揭示护目镜,QuantumGogglesofRevealing,NanosuitGogglesofRevealing,,,1,1,21xTutamen;18xPotentia;15xSensus;12xPraecantatio;9xAuram;6xLucrum;3xElectrum,,,,-2,-2
EMT,法杖核心:化魔,WandFocusWandCharging,WandFocusCharging,ElectricMagicTools;IndustrialWandChargingStation,,1,1,18xPotentia;15xFabrico;12xLucrum;9xPermutatio;6xPraecantatio;3xCognitio,,,,6,6
EMT,便携式节点,PortableNode,,ElectricMagicTools,,0,0,15xAuram;12xAlienis;9xLucrum;6xPraecantatio;3xVitreus,,,,6,-3
EMT,装备充电指环,ArmorChargingRing,InventoryChargingRing,,,1,1,15xPotentia;12xTutamen;9xPraecantatio;6xElectrum;3xAuram,,,,0,-10
EMT,神秘板,ThaumiumPlate,,,,0,0,<empty>,,,,6,-6
EMT,木之源质发电机,ArborGenerator,PotentiaGenerator,ElectricMagicTools,,0,0,12xArbor;9xPermutatio;6xAqua;3xPraecantatio,,,,-2,4
EMT,铁制钻锯,IronOmnitool,ElectricMagicTools,,,0,0,12xPotentia;9xInstrumentum;6xPerfodio;3xTelum,,,,-2,0
EMT,量子旅行者之靴,QuantumBootsoftheTraveller,NanoBootsoftheTraveller,,,1,1,21xPraecantatio;18xMotus;15xPotentia;12xTutamen;9xTerra;6xVolatus;3xAuram,,,,6,2
EMT,风注魔太阳能,AirInfusedSolarPanels,CompressedSolars,,,0,0,15xAer;12xPraecantatio;9xPotentia;6xLux;3xLucrum,,,,-4,-6
EMT,岩石粉碎者,DrilloftheRockbreaker,ThaumiumDrill,,,1,1,21xInstrumentum;18xPerfodio;15xPotentia;12xLucrum;9xPraecantatio;6xIgnis;3xTerra,,,,4,0
EMT,风之源质发电机,AerGenerator,PotentiaGenerator,ElectricMagicTools,,0,0,12xAer;9xPermutatio;6xAqua;3xPraecantatio,,,,-4,6
EMT,工业法杖充能站,IndustrialWandChargingStation,PotentiaGenerator;WANDPED;JARLABEL,ElectricMagicTools,,2,1,15xPermutatio;12xPotentia;9xFabrico;6xPraecantatio;3xLucrum,,,,-6,2
EMT,贪婪源质发电机,LucrumGenerator,PotentiaGenerator;AerGenerator;IgnisGenerator;AuramGenerator;ArborGenerator,ElectricMagicTools,,3,2,12xLucrum;9xPermutatio;6xAqua;3xPraecantatio,,,,-4,8
EMT,注魔量子胸甲,InfusedQuantumArmor,QuantumWings,,,2,2,30xAer;27xPotentia;24xPraecantatio;21xVolatus;18xMetallum;15xVitium;12xMachina;9xTerra;6xLucrum;3xSuperbia,,,,0,10
EMT,法杖核心:充电,WandFocusCharging,,ElectricMagicTools,,0,0,15xPermutatio;12xPotentia;9xMachina;6xPraecantatio;3xCognitio,,,,6,4
EMT,雷神之锤,Mjolnirnew,The Legend;ELEMENTALSWORD;FOCUSSHOCK;NITOR,ElectricMagicTools,,0,0,18xTelum;15xTempestas;12xAlienis;9xIra;6xAer;3xIgnis,,,,4,-5
EMT,法杖核心:圣诞,KristmasFocus,FOCUSSHOCK,ElectricMagicTools,,0,0,15xGelum;12xBestia;9xVictus;6xMortuus;3xPraecantatio,,,,3,4
EMT,水注魔太阳能,WaterInfusedSolarPanels,CompressedSolars,,,0,0,15xAqua;12xPraecantatio;9xPotentia;6xLux;3xLucrum,,,,-7,-7
EMT,灵气源质发电机,AuramGenerator,PotentiaGenerator,ElectricMagicTools,,0,0,12xAuram;9xPermutatio;6xAqua;3xPraecantatio,,,,-4,4
EMT,物品充能指环,InventoryChargingRing,,ElectricMagicTools,,1,1,15xPotentia;12xVitreus;9xPraecantatio;6xElectrum;3xAuram,,,,0,-8
EMT,地注魔太阳能,EarthInfusedSolarPanels,CompressedSolars,,,0,0,15xTerra;12xPraecantatio;9xPotentia;6xLux;3xLucrum,,,,-6,-7
EMT,羽毛羽翼,FeatherWings,ElectricMagicTools,,,0,0,15xAer;12xPotentia;9xPraecantatio;6xVolatus;3xTerra,,,,0,2
EMT,电子旅行者之靴,ElectricBootsoftheTraveller,BOOTSTRAVELLER,ElectricMagicTools,,0,0,15xPraecantatio;12xMotus;9xPotentia;6xTutamen;3xTerra,,,,2,2
EMT,法杖核心:护盾,ShieldFocus,FOCUSPORTABLEHOLE,ElectricMagicTools,,0,0,15xTutamen;12xAer;9xVitreus;6xPraecantatio;3xCognitio,,,,2,4
EMT,电子揭示护目镜,ElectricGogglesofRevealing,GOGGLES,ElectricMagicTools,,0,0,15xTutamen;12xPotentia;9xSensus;6xPraecantatio;3xElectrum,,,,-6,-2
EMT,天域加工机,EtheralProcessor,BELLOWS;DISTILESSENTIA;INFERNALFURNACE;PotentiaGenerator,ElectricMagicTools,,0,0,15xMachina;12xFabrico;9xPotentia;6xPraecantatio;3xCognitio,,,,-2,2
EMT,护盾方块,ShieldBlock,ShieldFocus,ElectricMagicTools,,0,0,15xTutamen;12xVinculum;9xCognitio;6xPraecantatio;3xAlienis,,,,2,6
EMT,火之源质发电机,IgnisGenerator,PotentiaGenerator,ElectricMagicTools,,0,0,12xIgnis;9xPermutatio;6xAqua;3xPraecantatio,,,,-6,4
EMT,高压雷神之锤,SuperchargedMjolnir,Mjolnirnew;FOCUSHELLBAT;ALUMENTUM,,,0,0,21xTelum;18xTempestas;15xAlienis;12xBestia;9xIra;6xAer;3xIgnis,,,,3,-5
EMT,能量源质发电机,PotentiaGenerator,JARLABEL;FOCUSTRADE,ElectricMagicTools,,0,0,15xPotentia;12xPermutatio;9xMachina;6xPraecantatio;3xMetallum,,,,-4,2
gadomancy,使魔升级:范围提升,GADOMANCY.FAMILIAR_RANGE,GADOMANCY.ETHEREAL_FAMILIAR,,,0,0,15xAlienis;12xOrdo;9xTelum;6xPraecantatio;3xTenebrae,,,,6,4
gadomancy,傀儡核心:收获,GADOMANCY.PSEUDO.COREHARVEST,,COREHARVEST,,0,0,<empty>,,,,2,-6
gadomancy,tc.research_name.GADOMANCY.AURA.fames,GADOMANCY.AURA.fames,,,,0,0,<empty>,,,,0,0
gadomancy,tc.research_name.GADOMANCY.AURA.tempestas,GADOMANCY.AURA.tempestas,,,,0,0,<empty>,,,,0,0
gadomancy,奥术投掷器,GADOMANCY.ARCANEDROPPER,DISTILESSENTIA;GADOMANCY.PSEUDO.BELLOWS,,,0,0,21xMachina;18xAer;15xTerra;12xOrdo;9xSensus;6xMotus;3xPraecantatio,,,,-1,-3
gadomancy,使魔升级:超速攻击,GADOMANCY.FAMILIAR_SPEED,GADOMANCY.FAMILIAR_DAMAGE;GADOMANCY.FAMILIAR_RANGE;PRIMPEARL,,,0,0,15xMotus;12xAuram;9xTelum;6xPraecantatio;3xTenebrae,,,,8,5
gadomancy,护甲伪装术,GADOMANCY.ARMORDISGUISE,GADOMANCY.PSEUDO.INFUSIONENCHANTMENT,,,0,0,15xLimus;12xPraecantatio;9xTutamen;6xCognitio;3xNebrisum,,,,-2,0
gadomancy,tc.research_name.GADOMANCY.AURA.terra,GADOMANCY.AURA.terra,,,,0,0,<empty>,,,,0,0
gadomancy,tc.research_name.GADOMANCY.AURA.motus,GADOMANCY.AURA.motus,,,,0,0,<empty>,,,,0,0
gadomancy,tc.research_name.GADOMANCY.AURA.sano,GADOMANCY.AURA.sano,,,,0,0,<empty>,,,,0,0
gadomancy,tc.research_name.GADOMANCY.AURA.arbor,GADOMANCY.AURA.arbor,,,,0,0,<empty>,,,,0,0
gadomancy,荒古之石,GADOMANCY.ANCIENT_STONES,GADOMANCY.PSEUDO.OCULUS,,,0,0,15xIgnis;12xAlienis;9xPerditio;6xTerra;3xPermutatio,,,,-12,1
gadomancy,tc.research_name.GADOMANCY.AURA.gelum,GADOMANCY.AURA.gelum,,,,0,0,<empty>,,,,0,0
gadomancy,虚空漫步者之门,GADOMANCY.E_PORTAL_CREATOR,GADOMANCY.NODE_MANIPULATOR;GADOMANCY.PSEUDO.OCULUS,,,2,2,21xTenebrae;18xAuram;15xIter;12xAlienis;9xVacuos;6xMachina;3xPraecantatio,,,,-10,0
gadomancy,源质罐子和标签,GADOMANCY.PSEUDO.JARLABEL,,JARLABEL,,0,0,<empty>,,,,-3,-7
gadomancy,生长中的节点,GADOMANCY.GROWING,GADOMANCY.NODE_MANIPULATOR,,,0,0,<empty>,,,,-8,-1
gadomancy,tc.research_name.GADOMANCY.AURA.vitreus,GADOMANCY.AURA.vitreus,,,,0,0,<empty>,,,,0,0
gadomancy,tc.research_name.GADOMANCY.AURA.venenum,GADOMANCY.AURA.venenum,,,,0,0,<empty>,,,,0,0
gadomancy,核心清理,GADOMANCY.CLEAN_AURA_CORE,GADOMANCY.AURA_CORE,,,0,0,27xAqua;24xSano;21xPraecantatio;18xAuram;15xTerra;12xIgnis;9xPerditio;6xOrdo;3xAer,,,,1,5
gadomancy,黏性罐子,GADOMANCY.STICKYJAR,GADOMANCY.PSEUDO.JARLABEL,,,0,0,12xLimus;9xTerra;6xAer;3xPraecantatio,,,,-5,-5
gadomancy,高级源质存储,GADOMANCY.PSEUDO.ESSENTIARESERVOIR,,ESSENTIARESERVOIR,,0,0,<empty>,,,,-5,9
gadomancy,tc.research_name.GADOMANCY.AURA.alienis,GADOMANCY.AURA.alienis,,,,0,0,<empty>,,,,0,0
gadomancy,tc.research_name.GADOMANCY.AURA.tenebrae,GADOMANCY.AURA.tenebrae,,,,0,0,<empty>,,,,0,0
gadomancy,tc.research_name.GADOMANCY.AURA.auram,GADOMANCY.AURA.auram,,,,0,0,<empty>,,,,0,0
gadomancy,法杖充能基座,GADOMANCY.PSEUDO.WANDPED,,WANDPED,,0,0,<empty>,,,,-9,-8
gadomancy,知识之书,GADOMANCY.KNOWLEDGE_BOOK,GADOMANCY.AURA_CORE;GOGGLES;THAUMATORIUM,,,2,2,24xCognitio;21xOrdo;18xPraecantatio;15xMachina;12xFabrico;9xMotus;6xAer;3xLucrum,1xitem.ItemAuraCore@5,,,-2,8
gadomancy,tc.research_name.GADOMANCY.AURA.praecantatio,GADOMANCY.AURA.praecantatio,,,,0,0,<empty>,,,,0,0
gadomancy,傀儡核心:破坏,GADOMANCY.GOLEMCOREBREAK,GADOMANCY.PSEUDO.COREHARVEST;ELEMENTALAXE;ELEMENTALPICK;ELEMENTALSHOVEL,,,0,0,15xInstrumentum;12xPerditio;9xMachina;6xPraecantatio;3xPerfodio,,,,3,-3
gadomancy,tc.research_name.GADOMANCY.AURA.lucrum,GADOMANCY.AURA.lucrum,,,,0,0,<empty>,,,,0,0
gadomancy,使魔升级:蚀骨剧毒,GADOMANCY.FAMILIAR_POISON,GADOMANCY.ETHEREAL_FAMILIAR,,,0,0,15xVenenum;12xTelum;9xPerditio;6xTenebrae;3xPraecantatio,,,,3,2
gadomancy,魔灵之影响,GADOMANCY.AURA_EFFECTS,GADOMANCY.AURA_PYLON,,,0,0,27xCognitio;24xAuram;21xPraecantatio;18xOrdo;15xIgnis;12xAer;9xAqua;6xTerra;3xPerditio,,,,1,10
gadomancy,tc.research_name.GADOMANCY.AURA.spiritus,GADOMANCY.AURA.spiritus,,,,0,0,<empty>,,,,0,0
gadomancy,tc.research_name.GADOMANCY.AURA.lux,GADOMANCY.AURA.lux,,,,0,0,<empty>,,,,0,0
gadomancy,tc.research_name.GADOMANCY.AURA.telum,GADOMANCY.AURA.telum,,,,0,0,<empty>,,,,0,0
gadomancy,虚空金属,GADOMANCY.PSEUDO.VOIDMETAL,,VOIDMETAL,,0,0,<empty>,,,,-8,-6
gadomancy,破坏行为,GADOMANCY.GROWING_ATTACK,GADOMANCY.GROWING,,,0,0,<empty>,,,,-6,1
gadomancy,魔灵核心,GADOMANCY.AURA_CORE,INFUSION;THAUMIUM,,,0,0,27xTenebrae;24xPraecantatio;21xAuram;18xPerditio;15xOrdo;12xAqua;9xAer;6xIgnis;3xTerra,,,,-1,6
gadomancy,银树傀儡,GADOMANCY.GOLEMSILVERWOOD,GADOMANCY.PSEUDO.GOLEMTALLOW,,,0,0,21xCognitio;18xMotus;15xArbor;12xPraecantatio;9xOrdo;6xCorpus;3xPermutatio,,,,1,-2
gadomancy,天域使魔,GADOMANCY.ETHEREAL_FAMILIAR,RUNICARMOR,,,0,0,18xTerra;15xPraecantatio;12xIgnis;9xAuram;6xAer;3xOrdo,,,,5,1
gadomancy,tc.research_name.GADOMANCY.AURA.perfodio,GADOMANCY.AURA.perfodio,,,,0,0,<empty>,,,,0,0
gadomancy,生长的秘密,GADOMANCY.GROWING_GROWTHCLUE,GADOMANCY.GROWING_AGGRESSION;GADOMANCY.GROWING_GROWTH;GADOMANCY.GROWING_ATTACK,,,2,1,10xAuram;15xPraecantatio;5xAlienis;12xVacuos;12xPotentia;8xPerditio;3xMortuus;10xLucrum;10xFames;12xMachina;12xTenebrae,,,,-4,3
gadomancy,tc.research_name.GADOMANCY.AURA.exanimis,GADOMANCY.AURA.exanimis,,,,0,0,<empty>,,,,0,0
gadomancy,魔灵法柱,GADOMANCY.AURA_PYLON,GADOMANCY.AURA_CORE;TUBEFILTER,,,0,0,18xAuram;15xOrdo;12xPraecantatio;9xMachina;6xAer;3xIgnis,1xitem.ItemAuraCore@2,,,0,9
gadomancy,tc.research_name.GADOMANCY.AURA.fabrico,GADOMANCY.AURA.fabrico,,,,0,0,<empty>,,,,0,0
gadomancy,tc.research_name.GADOMANCY.AURA.perditio,GADOMANCY.AURA.perditio,,,,0,0,<empty>,,,,0,0
gadomancy,使魔升级:衰微,GADOMANCY.FAMILIAR_WEAKNESS,GADOMANCY.ETHEREAL_FAMILIAR,,,0,0,15xVinculum;12xVitium;9xTelum;6xPraecantatio;3xTenebrae,,,,2,0
gadomancy,tc.research_name.GADOMANCY.AURA.cognitio,GADOMANCY.AURA.cognitio,,,,0,0,<empty>,,,,0,0
gadomancy,tc.research_name.GADOMANCY.AURA.vinculum,GADOMANCY.AURA.vinculum,,,,0,0,<empty>,,,,0,0
gadomancy,tc.research_name.GADOMANCY.AURA.bestia,GADOMANCY.AURA.bestia,,,,0,0,<empty>,,,,0,0
gadomancy,开眼仪式,GADOMANCY.PSEUDO.OCULUS,,OCULUS,,0,0,<empty>,,,,-11,-2
gadomancy,tc.research_name.GADOMANCY.AURA.potentia,GADOMANCY.AURA.potentia,,,,0,0,<empty>,,,,0,0
gadomancy,源质冷凝器,GADOMANCY.ESSENTIA_COMPRESSOR,GADOMANCY.AURA_CORE;GADOMANCY.PSEUDO.ESSENTIARESERVOIR,,,2,1,21xVacuos;18xPerditio;15xMachina;18xAqua;9xPraecantatio;3xPotentia,1xitem.ItemAuraCore@3,,,-4,7
gadomancy,tc.research_name.GADOMANCY.AURA.herba,GADOMANCY.AURA.herba,,,,0,0,<empty>,,,,0,0
gadomancy,tc.research_name.GADOMANCY.AURA.ignis,GADOMANCY.AURA.ignis,,,,0,0,<empty>,,,,0,0
gadomancy,生长行为,GADOMANCY.GROWING_GROWTH,GADOMANCY.GROWING,,,0,0,<empty>,,,,-7,2
gadomancy,tc.research_name.GADOMANCY.AURA.mortuus,GADOMANCY.AURA.mortuus,,,,0,0,<empty>,,,,0,0
gadomancy,奥法封包器,GADOMANCY.ARCANE_PACKAGER,GADOMANCY.AURA_CORE;WARDEDARCANA,,,0,0,18xMachina;15xAer;12xVacuos;9xPraecantatio;6xPotentia;3xArbor,1xitem.ItemAuraCore@1,,,2,7
gadomancy,自动注魔,GADOMANCY.INFUSIONCLAW,FOCUSPRIMAL;GADOMANCY.PSEUDO.VOIDMETAL;GADOMANCY.PSEUDO.WANDPED;COREUSE,,,0,0,21xAlienis;18xMachina;15xPraecantatio;12xOrdo;9xTenebrae;6xMotus;3xCognitio,,,,-6,-7
gadomancy,傀儡守护符文,GADOMANCY.GOLEMRUNICSHIELD,GADOMANCY.GOLEMSILVERWOOD,,,0,0,15xAuram;12xMotus;9xTutamen;6xPraecantatio;3xOrdo,,,,0,0
gadomancy,奥术风箱,GADOMANCY.PSEUDO.BELLOWS,,BELLOWS,,0,0,<empty>,,,,-2,-5
gadomancy,tc.research_name.GADOMANCY.AURA.iter,GADOMANCY.AURA.iter,,,,0,0,<empty>,,,,0,0
gadomancy,傀儡核心:守卫,GADOMANCY.PSEUDO.COREGUARD,,COREGUARD,,0,0,<empty>,,,,4,-5
gadomancy,虚弱力场发射器,GADOMANCY.BLOCK_PROTECTOR,GADOMANCY.STICKYJAR,,,0,0,21xCognitio;18xBestia;15xTerra;12xOrdo;9xAuram;6xLux;3xTutamen,,,,-6,-2
gadomancy,tc.research_name.GADOMANCY.AURA.vitium,GADOMANCY.AURA.vitium,,,,0,0,<empty>,,,,0,0
gadomancy,tc.research_name.GADOMANCY.AURA.sensus,GADOMANCY.AURA.sensus,,,,0,0,<empty>,,,,0,0
gadomancy,傀儡核心:护法,GADOMANCY.GOLEMCOREBODYGUARD,BOOTSTRAVELLER;ELEMENTALSWORD;GADOMANCY.PSEUDO.COREGUARD,,,0,0,18xInstrumentum;15xOrdo;12xMachina;9xTelum;6xTutamen;3xAuram,,,,5,-3
gadomancy,注魔法附魔,GADOMANCY.PSEUDO.INFUSIONENCHANTMENT,,INFUSIONENCHANTMENT,,0,0,<empty>,,,,-1,2
gadomancy,tc.research_name.GADOMANCY.AURA.pannus,GADOMANCY.AURA.pannus,,,,0,0,<empty>,,,,0,0
gadomancy,tc.research_name.GADOMANCY.AURA.volatus,GADOMANCY.AURA.volatus,,,,0,0,<empty>,,,,0,0
gadomancy,tc.research_name.GADOMANCY.AURA.humanus,GADOMANCY.AURA.humanus,,,,0,0,<empty>,,,,0,0
gadomancy,tc.research_name.GADOMANCY.AURA.victus,GADOMANCY.AURA.victus,,,,0,0,<empty>,,,,0,0
gadomancy,tc.research_name.GADOMANCY.AURA.aer,GADOMANCY.AURA.aer,,,,0,0,<empty>,,,,0,0
gadomancy,tc.research_name.GADOMANCY.AURA.ordo,GADOMANCY.AURA.ordo,,,,0,0,<empty>,,,,0,0
gadomancy,神秘视觉,GADOMANCY.REVEALER,GADOMANCY.PSEUDO.INFUSIONENCHANTMENT;GOGGLES,,,0,0,15xAer;12xSensus;9xPraecantatio;6xAlienis;3xCognitio,,,,1,3
gadomancy,tc.research_name.GADOMANCY.AURA.limus,GADOMANCY.AURA.limus,,,,0,0,<empty>,,,,0,0
gadomancy,侵略行为,GADOMANCY.GROWING_AGGRESSION,GADOMANCY.GROWING,,,0,0,<empty>,,,,-5,0
gadomancy,镜像罐子,GADOMANCY.REMOTEJAR,GADOMANCY.PSEUDO.JARLABEL;MIRRORESSENTIA,,,0,0,15xMachina;12xOrdo;9xAqua;6xTerra;3xAlienis,,,,-4,-3
gadomancy,tc.research_name.GADOMANCY.AURA.tutamen,GADOMANCY.AURA.tutamen,,,,0,0,<empty>,,,,0,0
gadomancy,节点操纵,GADOMANCY.NODE_MANIPULATOR,GADOMANCY.PSEUDO.VOIDMETAL;WANDPEDFOC;PAVEWARD;GADOMANCY.PSEUDO.WANDPED,,,2,2,27xNebrisum;24xAlienis;21xVacuos;18xPraecantatio;15xAuram;12xLucrum;9xMachina;6xTenebrae;3xPermutatio,,,,-9,-4
gadomancy,tc.research_name.GADOMANCY.AURA.aqua,GADOMANCY.AURA.aqua,,,,0,0,<empty>,,,,0,0
gadomancy,使魔升级:天雷冲击,GADOMANCY.FAMILIAR_SHOCK,GADOMANCY.ETHEREAL_FAMILIAR,,,0,0,15xAer;12xTempestas;9xTelum;6xPraecantatio;3xTenebrae,,,,4,-1
gadomancy,使魔升级:闪耀灼烧,GADOMANCY.FAMILIAR_FIRE,GADOMANCY.ETHEREAL_FAMILIAR,,,0,0,15xIgnis;12xInfernus;9xTelum;6xPraecantatio;3xTenebrae,,,,6,-1
gadomancy,油脂傀儡,GADOMANCY.PSEUDO.GOLEMTALLOW,,GOLEMTALLOW,,0,0,<empty>,,,,0,-5
gadomancy,使魔升级:弧光强化,GADOMANCY.FAMILIAR_DAMAGE,GADOMANCY.ETHEREAL_FAMILIAR;VOIDMETAL,,,0,0,15xPotentia;12xIgnis;9xTelum;6xPraecantatio;3xTenebrae,,,,8,2
gadomancy,tc.research_name.GADOMANCY.AURA.instrumentum,GADOMANCY.AURA.instrumentum,,,,0,0,<empty>,,,,0,0
TM,元始之刃,PrimalBladeGTNH,CreationShardGTNH;VOIDMETAL;PRIMALCRUSHER,EvilshardsGTNH;CrystalDaggerGTNH,,5,5,24xPraecantatio;21xAlienis;18xTelum;15xTenebrae;12xVacuos;9xAuram;6xPotentia;3xCognitio,,,,11,-5
TM,暗影要塞之刃,ShadowMetalKatanaGTNH,VoidMetalKatanaGTNH,ShadowmetalGTNH,,5,4,24xTenebrae;21xMetallum;18xTelum;15xVacuos;12xPraecantatio;9xMotus;6xPotentia;3xMortuus,,,,8,-1
TM,虚空要塞之刃,VoidMetalKatanaGTNH,ThaumiumKatanaGTNH,VOIDMETAL,,3,3,21xMetallum;18xTelum;15xVacuos;12xPraecantatio;9xMotus;6xPotentia;3xMortuus,,,,7,0
TM,魔力布匹杖端,CAP_cloth,CAP_gold;ENCHFABRIC,,,1,1,12xPraecantatio;9xPannus;6xSano;3xAlienis,,,,7,5
TM,魔法纤毛菇,MagicFunguarGTNH,TAINTEDMAGIC,,,1,1,15xGula;12xFames;9xLucrum;6xPraecantatio;3xHerba,,,,3,-2
TM,虚空旅行者之靴,VoidWalkerBootsGTNH,TMELDRITCHMAJOR;BOOTSTRAVELLER,TAINTEDMAGIC;ShadowmetalGTNH,,2,2,21xTenebrae;18xTutamen;15xAlienis;12xPraecantatio;9xIter;6xAer;3xVolatus,,,,4,-8
TM,法杖核心：腐化风暴,TaintFocusGTNH,EvilshardsGTNH;BOTTLETAINT;TAINTSHOVEL,,,2,2,18xVitium;15xAqua;12xLimus;9xAer;6xPraecantatio;3xPotentia,,,,5,2
TM,腐化铭刻,INSCRIPTIONTAINT,ThaumiumKatanaGTNH,INFUSION,,2,1,15xVitium;12xMetallum;9xCorpus;6xPraecantatio;3xPotentia,,,,9,2
TM,创世碎片,CreationShardGTNH,TMELDRITCHMAJOR;PRIMPEARL,,,5,5,21xAer;21xAqua;21xIgnis;21xTerra;21xOrdo;21xPerditio,,,,8,-5
TM,法杖核心:魔力碎片,FocusShardGTNH,EvilshardsGTNH;FOCUSFIRE,,,1,1,18xMotus;15xVitreus;12xPraecantatio;9xAer;6xPerditio;3xOrdo,,,,3,1
TM,法杖核心:时间,FocusTimeGTNH,CreationShardGTNH;FOCUSPORTABLEHOLE;FOCUSFIRE,,,5,5,27xTempus;24xPraecantatio;21xAqua;18xIgnis;15xTerra;12xOrdo;9xPerditio;6xAer;3xPermutatio,,,,11,-8
TM,血腥仿制,KnightRobesGTNH,ELDRITCHMINOR;CrimsonRobesGTNH,,,2,2,21xPannus;18xPermutatio;15xTutamen;12xAlienis;9xTenebrae;6xPraecantatio;3xMetallum,,,,-4,-4
TM,扭曲之木,WarpTreeGTNH,EvilshardsGTNH,ShadowmetalGTNH,,2,1,18xAlienis;15xTenebrae;12xVitium;9xArbor;6xPraecantatio;3xHerba,,,,6,-1
TM,暗影金属,ShadowmetalGTNH,TAINTEDMAGIC,,,1,1,12xMetallum;9xPraecantatio;6xTenebrae;3xPotentia,,,,0,1
TM,法杖核心:邪术,EldritchFocusGTNH,CreationShardGTNH;FOCUSPORTABLEHOLE,ShadowmetalGTNH;EvilshardsGTNH,,2,2,18xAlienis;15xPerditio;12xAer;9xTenebrae;6xPotentia;3xIra,,,,8,-4
TM,瓶装虚空血液,VoidsentGTNH,PraetorarmorGTNH,,,1,1,33xTenebrae;18xTutamen;15xVacuos;9xAuram;6xPraecantatio;3xAlienis,,,,-7,-5
TM,五阶升级:嗜血,BLOODLUSTUPGRADE,CrystalDaggerGTNH,FOCALMANIPULATION,,1,1,15xAqua;12xSano;9xTelum;6xPraecantatio;3xIra,,,,1,-4
TM,虚空要塞套装,VoidFortressGTNH,TMELDRITCHMAJOR;VOIDMETAL;ARMORFORTRESS,ShadowmetalGTNH,,3,2,21xTutamen;18xVacuos;15xAlienis;12xTenebrae;9xVictus;6xCognitio;3xTerra,,,,7,-8
TM,虚空旅行者符文护盾腰带,VoidSashGTNH,VoidWalkerBootsGTNH;RUNICARMOR;VOIDMETAL,TAINTEDMAGIC;ShadowmetalGTNH,,2,2,24xMetallum;21xVacuos;18xTutamen;15xPraecantatio;12xAlienis;9xTenebrae;6xIter;3xAer,,,,3,-8
TM,火焰铭刻,INSCRIPTIONFIRE,ThaumiumKatanaGTNH,INFUSION;FOCUSFIRE,,1,1,15xIgnis;12xMetallum;9xLux;6xPraecantatio;3xPotentia,,,,9,1
TM,暗影揭示之护目镜,WarpedGogglesGTNH,ShadowmetalGTNH;GOGGLES,EvilshardsGTNH,,1,1,15xTutamen;12xAlienis;9xTenebrae;6xSensus;3xAer,,,,2,3
TM,血腥主教套装,PraetorarmorGTNH,KnightRobesGTNH,,,3,2,24xPannus;21xPermutatio;18xTutamen;15xAlienis;12xTenebrae;9xPraecantatio;6xMetallum;3xPotentia,,,,-6,-4
TM,法杖核心：腐化激波,FocusTaintedBlastGTNH,TaintFocusGTNH;FOCUSFIRE;ELDRITCHMINOR;FOCUSSHOCK,,,3,3,21xPraecantatio;18xVitium;18xMotus;12xAer;9xPerditio;6xTelum,,,,5,3
TM,暗影要塞套装,ShadowFortressArmorGTNH,VoidFortressGTNH,ShadowmetalGTNH,,5,5,24xTutamen;21xVacuos;18xAlienis;15xTenebrae;12xVictus;9xCognitio;6xTerra;3xSuperbia,,,,8,-9
TM,血腥之刃,CrimsonBladeGTNH,PraetorarmorGTNH,,,3,2,18xPerditio;15xTelum;12xVacuos;9xTenebrae;6xMetallum;3xPotentia,,,,-7,-3
TM,凋零铭刻,INSCRIPTIONUNDEAD,ThaumiumKatanaGTNH,INFUSION;BATHSALTS,,2,2,15xSano;12xMetallum;9xExanimis;6xPraecantatio;3xPotentia,,,,8,3
TM,法杖核心:法师之锤,MaceFocusGTNH,ShadowmetalGTNH;FOCUSFIRE,TAINTEDMAGIC,,1,1,18xPerditio;15xTerra;12xPraecantatio;9xTelum;6xMetallum;3xCognitio,,,,0,4
TM,奥术分解机,ThaumicdisassemblerGTNH,TMELDRITCHMAJOR;VOIDMETAL,,,2,2,18xTelum;15xMetallum;12xInstrumentum;9xPraecantatio;6xAlienis;3xVitium,,,,5,-6
TM,扭曲之木杖芯,ROD_warpwood_staff,ROD_warpwood,,,3,2,18xArbor;15xTenebrae;12xAlienis;9xPraecantatio;6xPotentia;3xInstrumentum,,,,9,-2
TM,法杖核心:天气,FocusWeatherGTNH,CreationShardGTNH;FOCUSSHOCK;FOCUSFROST,,,5,5,27xVolatus;24xPraecantatio;21xAqua;18xIgnis;15xTerra;12xOrdo;9xPerditio;6xAer;3xTempestas,,,,12,-7
TM,黑暗魔法,TAINTEDMAGIC,,,,0,0,<empty>,,,,2,-1
TM,结晶血液,CrystalDaggerGTNH,TAINTEDMAGIC;ENCHFABRIC;ESSENTIACRYSTAL;VOIDMETAL,ShadowmetalGTNH,,2,1,18xTelum;15xIgnis;12xSano;9xFames;6xInfernus;3xLucrum,,,,0,-3
TM,不平衡碎片,EvilshardsGTNH,TAINTEDMAGIC,,,1,1,15xInfernus;12xVitreus;9xPraecantatio;6xTenebrae;3xAlienis,,,,4,0
TM,血腥工艺,CrimsonRobesGTNH,CrystalDaggerGTNH;VOIDMETAL,TAINTEDMAGIC;ShadowClothGTNH,,1,1,18xPannus;15xPermutatio;12xTutamen;9xAlienis;6xTenebrae;3xPraecantatio,,,,-2,-5
TM,邪术启示录,TMELDRITCHMAJOR,,,,0,0,<empty>,,,,6,-7
TM,虚空暗影揭示之护目镜,VoidgogglesGTNH,WarpedGogglesGTNH;VOIDMETAL,,,3,2,21xSensus;18xVacuos;15xPraecantatio;12xTenebrae;9xVitreus;6xAlienis;3xMetallum,,,,3,5
TM,暗影布匹杖端,CAP_shadowcloth,CAP_thaumium;ShadowClothGTNH,,,1,1,18xPraecantatio;15xPannus;12xTenebrae;9xVacuos;6xMetallum;3xAlienis,,,,-2,3
TM,神秘要塞之刃,ThaumiumKatanaGTNH,ARMORFORTRESS,ShadowmetalGTNH,,2,1,18xMetallum;15xTelum;12xPraecantatio;9xMotus;6xPotentia;3xMortuus,,,,7,1
TM,创世,CREATION,,,,3,2,4xPraecantatio,,,,10,-6
TM,扭曲之木杖柄,ROD_warpwood,WarpTreeGTNH;VOIDMETAL;VOIDMETAL;PRIMPEARL;ROD_primal_staff,ShadowmetalGTNH,,2,1,18xArbor;15xTenebrae;12xAlienis;9xPraecantatio;6xInstrumentum;3xTerra,,,,8,-2
TM,暗影布匹,ShadowClothGTNH,ShadowmetalGTNH;ENCHFABRIC,,,1,1,15xPannus;12xTenebrae;9xPraecantatio;6xAer;3xTutamen,,,,-1,2
TM,血腥布匹杖端,CAP_crimsoncloth,CrimsonRobesGTNH,CAP_cloth,,2,2,18xTenebrae;15xPraecantatio;12xPannus;9xSano;6xAqua;3xAlienis,,,,-1,-6
TM,暗影杖端,CAP_shadowmetal,CAP_shadowcloth;CAP_void;PRIMPEARL,,,4,4,21xMetallum;18xTenebrae;15xPraecantatio;12xAlienis;9xTerra;6xLucrum;3xCognitio,,,,-4,4
THAUMICBASES,注魔,TB.INFUSION,,,,0,0,<empty>,,,,0,-3
THAUMICBASES,银树杖柄,TB.ROD_silverwood,,,,0,0,<empty>,,,,-12,6
THAUMICBASES,扩展奥术悬浮台,TB.Relocator,TB.LEVITATOR,,,0,0,4xMotus;4xAer;4xVacuos,,,,6,7
THAUMICBASES,神秘炼金炉,TB.AdvAlc,TB.THAUMIUM;TB.DISTILESSENTIA;TB.BELLOWS,,,0,0,16xMotus;16xAer;8xIgnis;4xFabrico,,,,8,2
THAUMICBASES,神秘铁砧,TB.ThaumicAnvil,TB.THAUMIUM,,,1,1,4xMetallum;3xFabrico,,,,10,2
THAUMICBASES,附魔:蒸发,TB.Vaporising,TB.INFUSIONENCHANTMENT,,,0,0,8xPraecantatio;8xVitreus;8xVinculum,,,,-3,7
THAUMICBASES,矿工烟草,TB.Tobacco.Mining,TB.Tobacco,,,0,0,4xPerfodio;4xMotus,,,,8,-7
THAUMICBASES,纤化麦,TB.Plax,TB.BasicPlants,,,0,0,1xMessis;1xPannus,,,,-11,-2
THAUMICBASES,节点调节核心:湮灭,TB.NodeFoci.Destr,TB.NodeMan,,,1,1,8xAuram;8xMortuus;8xVacuos,,,,2,-10
THAUMICBASES,节点连接,TB.NodeLinker,TB.VISPOWER,,,0,0,8xMachina;8xAuram;16xIter;8xPraecantatio,,,,5,-6
THAUMICBASES,初等炼金复制,TB.SimpleDublication,TB.CRUCIBLE,,,0,0,6xPermutatio;6xOrdo,,,,3,5
THAUMICBASES,高级节点稳定器,TB.NODESTABILIZERADV,,,,0,0,<empty>,,,,-2,-7
THAUMICBASES,神秘玫瑰,TB.Knose,TB.Aurelia,TB.CrystalBlocks,,0,0,6xVictus;6xCognitio;6xTerra,,,,-10,2
THAUMICBASES,秘晶杖端,CAP_thauminite,TB.Thauminite,,,1,1,4xMetallum;3xPraecantatio;4xAuram,,,,5,0
THAUMICBASES,虚空金属砧,TB.VoidAnvil,TB.VOIDMETAL;TB.ThaumicAnvil,,,2,2,4xMetallum;3xFabrico;4xInstrumentum;4xAlienis,,,,13,2
THAUMICBASES,精灵烟草,TB.Tobacco.Wispy,TB.Tobacco,TB.INFUSION,,0,0,4xAuram;4xPraecantatio,,,,15,-9
THAUMICBASES,甘蔗手镯,TB.Bracelet.Reed,TB.ROD_reed,TB.Bracelet.Greatwood,,0,0,3xAer;3xPraecantatio;3xFabrico;3xAuram;3xPermutatio,,,,-19,6
THAUMICBASES,宏伟之木手镯,TB.Bracelet.Greatwood,TB.Bracelet.Gold;TB.ROD_greatwood,,,0,0,3xArbor;3xPraecantatio;3xPotentia,,,,-10,8
THAUMICBASES,奥术营火,TB.Campfire,,,,0,0,3xIgnis;3xCognitio;3xPerditio,,,,9,5
THAUMICBASES,烈焰杖柄,TB.ROD_blaze,,,,0,0,<empty>,,,,-15,5
THAUMICBASES,秘晶锭,TB.Thauminite,TB.THAUMIUM,,,0,0,4xMetallum;3xPraecantatio;8xVitreus;2xFabrico,,,,6,-1
THAUMICBASES,法杖核心:蒸发,TB.Foci.Drain,TB.INFUSION,FOCUSEXCAVATION;JARVOID,,0,0,6xAqua;3xVacuos,,,,-3,-2
THAUMICBASES,装饰方块,TB.DecoBlocks,,,,0,0,<empty>,,,,0,2
THAUMICBASES,左轮枪升级:颠覆,TB.Revolver.Eldritch,TB.Revolver,,,1,1,8xAlienis;8xVacuos,,,,-13,-7
THAUMICBASES,节点调节核心:明亮,TB.NodeFoci.Bright,TB.NodeMan;TB.PRIMPEARL,,,0,0,8xAuram;8xLux,,,,0,-11
THAUMICBASES,法杖核心:经验,TB.Foci.Experience,TB.INFUSION,FOCUSEXCAVATION,,0,0,16xLucrum;16xFames;2xPerfodio;8xCognitio,,,,-2,-5
THAUMICBASES,黑曜石手镯,TB.Bracelet.Obsidian,TB.ROD_obsidian,TB.Bracelet.Greatwood,,0,0,3xTerra;3xPraecantatio;3xFabrico;3xAuram;3xPermutatio,,,,-19,10
THAUMICBASES,节点调节器,TB.NodeMan,TB.INFUSION;TB.NODESTABILIZERADV;TB.VISPOWER,,,1,1,8xMachina;8xAuram;16xPotentia;8xPraecantatio,,,,0,-8
THAUMICBASES,魔力布匹,TB.ENCHFABRIC,,,,0,0,<empty>,,,,8,-3
THAUMICBASES,腐化烟草,TB.Tobacco.Tainted,TB.Tobacco,,,2,1,4xCognitio;4xVitium,,,,15,-8
THAUMICBASES,银树手镯,TB.Bracelet.Silverwood,TB.Bracelet.Greatwood;TB.ROD_silverwood,,,0,0,3xOrdo;3xPraecantatio;3xArbor;3xAuram;3xPermutatio,,,,-12,8
THAUMICBASES,左轮枪升级:威力,TB.Revolver.Power,TB.Revolver,,,0,0,8xTelum;8xMachina,,,,-16,-10
THAUMICBASES,左轮枪升级:效率,TB.Revolver.Efficiency,TB.Revolver,,,0,0,8xOrdo;8xPermutatio,,,,-19,-8
THAUMICBASES,左轮枪升级:始源,TB.Revolver.Primal,TB.Revolver,,,2,2,8xTelum;8xAuram;16xAer;16xAqua;16xTerra;16xIgnis;16xOrdo;16xPerditio,,,,-15,-5
THAUMICBASES,红石瓜,TB.Redlon,TB.Metalleat,,,0,0,6xVictus;6xMachina;6xPotentia;6xMessis;6xOrdo;8xLucrum,,,,-10,-6
THAUMICBASES,白骨杖柄,TB.ROD_bone,,,,0,0,<empty>,,,,-15,11
THAUMICBASES,左轮枪升级:睿智,TB.Revolver.Knowledge,TB.Revolver,,,0,0,8xCognitio;8xPraecantatio,,,,-18,-10
THAUMICBASES,彩虹仙人掌,TB.RainbowCacti,TB.Metalleat,,,0,0,6xVictus;6xPraecantatio;6xPermutatio;6xMessis;6xPerditio;8xSensus,,,,-11,-6
THAUMICBASES,左轮枪升级:腐化,TB.Revolver.Tainted,TB.Revolver,,,2,1,8xVitium;8xPraecantatio,,,,-18,-4
THAUMICBASES,元始珍珠,TB.PRIMPEARL,,,,0,0,<empty>,,,,0,-13
THAUMICBASES,左轮枪升级:速度,TB.Revolver.Speed,TB.Revolver,,,0,0,8xMotus;8xAer,,,,-19,-9
THAUMICBASES,铁钉,TB.Spike.Iron,TB.ENCHFABRIC,,,0,0,6xTelum;6xFames;6xMetallum,,,,10,-3
THAUMICBASES,地狱树,TB.NetherSapling,TB.GoldenOak,,,0,0,8xArbor;8xIgnis;8xInfernus,,,,-17,0
THAUMICBASES,左轮枪升级:穿刺,TB.Revolver.Piercing,TB.Revolver,,,0,0,8xTelum;8xAer,,,,-17,-10
THAUMICBASES,始源手镯,TB.Bracelet.Primal,TB.ROD_primal_staff;TB.Bracelet.Bone;TB.Bracelet.Quartz;TB.Bracelet.Ice;TB.Bracelet.Obsidian;TB.Bracelet.Blaze;TB.Bracelet.Reed;TB.Bracelet.Silverwood,,,2,2,6xAer;6xAqua;6xTerra;6xIgnis;6xOrdo;6xPerditio;12xPraecantatio;12xAlienis,,,,-17,8
THAUMICBASES,左轮枪升级:银弹,TB.Revolver.Silver,TB.Revolver,,,0,0,8xMortuus;8xExanimis,,,,-13,-9
THAUMICBASES,寒冰手镯,TB.Bracelet.Ice,TB.ROD_ice,TB.Bracelet.Greatwood,,0,0,3xAqua;3xPraecantatio;3xFabrico;3xAuram;3xPermutatio,,,,-17,6
THAUMICBASES,尖叫黑曜石,TB.CryingObs,TB.INFUSION,,,1,1,8xIter;8xVictus;8xSpiritus,,,,3,-4
THAUMICBASES,虚空植物种子,TB.VoidSeed,TB.VOIDMETAL,,,3,2,6xVictus;6xAlienis;6xTenebrae,,,,16,3
THAUMICBASES,神秘杖柄,ROD_tbthaumium,TB.THAUMIUM,,,0,0,4xMetallum;3xPraecantatio;4xAuram;2xFabrico;6xHumanus,,,,10,-1
THAUMICBASES,注魔法附魔,TB.INFUSIONENCHANTMENT,,,,0,0,<empty>,,,,0,8
THAUMICBASES,坩埚,TB.CRUCIBLE,,,,0,0,<empty>,,,,0,3
THAUMICBASES,黑曜石杖柄,TB.ROD_obsidian,,,,0,0,<empty>,,,,-19,11
THAUMICBASES,银树烟斗,TB.SilverwoodPipe,TB.Tobacco,TB.INFUSION,,0,0,8xOrdo;8xSano;8xAuram,,,,13,-9
THAUMICBASES,浓缩腐化瓶,TB.TaintFlask,TB.INFUSION,BOTTLETAINT,,3,2,10xVitium;15xAlienis;8xPerditio;12xPermutatio,,,,1,-1
THAUMICBASES,世界盐复制,TB.SM,TB.CRUCIBLE;TB.Quicksilver;TB.Amber,,,0,0,4xAer;4xAqua;4xTerra;4xIgnis;4xOrdo;4xPerditio,,,,3,3
THAUMICBASES,元始杖芯,TB.ROD_primal_staff,,,,0,0,<empty>,,,,-19,8
THAUMICBASES,始源蘑菇,TB.Ashroom,TB.Aurelia,,,0,0,6xVictus;6xPerditio;6xAuram;6xAer;4xMessis,,,,-9,2
THAUMICBASES,水银制造,TB.Quicksilver,TB.CRUCIBLE,,,0,0,6xArbor;6xOrdo,,,,3,2
THAUMICBASES,奥术军械库,TB.Revolver,,TB.INFUSION,,0,0,5xTelum;5xIgnis;4xVacuos;2xInstrumentum;2xPotentia,,,,-16,-7
THAUMICBASES,左轮枪升级:重装,TB.Revolver.Heavy,TB.Revolver,,,0,0,8xTelum;8xMetallum,,,,-19,-6
THAUMICBASES,左轮枪升级:决斗,TB.Revolver.Dueling,TB.Revolver,,,0,0,8xMortuus;8xHumanus,,,,-15,-10
THAUMICBASES,实体解构器升级,TB.EntityDecAdv,TB.EntityDec,,,0,0,8xCognitio;8xMortuus,,,,5,-3
THAUMICBASES,神秘手镯,TB.Bracelet.Thaumium,TB.Bracelet.Greatwood,TB.THAUMIUM;CAP_thauminite,,0,0,3xMetallum;3xPraecantatio;3xPotentia;3xAuram,,,,-10,11
THAUMICBASES,左轮枪升级:虚空,TB.Revolver.Void,TB.Revolver,,,1,1,8xVacuos;8xMetallum,,,,-19,-5
THAUMICBASES,节点调节核心:稳定,TB.NodeFoci.Stability,TB.NodeMan,,,0,0,8xAuram;8xOrdo;8xPermutatio,,,,1,-11
THAUMICBASES,混沌分解,TB.StrongEntropy,TB.AdvancedEntropy,,,0,0,2xPerditio;2xTelum,,,,-1,1
THAUMICBASES,宏伟之木杖柄,TB.ROD_greatwood,,,,0,0,<empty>,,,,-10,6
THAUMICBASES,节点调节核心:不稳定,TB.NodeFoci.Unstable,TB.NodeMan,,,0,0,8xAuram;8xPerditio;8xVacuos,,,,-2,-10
THAUMICBASES,源质蒸馏,TB.DISTILESSENTIA,,,,0,0,<empty>,,,,6,2
THAUMICBASES,和平树,TB.PeacefulSapling,TB.GoldenOak,,,0,0,8xVictus;8xSano;8xArbor,,,,-18,-1
THAUMICBASES,虚空钉,TB.Spike.Void,TB.Spike.Thaumic,TB.VOIDMETAL,,2,1,6xTelum;6xAlienis;6xTutamen,,,,15,-2
THAUMICBASES,附魔:魔法之触,TB.MagicTouch,TB.INFUSIONENCHANTMENT,,,0,0,8xPraecantatio;8xAuram;8xTelum,,,,-1,6
THAUMICBASES,咒波花,TB.Flaxium,TB.Aurelia,,,1,1,6xVictus;6xPerditio;6xAuram;6xPraecantatio,,,,-11,2
THAUMICBASES,青金草,TB.Lazullia,TB.Metalleat,,,0,0,6xVictus;6xPraecantatio;6xLucrum;6xVitreus;6xHerba;8xSensus,,,,-8,-5
THAUMICBASES,石英杖柄,TB.ROD_quartz,,,,0,0,<empty>,,,,-17,11
THAUMICBASES,虚空手镯,TB.Bracelet.Void,TB.Bracelet.Silverwood,TB.VOIDMETAL,,1,1,3xVacuos;3xPraecantatio;3xAlienis;3xAuram;3xPermutatio,,,,-12,11
THAUMICBASES,节点调节核心:饕餮,TB.NodeFoci.Hunger,TB.NodeMan,,,0,0,8xAuram;16xFames;16xPotentia,,,,4,-9
THAUMICBASES,炼金复原,TB.AlchemyRestoration,TB.CRUCIBLE,,,0,0,3xOrdo;3xPraecantatio;3xFabrico,,,,-3,4
THAUMICBASES,附魔:异域杀手,TB.EldritchBane,TB.INFUSIONENCHANTMENT,,,0,0,8xMortuus;8xAlienis;8xTelum,,,,-1,10
THAUMICBASES,魔法雪茄,TB.Tobacco,,TB.Plax,,0,0,4xMessis;4xMeto;4xHumanus;4xCognitio,,,,11,-7
THAUMICBASES,饱食烟草,TB.Tobacco.Saturating,TB.Tobacco,,,0,0,4xCorpus;4xFames,,,,10,-9
THAUMICBASES,金属草,TB.Metalleat,TB.BasicPlants,,,0,0,6xVictus;6xPraecantatio;6xMetallum;6xPermutatio,,,,-10,-4
THAUMICBASES,节点调节核心:污染,TB.NodeFoci.Taint,TB.NodeMan,,,2,1,8xAuram;16xVitium;8xPotentia,,,,3,-10
THAUMICBASES,左轮枪升级:精准,TB.Revolver.Accuracy,TB.Revolver,,,0,0,8xOrdo;8xMachina;4xSensus,,,,-19,-7
THAUMICBASES,左轮枪升级:节肢杀手,TB.Revolver.Atropods,TB.Revolver,,,0,0,8xMortuus;8xBestia;4xPannus,,,,-14,-10
THAUMICBASES,节点调节核心:纯净,TB.NodeFoci.Purity,TB.NodeMan,,,0,0,8xAuram;8xVictus;8xOrdo,,,,-1,-11
THAUMICBASES,炼金草,TB.Lucrite,TB.Metalleat,TB.SMB,,1,1,6xLucrum;6xPraecantatio;6xHerba;6xFames,,,,-9,-6
THAUMICBASES,神秘自然,TB.BasicPlants,,TB.CRUCIBLE,,0,0,2xMessis;2xHerba,,,,-8,-2
THAUMICBASES,附魔：腐化,TB.Tainted,TB.INFUSIONENCHANTMENT,,,2,1,16xVitium,,,,-3,9
THAUMICBASES,奥术悬浮台,TB.LEVITATOR,,,,0,0,<empty>,,,,6,5
THAUMICBASES,法杖核心:咒波净化,TB.Foci.Flux,TB.INFUSION,JARVOID;FLUXSCRUB,,0,0,4xAqua;4xOrdo;4xVacuos,,,,-2,-1
THAUMICBASES,超吟附魔台,TB.Overchanter,TB.INFUSION,,,0,0,8xAer;8xAqua;8xTerra;8xIgnis;8xOrdo;8xPerditio;8xCognitio;8xPraecantatio,,,,-5,-3
THAUMICBASES,掌控魔力,TB.VISPOWER,,,,0,0,<empty>,,,,2,-7
THAUMICBASES,高等混沌过程,TB.AdvancedEntropy,TB.CRUCIBLE,,,0,0,3xPerditio;3xPraecantatio;3xFabrico,,,,-3,2
THAUMICBASES,世界盐块,TB.SMB,TB.SM,,,0,0,6xAer;6xAqua;6xTerra;6xIgnis;6xOrdo;6xPerditio;2xFabrico,,,,4,3
THAUMICBASES,奥术风箱,TB.BELLOWS,,,,0,0,<empty>,,,,6,3
THAUMICBASES,虚空金属,TB.VOIDMETAL,,,,0,0,<empty>,,,,15,1
THAUMICBASES,混沌过程精通,TB.MasterEntropy,TB.AdvancedEntropy,,,0,0,8xPerditio;4xPraecantatio;2xLucrum,,,,-5,1
THAUMICBASES,奥术火盆,TB.Brazier,TB.Campfire,,,0,0,3xIgnis;3xCognitio;3xPerditio;3xPraecantatio;3xMotus,,,,9,7
THAUMICBASES,金手镯,TB.Bracelet.Gold,TB.Bracelet.Iron;TB.CAP_gold,,,0,0,3xMetallum;3xPraecantatio;3xLucrum,,,,-8,8
THAUMICBASES,邪术烟草,TB.Tobacco.Eldritch,TB.Tobacco,TB.INFUSION,,1,1,4xMortuus;4xAlienis,,,,14,-7
THAUMICBASES,节点调节核心:效率,TB.NodeFoci.Efficiency,TB.NodeMan,,,0,0,8xAuram;8xPraecantatio;8xPotentia,,,,-4,-8
THAUMICBASES,晶簇块,TB.CrystalBlocks,TB.AlchemyRestoration,,,0,0,8xAer;8xAqua;8xTerra;8xIgnis;8xOrdo;8xPerditio,,,,-4,5
THAUMICBASES,烈焰手镯,TB.Bracelet.Blaze,TB.ROD_blaze,TB.Bracelet.Greatwood,,0,0,3xIgnis;3xPraecantatio;3xFabrico;3xAuram;3xPermutatio,,,,-15,6
THAUMICBASES,实体解构器,TB.EntityDec,TB.INFUSION,,,1,1,8xCognitio;8xMortuus;8xSpiritus,,,,3,-2
THAUMICBASES,琥珀制造,TB.Amber,TB.CRUCIBLE,,,0,0,6xVinculum;6xOrdo,,,,3,4
THAUMICBASES,石英手镯,TB.Bracelet.Quartz,TB.ROD_quartz,TB.Bracelet.Greatwood,,0,0,3xOrdo;3xPraecantatio;3xFabrico;3xAuram;3xPermutatio,,,,-17,10
THAUMICBASES,白骨手镯,TB.Bracelet.Bone,TB.ROD_bone,TB.Bracelet.Greatwood,,1,1,3xPerditio;3xPraecantatio;3xFabrico;3xAuram;3xPermutatio,,,,-15,10
THAUMICBASES,奥术手镯,TB.Bracelet.Iron,,,,0,0,3xMetallum;3xPraecantatio,,,,-6,7
THAUMICBASES,甘蔗杖柄,TB.ROD_reed,,,,0,0,<empty>,,,,-19,5
THAUMICBASES,心净烟草,TB.Tobacco.Sanity,TB.Tobacco,,,0,0,4xOrdo;4xCognitio,,,,9,-8
THAUMICBASES,末影树,TB.EnderSapling,TB.GoldenOak,,,0,0,8xArbor;8xAlienis;8xVacuos,,,,-17,-2
THAUMICBASES,附魔:睿智,TB.ElderKnowledge,TB.INFUSIONENCHANTMENT,,,0,0,8xPraecantatio;8xCognitio;8xTelum,,,,-2,8
THAUMICBASES,血腥神秘使法袍,TB.BloodyRobes,TB.Spike.Iron,,,2,1,6xFames;6xCorpus;6xTutamen,,,,12,-4
THAUMICBASES,法杖核心:激活,TB.Foci.Activation,TB.INFUSION,MIRRORHAND,,0,0,4xIter;4xMotus;4xSensus,,,,-3,-4
THAUMICBASES,荧光花,TB.Glieonia,TB.Aurelia,,,0,0,6xVictus;6xLux;6xSensus;6xIgnis;4xHerba,,,,-12,1
THAUMICBASES,节点调节核心:凶险,TB.NodeFoci.Sinister,TB.NodeMan,,,0,0,8xAuram;8xExanimis;8xPerditio,,,,-3,-10
THAUMICBASES,金杖端,TB.CAP_gold,,,,0,0,<empty>,,,,-8,10
THAUMICBASES,炼金回溯,TB.Backprocessing,TB.AlchemyRestoration;TB.AdvancedEntropy,,,0,0,8xOrdo;8xPermutatio;8xFabrico,,,,-6,3
THAUMICBASES,灵气花,TB.Aurelia,TB.BasicPlants,,,1,1,6xVictus;6xPraecantatio;6xAuram,,,,-10,0
THAUMICBASES,愤怒烟草,TB.Tobacco.Angry,TB.Tobacco,,,0,0,4xTelum;4xFames,,,,11,-9
THAUMICBASES,寒霜杖柄,TB.ROD_ice,,,,0,0,<empty>,,,,-17,5
THAUMICBASES,魔力熔岩,TB.Pyrofluid,TB.CRUCIBLE,,,0,0,16xIgnis;6xPraecantatio;8xAlienis;6xLucrum,,,,1,6
THAUMICBASES,虚空杖柄,ROD_tbvoid,ROD_tbthaumium;TB.VOIDMETAL,,,2,2,4xAlienis;3xPraecantatio;4xAuram;2xVacuos;6xCognitio,,,,13,-1
THAUMICBASES,神秘树木学,TB.GoldenOak,TB.Briar,TB.INFUSION,,0,0,8xLucrum;8xFames;8xMessis,,,,-15,-1
THAUMICBASES,矿石分解,TB.OreDestruction,TB.MasterEntropy,,,0,0,8xPerditio;4xPraecantatio;1xOrdo;1xIgnis;1xAer;1xTerra;1xAqua,,,,-7,1
THAUMICBASES,睿智烟草,TB.Tobacco.Wisdom,TB.Tobacco,,,0,0,4xCognitio;4xAer,,,,13,-6
THAUMICBASES,神秘钉,TB.Spike.Thaumic,TB.Spike.Iron,TB.THAUMIUM,,1,1,6xTelum;6xPraecantatio;6xMachina,,,,13,-3
THAUMICBASES,神秘锭,TB.THAUMIUM,,,,0,0,<empty>,,,,8,0
THAUMICBASES,节点调节核心:速度,TB.NodeFoci.Speed,TB.NodeMan,,,0,0,8xAuram;8xMotus;8xPotentia,,,,-4,-9
THAUMICBASES,治愈草,TB.Briar,TB.Plax,,,0,0,4xMessis;4xHerba;4xSano,,,,-13,-3
THAUMICBASES,左轮枪升级:异域杀手,TB.Revolver.EldritchBane,TB.Revolver,,,0,0,8xMortuus;4xAlienis,,,,-13,-8
TX,彗星之靴,CometsbootsGTNH,TXBOOTSTRAVELLER;FOCUSFROST;INFUSION,,,0,0,15xIter;12xAqua;9xGelum;6xMotus;3xPraecantatio,,,,5,-3
TX,灵魂火盆,SoulbraizerGTNH,TXTALLOW;ELDRITCHMINOR;VOIDMETAL;INFUSION;SANESOAP,,,0,0,15xAuram;12xAlienis;9xTenebrae;6xMortuus;3xPraecantatio,,,,-6,-10
TX,亡灵杖芯,ROD_NECROMANCER_staff,TXROD_greatwood_staff,BraincureGTNH,,2,1,21xMortuus;18xInstrumentum;15xPerditio;12xAuram;9xSpiritus;6xExanimis;3xCognitio,,,,-3,1
TX,注魔法附魔,TXINFUSIONENCHANTMENT,,,,0,0,<empty>,,,,-5,-6
TX,机械杖端,CAP_MECHANIST,TXCAP_thaumium;NODETAPPER2,,,0,0,15xAuram;12xMachina;9xPotentia;6xLucrum;3xInstrumentum,,,,-9,-6
TX,基础炼化学,TXBASICARTIFACE,,,,0,0,<empty>,,,,3,1
TX,寄生杖端,CAP_SOJOURNER,TXCAP_thaumium;WANDPED,,,0,0,15xAuram;12xPermutatio;9xPotentia;6xLucrum;3xInstrumentum,,,,-5,-8
TX,魔力油脂,TXTALLOW,,,,0,0,<empty>,,,,-6,-11
TX,附魔: 束缚,ENCHBINDING,TXINFUSIONENCHANTMENT;INFUSIONENCHANTMENT,,,1,1,15xVinculum;12xPerditio;9xIter;6xSuperbia;3xCognitio,,,,-7,-4
TX,附魔: 夜视,ENCHNIGHTVISION,TXINFUSIONENCHANTMENT;INFUSIONENCHANTMENT,,,1,1,15xSensus;12xLux;9xTenebrae;6xIgnis;3xCognitio,,,,-5,-4
TX,琥珀杖柄,ROD_AMBER,TXROD_greatwood,,,0,0,15xAuram;12xInstrumentum;9xPraecantatio;6xVinculum;3xVitreus,,,,-5,-1
TX,无尽之壶,UrnGTNH,TXINFUSION;ARCANEEAR,,,0,0,15xAqua;12xPraecantatio;9xVacuos;6xAlienis;3xLucrum,,,,3,-10
TX,转化杖柄,ROD_TRANSMUTATION,TXROD_greatwood;TXBASICARTIFACE,TXINFUSION,,0,0,15xPermutatio;12xInstrumentum;9xPraecantatio;6xAlienis;3xTerra,,,,-1,-1
TX,转化杖芯,ROD_TRANSMUTATION_staff,TXROD_greatwood_staff;ROD_TRANSMUTATION;TXBASICARTIFACE,,,0,0,18xPermutatio;15xInstrumentum;12xPraecantatio;9xAlienis;6xTerra;3xArbor,,,,0,0
TX,奥法缰绳,TXHOVERHARNESS,,,,0,0,<empty>,,,,2,-12
TX,附魔: 缴械,ENCHDISARM,TXINFUSIONENCHANTMENT;INFUSIONENCHANTMENT,,,1,1,15xVinculum;12xLimus;9xTelum;6xPraecantatio;3xCognitio,,,,-3,-4
TX,宏伟之木杖柄,TXROD_greatwood,,,,0,0,<empty>,,,,-3,-2
TX,腐化指环,TENTACLERING,TAINTBASICS,INFUSION;BraincureGTNH,,1,1,15xVitium;12xTelum;9xTutamen;6xAlienis;3xPraecantatio,,Thaumcraft.Taintacle,,-11,2
TX,泯灭之罐,TrashjarGTNH,TXJARVOID;TXINFUSION;WARDEDARCANA;HUNGRYCHEST,,,1,1,15xPerditio;12xVacuos;9xFames;6xAlienis;3xPraecantatio,,,,5,-9
TX,神秘复制器,ReplicatorGTNH,DISTILESSENTIA;TXINFUSION;TXDISTILESSENTIA;THAUMIUM,,,1,1,15xLucrum;12xFabrico;9xMachina;6xOrdo;3xPraecantatio,,,,4,-5
TX,琥珀杖芯,ROD_AMBER_staff,TXROD_greatwood_staff,TXBASICARTIFACE,,0,0,18xVinculum;15xInstrumentum;12xPraecantatio;12xAlienis;6xAuram,,,,-6,0
TX,浮空蜡烛,FloatingcandleGTNH,TXTALLOW,,,0,0,12xAer;9xPannus;6xPraecantatio;3xVolatus,,,,-7,-9
TX,魔法手杖,TXROD_greatwood_staff,,,,0,0,<empty>,,,,-3,3
TX,罐子封蜡,JarsealGTNH,TALLOW;JARLABEL,,,0,0,18xVinculum;15xAlienis;12xPraecantatio;9xIter;6xTerra;3xAqua,,,,-7,-2
TX,灵魂坩埚,CrucsoulGTNH,TXDISTILESSENTIA;TXINFUSION,BraincureGTNH,,2,2,18xSpiritus;15xMortuus;12xFames;9xExanimis;6xTelum;3xAlienis,,,,5,-7
TX,炼狱之壶,BurnGTNH,UrnGTNH,,,0,0,15xIgnis;12xPraecantatio;9xVacuos;6xAlienis;3xLucrum,,,,4,-11
TX,冥想之缸,THINKTANK,RESEARCHER2;BraincureGTNH,INFUSION;INFUSION,,1,1,4xExanimis;8xCognitio;6xSensus;2xLucrum,,,,-1,-5
TX,纤细的捕梦网,DreamcatcherGTNH,TAINTBASICS,,,0,0,15xVitium;12xCognitio;9xInstrumentum;6xMetallum;3xPraecantatio,,,,-7,2
TX,注魔,TXINFUSION,,,,0,0,<empty>,,,,2,-7
TX,旅行者之靴,TXBOOTSTRAVELLER,TXINFUSION,,,0,0,<empty>,,,,1,-4
TX,补给之符,TalismanfoodtGTNH,FleshcureGTNH;TXINFUSION,,,0,0,18xFames;15xPannus;12xMessis;9xSano;6xPermutatio;3xOrdo,,,,-1,-11
TX,腐肉炼制,FleshcureGTNH,TXTALLOW,,,0,0,15xPannus;12xTutamen;9xCorpus;6xPermutatio;3xAlienis,,,,-4,-10
TX,腐化,TAINTBASICS,,,,0,0,<empty>,,,,-9,0
TX,虚空罐子,TXJARVOID,,,,0,0,<empty>,,,,7,-10
TX,碎片指环,DiacountringsGTNH,TXBASICARTIFACE,,,0,0,12xVitreus;9xPraecantatio;6xLucrum;3xAlienis,,,,1,3
TX,源质蒸馏,TXDISTILESSENTIA,,,,0,0,<empty>,,,,7,-6
TX,奥法加护腰带,StabilizerbeltGTNH,TXHOVERHARNESS;TXINFUSION,,,0,0,18xOrdo;15xTerra;12xIter;9xSuperbia;6xTutamen;3xPraecantatio,,,,1,-10
TX,僵脑净化,BraincureGTNH,TXINFUSION;JARBRAIN;FleshcureGTNH,,,0,0,18xOrdo;15xCognitio;12xHumanus;9xExanimis;6xAlienis;3xPermutatio,,,,-2,-8
TX,神秘杖端,TXCAP_thaumium,,,,0,0,<empty>,,,,-7,-7
TX,流星之靴,MeteorbootsGTNH,TXBOOTSTRAVELLER;FOCUSFIRE;INFUSION,,,0,0,15xIter;12xIgnis;9xPotentia;6xVolatus;3xPraecantatio,,,,2,-1
gtnl,你的新起点,gtnl.welcome,,,,0,0,<empty>,,,,0,0
gtnl,岁月静滞怀表,gtnl.timeStopPocketWatch,gtnl.welcome,,,0,0,2xTempus;1xOrdo;1xPraecantatio;1xIter;1xPotentia;1xVacuos,,,,-1,-2
gtnl,源质：VICTUS,gtnl.essentiaUpgradeVictus,gtnl.welcome,,,0,0,10xVictus;10xPermutatio;10xInstrumentum;10xPotentia,,,,-7,5
gtnl,奥术世界的内燃引擎,gtnl.largeEssentiaGenerator,gtnl.welcome,,,0,0,10xMachina;10xPraecantatio;10xPotentia;10xPermutatio,,,,-4,3
gtnl,源质：UNSTABLE,gtnl.essentiaUpgradeUnstable,gtnl.welcome,,,0,0,10xPerditio;10xPermutatio;10xInstrumentum;10xPotentia,,,,-6,5
gtnl,源质：TAINTED,gtnl.essentiaUpgradeTainted,gtnl.welcome,,,0,0,10xMortuus;10xPermutatio;10xInstrumentum;10xPotentia,,,,-8,5
gtnl,源质：ELECTRIC,gtnl.essentiaUpgradeElectric,gtnl.essentiaUpgradeAir;gtnl.essentiaUpgradeThermal;gtnl.essentiaUpgradeUnstable;gtnl.essentiaUpgradeVictus;gtnl.essentiaUpgradeTainted;gtnl.essentiaUpgradeMechanics;gtnl.essentiaUpgradeSpirit;gtnl.essentiaUpgradeRadiation,,,0,0,10xPermutatio;10xInstrumentum;10xPotentia,,,,-7,7
gtnl,tc.research_name.gtnl.essentiaUpgradeSpirit,gtnl.essentiaUpgradeSpirit,gtnl.welcome,,,0,0,10xCognitio;10xPermutatio;10xInstrumentum;10xPotentia,,,,-10,5
gtnl,源质：AIR,gtnl.essentiaUpgradeAir,gtnl.welcome,,,0,0,10xAer;10xPermutatio;10xInstrumentum;10xPotentia,,,,-4,5
gtnl,源质：THERMAL,gtnl.essentiaUpgradeThermal,gtnl.welcome,,,0,0,10xIgnis;10xPermutatio;10xInstrumentum;10xPotentia,,,,-5,5
gtnl,升级你的发电机,gtnl.essentiaUpgradeEmpty,gtnl.largeEssentiaGenerator,,,0,0,10xAuram;10xPermutatio;10xInstrumentum;10xPotentia,,,,-4,4
gtnl,源质：MECHANICS,gtnl.essentiaUpgradeMechanics,gtnl.welcome,,,0,0,10xMachina;10xPermutatio;10xInstrumentum;10xPotentia,,,,-9,5
gtnl,源质：RADIATION,gtnl.essentiaUpgradeRadiation,gtnl.welcome,,,0,0,20xPotentia;10xPermutatio;10xInstrumentum,,,,-11,5
RBRINGS,施法者的首次融合,RBSPELLSLINGERSRINGOFTHEEARTH,RBTHEORYRINGOFCOMBINATIONS,,,0,0,12xTerra;12xAqua;12xPerditio;24xPraecantatio;12xAuram,,,,-5,-1
RBRINGS,秘术师的首次融合,RBSPELLCASTERSRINGOFTHESKY,RBTHEORYRINGOFCOMBINATIONS,,,0,0,12xAer;12xIgnis;12xOrdo;24xPraecantatio;12xAuram,,,,-5,-3
RBRINGS,导师混沌指环,RBMASTERSRINGOFPERDITIO,RBARCHMAGESRINGOFPERDITIO;PRIMPEARL,,,0,0,8xPerditio;16xPraecantatio;8xAuram,,,,0,0
RBRINGS,法师水之指环,RBMAGICIANSRINGOFAQUA,RBAPPRENTICERINGOFAQUA,,,0,0,4xAqua;8xPraecantatio;4xAuram,,,,-3,1
RBRINGS,指环组合理论,RBTHEORYRINGOFCOMBINATIONS,RBMASTEROFTHEELEMENTALRINGS,,,0,0,8xAer;8xTerra;8xIgnis;8xAqua;8xOrdo;8xPerditio;16xPraecantatio;8xAuram,,,,-4,-2
RBRINGS,保护理论,RBTHEORYRINGOFMAGICALPROTECTION,RBMASTEROFTHEELEMENTALRINGS;RUNICAUGMENTATION,,,0,0,8xAer;8xTerra;8xIgnis;8xAqua;8xOrdo;8xPerditio;16xPraecantatio;8xAuram,,,,4,-2
RBRINGS,奇术神秘使指环,RBEXOTICTHAUMATURGESRING,RBTHAUMATURGESRING,,,0,0,16xTerra;16xAer;16xIgnis;16xAqua;16xOrdo;16xPerditio;48xPraecantatio;16xAuram,,,,-8,-3
RBRINGS,空气指环,RBAPPRENTICERINGOFAER,,,,0,0,2xAer;4xPraecantatio,1xitem.ItemBaubleBlanks@3,,,-4,-6
RBRINGS,秩序指环,RBAPPRENTICERINGOFORDO,,,,0,0,2xOrdo;4xPraecantatio,1xitem.ItemBaubleBlanks@7,,,0,-7
RBRINGS,导师地之指环,RBMASTERSRINGOFTERRA,RBARCHMAGESRINGOFTERRA;PRIMPEARL,,,0,0,8xTerra;16xPraecantatio;8xAuram,,,,1,-3
RBRINGS,导师秩序指环,RBMASTERSRINGOFORDO,RBARCHMAGESRINGOFORDO;PRIMPEARL,,,0,0,8xOrdo;16xPraecantatio;8xAuram,,,,0,-4
RBRINGS,法师秩序指环,RBMAGICIANSRINGOFORDO,RBAPPRENTICERINGOFORDO,,,0,0,4xOrdo;8xPraecantatio;4xAuram,,,,0,-6
RBRINGS,混沌指环,RBAPPRENTICERINGOFPERDITIO,,,,0,0,2xPerditio;4xPraecantatio,1xitem.ItemBaubleBlanks@8,,,0,3
RBRINGS,符文锻造神秘使指环,RBRUNEFORGEDTHAUMATURGESRING,RBEXOTICTHAUMATURGESRING,,,0,0,16xTerra;16xAer;16xIgnis;16xAqua;16xOrdo;16xPerditio;64xPraecantatio;16xAuram,,,,-8,-1
RBRINGS,贤者混沌指环,RBARCHMAGESRINGOFPERDITIO,RBMAGICIANSRINGOFPERDITIO;INFUSION,,,0,0,6xPerditio;12xPraecantatio;6xAuram,,,,0,1
RBRINGS,导师火之指环,RBMASTERSRINGOFIGNIS,RBARCHMAGESRINGOFIGNIS;PRIMPEARL,,,0,0,8xIgnis;16xPraecantatio;8xAuram,,,,1,-1
RBRINGS,魔法师的大地指环,RBMAGICIANSRINGOFTERRA,RBAPPRENTICERINGOFTERRA,,,0,0,4xTerra;8xPraecantatio;4xAuram,,,,3,-5
RBRINGS,导师水之指环,RBMASTERSRINGOFAQUA,RBARCHMAGESRINGOFAQUA;PRIMPEARL,,,0,0,8xAqua;16xPraecantatio;8xAuram,,,,-1,-1
RBRINGS,天空次融指环,RBEXOTICRINGOFTHESKY,RBSPELLCASTERSRINGOFTHESKY,,,0,0,14xAer;14xIgnis;14xOrdo;28xPraecantatio;14xAuram,,,,-6,-4
RBRINGS,贤者地之指环,RBARCHMAGESRINGOFTERRA,RBMAGICIANSRINGOFTERRA;INFUSION,,,0,0,6xTerra;12xPraecantatio;6xAuram,,,,2,-4
RBRINGS,天空终融指环,RBRUNEFORGEDRINGOFTHESKY,RBEXOTICRINGOFTHESKY,,,0,0,16xAer;16xIgnis;16xOrdo;32xPraecantatio;16xAuram,,,,-7,-5
RBRINGS,大地指环,RBAPPRENTICERINGOFTERRA,,,,0,0,2xTerra;4xPraecantatio,1xitem.ItemBaubleBlanks@4,,,4,-6
RBRINGS,法师火之指环,RBMAGICIANSRINGOFIGNIS,RBAPPRENTICERINGOFIGNIS,,,0,0,4xIgnis;8xPraecantatio;4xAuram,,,,3,1
RBRINGS,神秘使指环,RBTHAUMATURGESRING,RBRUNEFORGEDRINGOFTHESKY;RBRUNEFORGEDRINGOFTHEEARTH;RBTHEORYRINGOFCOMBINATIONS,,,0,0,16xTerra;16xAer;16xIgnis;16xAqua;16xOrdo;16xPerditio;32xPraecantatio;16xAuram,,,,-7,-2
RBRINGS,大地终融指环,RBRUNEFORGEDRINGOFTHEEARTH,RBEXOTICRINGOFTHEEARTH,,,0,0,16xTerra;16xAqua;16xPerditio;32xPraecantatio;16xAuram,,,,-7,1
RBRINGS,法师混沌指环,RBMAGICIANSRINGOFPERDITIO,RBAPPRENTICERINGOFPERDITIO,,,0,0,4xPerditio;8xPraecantatio;4xAuram,,,,0,2
RBRINGS,贤者火之指环,RBARCHMAGESRINGOFIGNIS,RBMAGICIANSRINGOFIGNIS;INFUSION,,,0,0,6xIgnis;12xPraecantatio;6xAuram,,,,2,0
RBRINGS,水之指环,RBAPPRENTICERINGOFAQUA,,,,0,0,2xAqua;4xPraecantatio,1xitem.ItemBaubleBlanks@6,,,-4,2
RBRINGS,贤者水之指环,RBARCHMAGESRINGOFAQUA,RBMAGICIANSRINGOFAQUA;INFUSION,,,0,0,6xAqua;12xPraecantatio;6xAuram,,,,-2,0
RBRINGS,元素指环宗师,RBMASTEROFTHEELEMENTALRINGS,RBMASTERSRINGOFAER;RBMASTERSRINGOFORDO;RBMASTERSRINGOFTERRA;RBMASTERSRINGOFIGNIS;RBMASTERSRINGOFPERDITIO;RBMASTERSRINGOFAQUA,,,0,0,8xAer;8xTerra;8xIgnis;8xAqua;8xOrdo;8xPerditio;16xPraecantatio;8xAuram,,,,0,-2
RBRINGS,魔术师的空气指环,RBMAGICIANSRINGOFAER,RBAPPRENTICERINGOFAER,,,0,0,4xAer;8xPraecantatio;4xAuram,,,,-3,-5
RBRINGS,贤者空气指环,RBARCHMAGESRINGOFAER,RBMAGICIANSRINGOFAER;INFUSION,,,0,0,6xAer;12xPraecantatio;6xAuram,,,,-2,-4
RBRINGS,火之指环,RBAPPRENTICERINGOFIGNIS,,,,0,0,2xIgnis;4xPraecantatio,1xitem.ItemBaubleBlanks@5,,,4,2
RBRINGS,大法师的空气指环,RBMASTERSRINGOFAER,RBARCHMAGESRINGOFAER;PRIMPEARL,,,0,0,8xAer;16xPraecantatio;8xAuram,,,,-1,-3
RBRINGS,贤者秩序指环,RBARCHMAGESRINGOFORDO,RBMAGICIANSRINGOFORDO;INFUSION,,,0,0,6xOrdo;12xPraecantatio;6xAuram,,,,0,-5
RBRINGS,大地次融指环,RBEXOTICRINGOFTHEEARTH,RBSPELLSLINGERSRINGOFTHEEARTH,,,0,0,14xTerra;14xAqua;14xPerditio;28xPraecantatio;14xAuram,,,,-6,0
THAUMICBOOTS,邪术天体,TB_Explorations_Tainted_Compat,TB_Explorations_Core;TB_Tainted_Core;TB_Core_Research,,,0,0,25xTabernus;25xCaelum;25xAlienis;15xPermutatio,,,,3,-2
THAUMICBOOTS,人造与虚空之术法,TB_EMT_Tainted_Compat,TB_Tainted_Core;TB_EMT_Core;TB_Core_Research,,,0,0,25xTabernus;25xAlienis;25xPotentia;15xPermutatio,,,,0,3
THAUMICBOOTS,人造之术法,TB_EMT_Core,,,,0,0,25xTabernus;25xPotentia;15xPermutatio,,,,-3,2
THAUMICBOOTS,独特之术法,TB_Unique_Boots,TB_Core_Research,,,0,0,25xTabernus;25xPermutatio;25xInstrumentum;25xPraecantatio;25xPotentia,,,,-2,0
THAUMICBOOTS,神秘鞋匠,TB_Core_Research,THAUMIUM,,,0,0,10xTabernus;10xPermutatio,,,,0,0
THAUMICBOOTS,天体之术法,TB_Explorations_Core,,,,0,0,25xTabernus;25xCaelum;15xPermutatio,,,,0,-3
THAUMICBOOTS,结合天体之术法,TB_Explorations_Compat,TB_Core_Research;TB_Explorations_Core,,,0,0,25xTabernus;25xCaelum;15xPermutatio,,,,0,-2
THAUMICBOOTS,虚空之术法,TB_Tainted_Core,,,,0,0,25xTabernus;25xAlienis;15xPermutatio,,,,3,2
THAUMICBOOTS,季节之术法,TB_Seasonal_Boots,TB_Core_Research,,,0,0,25xTabernus;25xPermutatio;25xGelum;25xPraecantatio;25xPotentia,,,,2,0
THAUMICBOOTS,稳定的季节之术法,TB_Seasonal_Stabilized,TB_Seasonal_Boots,,,0,0,50xVinculum;25xVitreus;25xPermutatio;25xGelum;25xLux,,,,4,0
THAUMICBOOTS,人造与天体之术法,TB_Explorations_EMT_Compat,TB_Core_Research;TB_Explorations_Core;TB_EMT_Core,,,0,0,25xTabernus;25xCaelum;15xPotentia;15xPermutatio,,,,-3,-2
ThaumicHorizons,炼金孵化,alchIncubation,alcheponics,,,0,0,4xBestia;2xVictus;2xIgnis,,,,2,0
ThaumicHorizons,爆裂安瓿,blastPhial,essentiaInjection,,,0,0,2xVictus;2xIgnis;2xPerditio,,,,6,3
ThaumicHorizons,梦魇马,nightmareInfusion,horseInfusion;LEVITATOR,,,0,0,4xIgnis;3xVacuos;3xIter,,,,17,-7
ThaumicHorizons,符文皮毛,runicCreature,generalInfusion;RUNICAUGMENTATION,,,0,0,4xPotentia;4xTutamen;4xPraecantatio,,,,15,-3
ThaumicHorizons,马注魔,horseInfusion,generalInfusion,,,0,0,4xBestia;5xIter;4xAlienis,,,,15,-5
ThaumicHorizons,鸡注魔,chickenInfusion,generalInfusion,,,0,0,5xBestia;5xLimus;3xLucrum;3xTenebrae,,,,11,-5
ThaumicHorizons,法杖核心:活化,focusAnimation,PRIMPEARL;golemPowder,,,0,0,5xHumanus;5xMotus;5xSpiritus;3xFabrico,,,,12,-1
ThaumicHorizons,法杖核心:熔析,focusLiquefaction,focusIllumination;FOCUSEXCAVATION,,,0,0,3xIgnis;3xMetallum;2xPermutatio,,,,1,8
ThaumicHorizons,法杖核心:解离,focusDisintegration,focusLiquefaction;alchemite;LIQUIDDEATH,,,0,0,3xPraecantatio;2xVitreus;3xPerditio,,,,3,8
ThaumicHorizons,转生,cloneVillager,incarnationVat;soulAssembler,,nightmare,2,1,8xSpiritus;8xHumanus;8xSano,,,,11,4
ThaumicHorizons,炼金炸药,alchemite,,ESSENTIACRYSTAL,,0,0,2xIgnis;2xPerditio;4xPotentia;4xVitreus;2xPermutatio,,,,3,6
ThaumicHorizons,传导增幅器,transductionAmplifier,planarTheory,,,1,1,18xAuram;15xPotentia;12xVacuos;9xAlienis,,,,12,6
ThaumicHorizons,异界理论,planarTheory,VISPOWER;VOIDMETAL,,,1,1,18xVacuos;15xPraecantatio;12xAlienis;9xAuram;6xPerditio;3xTenebrae,,,,10,8
ThaumicHorizons,原始化石,leviathan,pocketPlane,,,0,0,<empty>,1xtile.ThaumicHorizons_leviathan@0,,,20,10
ThaumicHorizons,猪注魔,pigInfusion,generalInfusion,,,0,0,5xBestia;5xFames;3xMetallum;3xVitium;3xSano,,,,12,-5
ThaumicHorizons,蛊惑人心,instilledLoyalty,generalInfusion,,,0,0,4xCognitio;3xBestia;3xPermutatio,,,,15,-1
ThaumicHorizons,肉类硬化,fleshLeather,meatGrowth,,,0,0,4xCorpus;6xPannus;4xFabrico,,,,6,-1
ThaumicHorizons,异界之门,planarKeystone,pocketPlane,,,3,2,15xIter;12xVacuos;9xAuram;6xAlienis;3xPraecantatio,,,,20,8
ThaumicHorizons,虚空傀儡,voidGolem,wispSpawn,golemPowder,,1,1,2xVacuos;2xMotus;2xSpiritus;2xHumanus,,,,16,7
ThaumicHorizons,邪术毒牙,eldritchFangs,generalInfusion;VOIDMETAL,,,0,0,4xAlienis;4xTelum;4xVenenum,,,,15,-2
ThaumicHorizons,奥术透镜,lensFire,GOGGLES;INFUSION,,,0,0,3xSensus;3xLux;2xPotentia,,,,2,-2
ThaumicHorizons,神秘船,thaumiumBoat,greatwoodBoat;THAUMIUM,,,1,1,2xIgnis;2xMetallum;2xPraecantatio,,,,7,8
ThaumicHorizons,冥想生与死,nightmare,cloneVillager,,,0,0,1xSpiritus,,,,13,4
ThaumicHorizons,法杖核心:光明,focusIllumination,FOCUSFIRE,,,0,0,2xLux;2xPotentia;1xPraecantatio,,,,-1,6
ThaumicHorizons,银树之心,silverHeart,humanInfusion,,,0,0,3xHumanus;3xOrdo;3xSano,,,,19,-1
ThaumicHorizons,灵魂滤网,soulExtractor,JARBRAIN;ENCHFABRIC,,,2,1,4xSpiritus;4xVinculum;4xTerra;4xPermutatio,1xtile.hellsand@0,,,5,6
ThaumicHorizons,漩涡弱化,vortexStabilizer,planarTheory,,,1,1,21xAuram;18xFames;15xMachina;12xOrdo;9xPotentia;6xVinculum,,,,12,10
ThaumicHorizons,透镜之匣,lensCase,lensAir;lensWater;lensEarth;lensOrderEntropy;FOCUSPOUCH,,,0,0,2xVitreus;4xPannus;2xVacuos,,,,2,-6
ThaumicHorizons,光合皮肤,synthSkin,humanInfusion,,,0,0,3xHumanus;3xHerba;3xFames,,,,19,0
ThaumicHorizons,地之遗忘之镜,lensEarth,lensFire,,,0,0,4xSensus;2xVacuos;2xLux,,,,3,-4
ThaumicHorizons,镜像护身符,mirrorAmulet,cloneSelf,MIRROR,,0,0,5xMortuus;5xPerditio;5xVacuos,,,,17,4
ThaumicHorizons,法杖核心:收容,focusContainment,,DISTILESSENTIA;FOCUSPORTABLEHOLE,,0,0,6xVinculum;6xVacuos;2xIter,,,,8,-3
ThaumicHorizons,口袋异次元,pocketPlane,planarRift;PRIMPEARL,,,2,2,24xIter;21xVacuos;18xFabrico;15xAuram;21xMachina;6xAlienis;6xPraecantatio;3xCognitio,,,,18,8
ThaumicHorizons,血之炼金术,essentiaInjection,meatGrowth,THAUMATORIUM;INFUSION,,1,1,4xVictus;2xHumanus;2xPermutatio;2xPraecantatio,,,,6,1
ThaumicHorizons,猫注魔,catInfusion,generalInfusion,,,0,0,5xBestia;3xPraecantatio;3xExanimis,,,,13,-5
ThaumicHorizons,两栖水肺,amphibious,humanInfusion,,,0,0,3xHumanus;3xAer;3xAqua,,,,19,1
ThaumicHorizons,自我注魔,selfInfusion,generalInfusion;cloneSelf,,humanInfusion,0,0,6xHumanus;6xPraecantatio;6xFabrico,,,,14,1
ThaumicHorizons,犬注魔,dogInfusion,generalInfusion,,,0,0,5xBestia;3xLux;3xIgnis;3xAqua;3xPraecantatio,,,,14,-5
ThaumicHorizons,新视界,planarRift,vortexStabilizer;transductionAmplifier,,,2,1,4xVacuos;4xPraecantatio;2xAlienis,,,,14,8
ThaumicHorizons,水晶法杖,crystalWand,planarRift,,,0,0,4xPraecantatio;4xVitreus;4xPotentia,,,,15,10
ThaumicHorizons,便携虚空,portability,generalInfusion,,,0,0,4xVacuos;4xVinculum,,,,15,-4
ThaumicHorizons,气之魂灵之镜,lensAir,lensFire,,,0,0,4xSensus;2xAuram;2xVictus;2xExanimis,,,,-1,-4
ThaumicHorizons,Vis反应炉,visDynamo,,INFUSION;VISPOWER,,0,0,5xAuram;5xMachina;5xPotentia,,,,3,2
ThaumicHorizons,蛛羊,sheederInfusion,sheepInfusion,,,0,0,4xPannus;3xBestia;3xPermutatio,,,,10,-7
ThaumicHorizons,天域碎片,etherealShard,shardTrans,INFUSION;VISPOWER,,0,0,8xAuram;16xPotentia;16xVacuos;8xPraecantatio,,,,1,4
ThaumicHorizons,异界之云,planarClouds,pocketPlane,,,0,0,<empty>,1xtile.ThaumicHorizons_cloud@32767;1xtile.ThaumicHorizons_cloud@32767,,,20,6
ThaumicHorizons,源质反应炉,essentiaDynamo,visDynamo,INFUSION;VISPOWER;THAUMIUM,,0,0,5xAuram;5xMachina;5xPotentia;5xAqua,,,,3,4
ThaumicHorizons,针筒发射器,injector,blastPhial;BONEBOW,,,0,0,3xTelum;3xMachina;3xVolatus,,,,8,3
ThaumicHorizons,阴阳学究之镜,lensOrderEntropy,lensFire,,,0,0,4xSensus;4xCognitio;2xPraecantatio,,,,5,-4
ThaumicHorizons,变色皮肤,chameleonSkin,humanInfusion,,,0,0,4xSensus;4xPermutatio;4xVacuos,,,,19,-2
ThaumicHorizons,节点透视之镜,nodeMonitor,INFUSION,,,0,0,3xAuram;3xMachina;3xSensus,,,,1,6
ThaumicHorizons,水之共鸣之镜,lensWater,lensFire;ARCANEEAR,,,0,0,4xSensus;2xPermutatio,,,,1,-4
ThaumicHorizons,牛注魔,cowInfusion,generalInfusion,,,0,0,5xBestia;5xLimus;5xPermutatio,,,,9,-5
ThaumicHorizons,炼金栽培,alcheponics,,,,0,0,5xMessis;5xHerba;5xLux,,,,0,0
ThaumicHorizons,羊注魔,sheepInfusion,generalInfusion,,,0,0,3xBestia;3xPannus;3xSensus,,,,10,-5
ThaumicHorizons,基础人类注魔,humanInfusion,selfInfusion,,,0,0,1xHumanus,,,,16,1
ThaumicHorizons,变形之指,morphicFingers,humanInfusion,,,0,0,3xHumanus;3xFabrico;3xInstrumentum;2xPermutatio,,,,19,2
ThaumicHorizons,化身,incarnationVat,healingVat,,,0,0,3xVictus;3xFabrico;3xBestia;2xMachina,,,,10,1
ThaumicHorizons,小精灵繁殖,wispSpawn,planarRift,,,0,0,2xPraecantatio;2xVitreus;2xVictus,,,,15,6
ThaumicHorizons,灵魂熔炼炉,soulAssembler,soulKnowledge,,,1,1,4xSpiritus;4xSano;4xCognitio,,,,9,6
ThaumicHorizons,生物注魔,infusionVat,healingVat;INFUSION;focusContainment,,generalInfusion,0,0,5xPraecantatio;5xVictus;5xFabrico;5xBestia,,,,10,-1
ThaumicHorizons,宏伟之木船,greatwoodBoat,,,,0,0,1xAqua;1xIter;1xFabrico,,,,5,8
ThaumicHorizons,活化粉,golemPowder,GOLEMTHAUMIUM;ADVANCEDGOLEM;incarnationVat,,,0,0,3xHumanus;3xSpiritus;3xMotus;3xFabrico,,,,12,1
ThaumicHorizons,飞檐走壁,spiderClimb,humanInfusion,,,0,0,3xHumanus;3xBestia;3xMotus;3xLimus,,,,19,3
ThaumicHorizons,碎片嬗变,shardTrans,,,,0,0,4xPermutatio;4xVitreus;2xIgnis;2xAqua;2xTerra;2xAer;2xOrdo;2xPerditio,,,,1,2
ThaumicHorizons,扭曲毒瘤,warpedTumor,humanInfusion,,,0,0,15xHumanus;12xVitium;9xAlienis;6xCorpus;3xPermutatio,,,,19,4
ThaumicHorizons,因果重组器,recombinator,planarTheory;PRIMPEARL,,,2,1,21xAuram;18xPermutatio;15xFabrico;12xPraecantatio;9xPotentia;6xSensus,,,,12,8
ThaumicHorizons,摄魂之脑,soulKnowledge,soulExtractor,,,1,1,4xSpiritus;4xSano;4xCognitio,,,,7,6
ThaumicHorizons,治愈之缸,healingVat,essentiaInjection;fleshLeather,,,0,0,2xVictus;4xSano;2xMachina;2xAqua,,,,8,0
ThaumicHorizons,自我转世,cloneSelf,nightmare;PRIMPEARL,,,3,2,4xSpiritus;4xVinculum;4xHumanus;4xSano,,,,15,4
ThaumicHorizons,常规注魔,generalInfusion,infusionVat,,,0,0,1xBestia,,,,12,-3
ThaumicHorizons,肉类复制,meatGrowth,alchIncubation,,,0,0,6xCorpus;4xVictus;4xBestia;4xFabrico,,,,4,0
ThaumicHorizons,虚空油灰,voidPutty,planarRift,,,0,0,3xPermutatio;3xFabrico;3xMetallum,,,,16,9
THAUMICINSURGENCE,[[時髦的]]小[[蠕蟲]],TI_DeliciousKromer,GOGGLES,,,0,0,1xLucrum;1xAlienis;1xTenebrae;1xPermutatio;1xVinculum,,,,0,3
THAUMICINSURGENCE,祛邪肥皂α,TI_SanitizingSoapAlpha,SANESOAP,,,0,0,1xSano;1xOrdo,,,,2,2
THAUMICINSURGENCE,狂人透镜,TI_ThaumicInterfacer,INFUSION,,,0,0,1xIgnis;1xInstrumentum,,,,-5,5
THAUMICINSURGENCE,注魔截流者,TI_InfusionIntercepter,INFUSION,,,2,2,1xPraecantatio;1xFames;1xInstrumentum;1xVinculum;1xMachina;1xPermutatio,,,,0,0
THAUMICINSURGENCE,愤怒之皂,TI_SanitizingSoapBeta,TI_SanitizingSoapAlpha,,,0,0,1xAlienis;1xPermutatio;1xSano,,,,-2,2
THAUMIC_MACHINA_CAT,认识,@CRIMSON_REALISATION,@CRIMSON_ASTRONOMY,@AURA_FIELD,,0,0,3xAlienis;12xAuram;6xTenebrae;9xPraecantatio;15xPotentia,,,,1,8
THAUMIC_MACHINA_CAT,"魔子,以及它是如何运作的",@VIS_CHARGE,@VIS_STUDIES,,,0,0,3xAlienis;12xAuram;6xPotentia;9xPerditio;15xPraecantatio,,,,-5,1
THAUMIC_MACHINA_CAT,法杖强化基础,@WAND_AUGMENTATION,@WAND_STUDIES;MIRROR,INFUSION,,0,0,3xInstrumentum;6xPraecantatio;9xOrdo;12xMachina;15xPerditio,,,,-9,-5
THAUMIC_MACHINA_CAT,灵气场,@AURA_FIELD,@NODAL_STUDIES;@VIS_STUDIES,,,0,0,3xAlienis;12xAuram;6xPotentia;9xVacuos;15xPraecantatio,,,,-4,6
THAUMIC_MACHINA_CAT,法杖强化: 魔子缓存,@WAND_AUGMENTATION_CHARGE_BUFFER,@WAND_AUGMENTATION,,,0,0,3xInstrumentum;6xPraecantatio;12xPotentia;9xVacuos;15xTenebrae;18xAlienis,,,,-10,-7
THAUMIC_MACHINA_CAT,法杖强化: Vis隧道,@WAND_AUGMENTATION_VIS_CHANNEL,@WAND_AUGMENTATION,,,0,0,3xInstrumentum;6xPraecantatio;9xAqua;12xTenebrae;15xAlienis,,,,-8,-7
THAUMIC_MACHINA_CAT,法杖强化: 接触放能,@WAND_AUGMENTATION_CONTACT_DISCHARGE,@WAND_AUGMENTATION,@CRIMSON_WAND_AUGMENTATION,,3,2,3xInstrumentum;6xPraecantatio;12xPotentia;15xTenebrae;18xAlienis;21xTelum,,,,-7,-6
THAUMIC_MACHINA_CAT,血腥神秘学,@CRIMSON_THAUMATURGY,@CRIMSON_PHILOSOPHY,,,0,0,3xAlienis;12xInstrumentum;6xTenebrae;9xPraecantatio;15xOrdo,,,,5,3
THAUMIC_MACHINA_CAT,血腥天文学,@CRIMSON_ASTRONOMY,@CRIMSON_PHILOSOPHY,,,0,0,3xAlienis;12xAuram;6xTenebrae;9xVacuos;15xPraecantatio,,,,3,7
THAUMIC_MACHINA_CAT,Vis研究,@VIS_STUDIES,@VIS,,,0,0,3xAlienis;12xAuram;6xCognitio;9xPotentia;15xPraecantatio,,,,-3,2
THAUMIC_MACHINA_CAT,法杖研究,@WAND_STUDIES,,@VIS_CHARGE,,0,0,3xPerditio;9xAuram;15xCognitio;12xOrdo;6xInstrumentum,,,,-7,-2
THAUMIC_MACHINA_CAT,天体场,@CRIMSON_CELESTIAL_FIELD,@CRIMSON_REALISATION,,,0,0,3xAlienis;12xAuram;6xTenebrae;9xPraecantatio;15xOrdo;18xVacuos,,,,0,6
THAUMIC_MACHINA_CAT,灵气和节点,@TMNODES,,,,0,0,<empty>,,,,0,4
THAUMIC_MACHINA_CAT,血腥教徒们的哲学,@CRIMSON_PHILOSOPHY,,,,0,0,<empty>,,,,4,5
THAUMIC_MACHINA_CAT,节点学研究,@NODAL_STUDIES,@TMNODES,,,0,0,3xAlienis;12xAuram;15xCognitio;15xPraecantatio,,,,-2,5
THAUMIC_MACHINA_CAT,概念,@INFORMATION_CONCEPTS,,,,0,0,<empty>,,,,0,0
THAUMIC_MACHINA_CAT,血腥法杖强化,@CRIMSON_WAND_AUGMENTATION,@CRIMSON_THAUMATURGY,@WAND_AUGMENTATION,,0,0,3xAlienis;6xTenebrae;12xInstrumentum;9xPraecantatio;15xOrdo;18xMachina;21xCognitio,,,,7,2
THAUMIC_MACHINA_CAT,Vis,@VIS,@TMNODES,,,0,0,3xAlienis;9xAuram;6xPraecantatio,,,,-1,1
WT_Category,腐化梅,warptheory.something,warptheory.paper,,,2,1,12xAlienis;12xBestia;9xPermutatio;6xVictus;3xCorpus,,,Alienis;Corpus;Permutatio,2,0
WT_Category,污秽泪水,PURETEARMINOR,ELDRITCHMINOR;warptheory.paper,,,0,0,6xAlienis;6xPraecantatio;4xPermutatio;3xSano;2xTerra,,,,-1,-2
WT_Category,纯净泪水,PURETEAR,ELDRITCHMAJOR;warptheory.paper;ICHORIUM,,,0,0,12xAlienis;12xPraecantatio;9xPermutatio;6xSano;3xTerra,,,,-4,-1
WT_Category,净化护身符,warptheory.amulet,PURETEAR,,,0,0,15xAlienis;15xAuram;12xPotentia;9xPraecantatio;6xPermutatio;3xTerra,,,,-4,-3
WT_Category,极乐遗忘药水,warptheory.oblivionpotion,,,,0,0,3xCognitio;3xSano,,,,-2,-1
WT_Category,便携式沐浴器,warptheory.portableshower,PURETEAR,,,0,0,5xAequalitas;5xPrimordium;32xPotentia;20xPraecantatio;32xAqua;32xAer,,,,-2,-4
WT_Category,奥术石蕊试纸,warptheory.paper,RESEARCHER2,,,0,0,6xAlienis;6xPraecantatio;9xOrdo;3xAqua;3xTerra,,,Alienis;Praecantatio;Sensus,-2,0
WITCHGADG,附魔:背刺,ENCH_BACKSTAB,ENCH_STEALTH,,,1,1,2xPraecantatio;4xTelum;4xTenebrae,,,,-7,4
WITCHGADG,乌鸦斗篷,CLOAK_RAVEN,CLOAK,,,0,0,4xPannus;4xAer;4xVolatus;2xIter,,,,4,-5
WITCHGADG,元始护甲,PRIMORDIALARMOR,PRIMORDIALGEARSET;ARMORFORTRESS,,,13,12,1xTutamen;1xPraecantatio;1xAer;1xIgnis;1xAqua;1xTerra;1xOrdo;1xPerditio,,,,2,7
WITCHGADG,附魔:潜行,ENCH_STEALTH,WG.INFUSIONENCHANTMENT,,,1,1,2xPraecantatio;4xMotus;4xTenebrae,,,,-6,4
WITCHGADG,魔力布匹,WG.ENCHFABRIC,,,,0,0,<empty>,,,,2,-4
WITCHGADG,附魔:幻影,ENCH_INVISIBLEGEAR,WG.INFUSIONENCHANTMENT,,,0,0,2xPraecantatio;4xVitreus;4xTenebrae,,,,-5,5
WITCHGADG,奥术计算器,CALCULATOR,INFUSION,,,0,0,1xInstrumentum;1xCognitio;1xMachina,,,,5,5
WITCHGADG,金属晶簇化,WG.PUREIRON,WGPOTIONS,,,0,0,<empty>,,,,-5,0
WITCHGADG,元始启示录,PRIMORDIALGEARSET,VOIDMETAL;WG.PRIMPEARL,,,0,0,1xPraecantatio;1xPotentia;1xAer;1xIgnis;1xAqua;1xTerra;1xOrdo;1xPerditio,,,,0,6
WITCHGADG,末影口袋,ENDERBAG,BAGOFTRICKS;INFUSION;WGPOTIONS,,,8,7,2xPannus;3xAlienis;3xVacuos,1xtile.enderChest@32767,,Alienis,2,0
WITCHGADG,注魔法附魔,WG.INFUSIONENCHANTMENT,WGPOTIONS,,,0,0,<empty>,,,,-4,3
WITCHGADG,奇术斗篷,CLOAK_STORAGE,CLOAK,BAGOFTRICKS,,0,0,4xPannus;6xVacuos;4xFames,,,,6,-4
WITCHGADG,群系核心:魔法森林,TERRAFORMFOCUS_MAGIC,TERRAFORMFOCUS_JUNGLE,,,0,0,8xSano;4xPraecantatio;2xPermutatio;1xPotentia,,,,-1,-10
WITCHGADG,饕餮口袋,HUNGERBAG,BAGOFTRICKS;HUNGRYCHEST,,,1,1,2xPannus;3xFames;3xVacuos,,,,5,0
WITCHGADG,炼金转变,ALCHEMICALTRANSMOGRIFY,WG.ALCHEMICALMANUFACTURE,,,0,0,4xHerba;2xVictus;2xAqua,,,,-7,-3
WITCHGADG,宝石雕琢,GEMCUTTING,,,,0,0,1xVitreus;1xOrdo;1xPraecantatio;1xFabrico,,,,6,3
WITCHGADG,虚空口袋,VOIDBAG,BAGOFTRICKS;WG.ELDRITCHMINOR,,,2,2,2xPannus;3xVacuos;5xPerditio;3xAlienis,,,,2,2
WITCHGADG,群系核心:蘑菇岛,TERRAFORMFOCUS_MUSHROOM,TERRAFORMER,,,0,0,8xHerba;4xTerra;2xPermutatio;1xPotentia,,,,1,-9
WITCHGADG,群系核心:平原,TERRAFORMFOCUS_PLAINS,TERRAFORMER,,,0,0,8xHerba;4xOrdo;2xPermutatio;1xPotentia,,,,-2,-6
WITCHGADG,群系核心:冰原,TERRAFORMFOCUS_COLDTAIGA,TERRAFORMER,,,0,0,8xGelum;4xOrdo;2xPermutatio;1xPotentia,,,,-2,-7
WITCHGADG,元始珍珠,PRIMORDRIALPEARL,,PRIMPEARL;ICHORIUM,,10,10,27xAuram;24xPraecantatio;21xVitium;18xOrdo;15xPerditio;12xAer;9xIgnis;6xTerra;3xAqua,,,,-1,3
WITCHGADG,虚无砖块,ETHEREALWALL,WG.ARCANESTONE,,,2,1,2xAlienis;2xMachina;4xTerra;7xMotus;4xVinculum,,,,-6,-6
WITCHGADG,群系核心:河流,TERRAFORMFOCUS_RIVER,TERRAFORMER,,,0,0,8xAqua;4xPraecantatio;2xPermutatio;1xPotentia,,,,2,-6
WITCHGADG,附魔:解缚,ENCH_RIDEPROTECT,WG.INFUSIONENCHANTMENT,,,0,0,2xPraecantatio;4xVinculum;4xTutamen,,,,-4,5
WITCHGADG,奥术群系转化器,TERRAFORMER,WG.CENTRIFUGE,,,5,5,64xTerra;14xPermutatio;7xPotentia;8xOrdo;16xPerditio;24xPerfodio;12xGelum;9xIgnis;8xAuram,,,,0,-7
WITCHGADG,邪术揭谛,WG.ELDRITCHMINOR,WGPOTIONS,,,0,0,<empty>,,,,1,3
WITCHGADG,群系核心：腐化之地,TERRAFORMFOCUS_TAINT,TERRAFORMER;BOTTLETAINT,,,2,1,8xVitium;4xPraecantatio;2xPermutatio;1xPotentia,,,,2,-8
WITCHGADG,源质之镜,WG.MIRRORESSENTIA,WGPOTIONS,,,0,0,<empty>,,,,-3,4
WITCHGADG,神秘造石机,STONEEXTRUDER,WG.ARCANESTONE;THAUMIUM,,,1,1,1xTerra;7xMachina;12xInstrumentum,,,,-4,-6
WITCHGADG,晶簇化:朱砂,PURECINNABAR,WG.PUREIRON,,,0,0,5xMetallum;1xOrdo;1xVenenum,,,,-6,1
WITCHGADG,群系核心:雨林,TERRAFORMFOCUS_JUNGLE,TERRAFORMER,,,0,0,8xArbor;4xHerba;2xPermutatio;1xPotentia,,,,-1,-9
WITCHGADG,群系核心:末地,TERRAFORMFOCUS_END,TERRAFORMER,,,2,1,8xAlienis;4xPraecantatio;2xPermutatio;1xPotentia,,,,2,-7
WITCHGADG,元始武器,PRIMORDIALWEAPONRY,PRIMORDIALGEARSET,,,13,12,1xPerditio;1xTelum;1xInstrumentum;1xAer;1xIgnis;1xAqua;2xPraecantatio;1xTerra;1xOrdo,,,,-2,7
WITCHGADG,元始珍珠,WG.PRIMPEARL,,,,0,0,<empty>,,,,0,4
WITCHGADG,玫瑰藤,ROSEVINE,WG.ALCHEMICALMANUFACTURE,,,0,0,2xHerba;3xAer;2xPerditio;4xTelum;8xMessis,,,,-7,-4
WITCHGADG,通用炼金:嬗变,METALLURGICPERFECTION_TRANSMUTATION,WG.TRANSIRON;TRANSGOLD;TRANSCOPPER;TRANSTIN;TRANSSILVER;TRANSLEAD,,,5,5,20xMetallum;10xOrdo;10xInstrumentum;10xPraecantatio;5xCognitio;20xPermutatio;4xLucrum;8xNebrisum,,,,-7,-1
WITCHGADG,生长之石,AGEINGSTONE,WG.ARCANESTONE;MB_EssenceTime,,,1,1,3xVictus;3xMachina;6xTerra;3xTempus,,,,-5,-6
WITCHGADG,源质罐子和标签,WG.JARLABEL,WGPOTIONS,,,0,0,<empty>,,,,-3,-4
WITCHGADG,附魔: 灵魂绑定,ENCH_SOULBOUND,WG.INFUSIONENCHANTMENT,,,0,0,4xPraecantatio;2xAlienis;2xSpiritus,,,,-6,2
WITCHGADG,秘法布匹,ADVANCEDROBES,WG.ENCHFABRIC;SPINNINGWHEEL,,,0,0,3xPannus;4xPraecantatio;1xVitium,,,,2,-2
WITCHGADG,群系核心:海洋,TERRAFORMFOCUS_OCEAN,TERRAFORMFOCUS_RIVER,,,0,0,8xAqua;4xPraecantatio;2xPermutatio;1xPotentia,,,,3,-6
WITCHGADG,奥术石材,WG.ARCANESTONE,WGPOTIONS,,,0,0,<empty>,,,,-4,-4
WITCHGADG,水晶容器,CRYSTALCAPSULE,GEMCUTTING,,,0,0,3xVitreus;2xOrdo;4xVacuos,,,,6,4
WITCHGADG,要素标记库,LABELLIB,WG.JARLABEL,,,0,0,4xSensus;4xCognitio;2xInstrumentum,,,,-3,-6
WITCHGADG,珍珠焕活,EMPOWERPEARL,WG.PRIMPEARL;WGPOTIONS,,,0,0,8xPraecantatio;4xVitreus;4xVacuos;4xPotentia,1xitem.WG_Material@12,,,0,2
WITCHGADG,源质泵,MIRRORPUMP,WG.MIRRORESSENTIA,,,0,0,12xInstrumentum;7xAqua;5xIter;4xLimus;4xPraecantatio;8xMachina,,,,-3,6
WITCHGADG,巫师装备,WGBAUBLES,THAUMIUM,,,2,2,1xPannus;1xPraecantatio;1xTutamen,,,,6,-1
WITCHGADG,纺织工艺,SPINNINGWHEEL,WGPOTIONS,,,0,0,15xPannus;5xPraecantatio;15xFabrico,,,,4,-1
WITCHGADG,幽灵斗篷,CLOAK_SPECTRAL,CLOAK,INFUSION,,0,0,4xPannus;2xIter;2xSpiritus;4xTenebrae,,,,6,-3
WITCHGADG,野狼斗篷,CLOAK_WOLF,CLOAK,,,0,0,4xPannus;4xBestia;4xFames,,,,5,-5
WITCHGADG,进阶笔与墨,ADVANCEDSCRIBINGTOOLS,,WGPOTIONS,,0,0,3xPraecantatio;2xLux;2xGula;3xCognitio,,,,6,5
WITCHGADG,附魔:揭示,ENCH_UNVEILING,WG.INFUSIONENCHANTMENT,,,0,0,2xPraecantatio;4xSensus;4xLux,,,,-6,3
WITCHGADG,群系核心:沙漠,TERRAFORMFOCUS_DESERT,TERRAFORMER,,,0,0,4xIgnis;8xPerditio;2xPermutatio;1xPotentia,,,,-2,-8
WITCHGADG,斗篷,CLOAK,ADVANCEDROBES,BAGOFTRICKS,,0,0,1xPannus;1xAer;1xTutamen;1xPraecantatio,,,,4,-3
WITCHGADG,奥法离心机,WG.CENTRIFUGE,WGPOTIONS,,,0,0,<empty>,,,,0,-5
WITCHGADG,净化浴盐,WG.BATHSALTS,WGPOTIONS,,,0,0,<empty>,,,,-5,-2
WITCHGADG,嬗变术:炼铁术,WG.TRANSIRON,WGPOTIONS,,,0,0,<empty>,,,,-5,-1
WITCHGADG,引路线卷,LABYRINTHSTRING,INFUSION,,,0,0,1xInstrumentum;1xCognitio;1xIter,,,,5,4
WITCHGADG,神秘造雪机,ICESOLIDIFIER,STONEEXTRUDER,,,2,1,1xGelum;1xMachina;1xInstrumentum,,,,-4,-8
WITCHGADG,卡玛短袍,CLOAKKAMA,WGBAUBLES;CLOAK,,,0,0,2xPannus;2xTutamen,,,,5,-2
WITCHGADG,状态效果,WGPOTIONS,,,,0,0,<empty>,,,,0,0
WITCHGADG,炼狱熔炉,WG.INFERNALFURNACE,WGPOTIONS,,,0,0,<empty>,,,,3,3
WITCHGADG,通用炼金:晶簇化,METALLURGICPERFECTION_CLUSTERS,WG.PUREIRON;PUREGOLD;PURECOPPER;PURETIN;PURESILVER;PURELEAD;PURECINNABAR,,,5,5,20xMetallum;10xOrdo;10xVitreus;20xPermutatio;10xPerfodio;5xCognitio;4xLucrum;8xNebrisum,,,,-7,0
WITCHGADG,群系核心:地狱,TERRAFORMFOCUS_HELL,TERRAFORMER,,,1,1,8xTenebrae;4xIgnis;2xPermutatio;1xPotentia,,,,0,-9
WITCHGADG,炼狱高炉,INFERNALBLASTFURNACE,WG.INFERNALFURNACE,,,2,1,2xIgnis;1xMetallum;1xFabrico;1xTenebrae;1xVitium,,,,3,5
WITCHGADG,神秘相机,SCANCAMERA,,,,0,0,1xSensus;1xCognitio;1xSpiritus;1xVitreus,,,,5,3
WITCHGADG,元始手套,PRIMORDIALGLOVE,VOIDMETAL;PRIMORDIALGEARSET;WG.PRIMPEARL,,,8,7,1xVitreus;1xPraecantatio;1xInstrumentum;1xAer;1xIgnis;1xAqua;1xTerra;1xOrdo;1xPerditio,,,,2,5
WITCHGADG,奇术口袋,BAGOFTRICKS,SPINNINGWHEEL,,,0,0,2xPannus;2xVacuos;2xFames,,,,3,0
WITCHGADG,炼金制造,WG.ALCHEMICALMANUFACTURE,WGPOTIONS,,,0,0,<empty>,,,,-5,-3
WITCHGADG,神秘桑拿炉,SAUNASTOVE,WG.BATHSALTS,,,0,0,3xAqua;3xIgnis;1xMachina;25xSano;7xOrdo;2xTempestas,,,,-7,-2
BLOODMAGIC,炼金术台,ALCHEMICCHEMSTRYSET,INFUSION;SACRIFICIALKNIFE,,,2,1,15xFabrico;12xIgnis;9xInstrumentum;6xPraecantatio;3xVictus,,,,4,-4
BLOODMAGIC,碎片集晶,CRYSTALCLUSTER,INFUSION;RUNEOFACCELERATION,,,3,2,21xVictus;18xSpiritus;15xAlienis;12xPotentia;9xPraecantatio;6xTenebrae;3xCognitio,,,,-10,0
BLOODMAGIC,卓越气血宝珠,TRANSCENDENTORB,ARCHMAGEORB,,,3,3,24xVitreus;21xPotentia;18xPraecantatio;15xCognitio;12xSano;9xAqua;6xInfernus;3xElectrum,,,,12,0
BLOODMAGIC,献祭符文,RUNESACRIFICE,INFUSION;SPEEDRUNE,,,0,0,15xFames;12xInfernus;9xPotentia;6xPraecantatio;3xTerra,,,,-4,0
BLOODMAGIC,符咒桌,SPELLTABLE,INFUSION;RITUALSTONE,,,2,2,18xTerra;15xIgnis;12xTenebrae;9xPraecantatio;6xAer;3xInfernus,,,,-4,-4
BLOODMAGIC,无序的催化剂,AMORPHICCATALYST,INFUSION;ALCHEMICCHEMSTRYSET,,,1,1,18xAqua;15xIgnis;12xTerra;9xAer;6xOrdo;3xPerditio,,,,6,-4
BLOODMAGIC,约束钥匙,KEYOFBINDING,SACRIFICIALKNIFE,,,0,0,15xVitreus;12xLucrum;9xMetallum;6xTerra;3xPraecantatio,,,,4,-2
BLOODMAGIC,生命注入器,LIFEINFUSER,BLOODALTAR;INFUSION,,,2,1,18xVictus;15xAlienis;12xPraecantatio;9xAuram;6xFames;3xTerra,,,,-2,2
BLOODMAGIC,水泳印记,SIGILOFSWIMMING,INFUSION;VOIDSIGIL,,,3,3,21xAer;18xAqua;15xVacuos;12xTerra;9xAuram;6xPraecantatio;3xMetallum,,,,-4,8
BLOODMAGIC,宝珠符文,RUNEOFTHEORB,INFUSION;RUNESACRIFICE,,,0,0,15xPotentia;12xVictus;9xMotus;6xLucrum;3xPraecantatio,,,,-6,-2
BLOODMAGIC,炼金工具,ALCHEMICTOOLS,ALCHEMICCALCINATOR,,,0,0,15xTerra;12xPraecantatio;9xInstrumentum;6xPotentia;3xAer,,,,-4,-12
BLOODMAGIC,超容符文,RUNEOFSUPERIORCAPACITY,INFUSION;RUNEOFARGUMENTEDCAPACITY,,,0,0,18xPotentia;15xAqua;12xCognitio;9xLucrum;6xPraecantatio;3xAlienis,,,,-8,-2
BLOODMAGIC,水之印记,WATERSIGIL,INFUSION;DIVINATIONSIGIL,,,1,1,15xAqua;12xTerra;9xInstrumentum;6xPraecantatio;3xMetallum,,,,0,4
BLOODMAGIC,法师气血宝珠,MAGICANORB,APPRENTICEORB,,,2,1,15xVitreus;12xPotentia;9xPraecantatio;6xCognitio;3xSano,,,,6,0
BLOODMAGIC,透明气血宝珠,TRANSPARENTORB,TRANSCENDENTORB,,,4,3,27xVitreus;24xPotentia;21xPraecantatio;18xCognitio;15xSano;12xAqua;9xInfernus;6xElectrum;3xAlienis,,,,14,0
BLOODMAGIC,丰收印记,HARVESTGODDESSSIGIL,INFUSION;SIGILOFENDERSEVERANCE,,,4,3,21xHerba;18xArbor;15xMeto;12xMessis;9xCognitio;6xPraecantatio;3xAlienis,,,,0,16
BLOODMAGIC,注血钻石块,BIDIAMONDBLOCK,INFUSION;AMORPHICCATALYST,,,2,1,18xAqua;24xIgnis;12xVictus;6xIra;3xPerditio,,,,8,-4
BLOODMAGIC,炼金煅烧炉,ALCHEMICCALCINATOR,ARCANEPEDESTALANDPLINTH,,,2,1,18xPraecantatio;15xVitreus;12xTerra;9xPerditio;6xAqua;3xIgnis,,,,-4,-8
BLOODMAGIC,转位符文,RUNEOFDISLOCATION,INFUSION;RUNESACRIFICE,,,0,0,18xAqua;15xPraecantatio;9xTerra;3xCognitio,,,,-6,2
BLOODMAGIC,绿丛印记,GREENGROW,INFUSION;DIVINATIONSIGIL,,,1,1,15xInstrumentum;12xTerra;9xHerba;6xArbor;3xVictus,,,,2,4
BLOODMAGIC,能量火箭筒 III,ENERGYBAZOOKAIII,INFUSION;ENERGYBAZOOKAII,,,10,10,27xPotentia;24xInstrumentum;21xTelum;18xTerminus;15xInfernus;12xSuperbia;9xFames;6xNebrisum;3xIra,,,,-16,0
BLOODMAGIC,增容符文,RUNEOFARGUMENTEDCAPACITY,INFUSION;RUNESACRIFICE,,,0,0,18xAqua;15xFames;12xLucrum;9xPraecantatio;6xTerra;3xVacuos,,,,-6,0
BLOODMAGIC,血腥灵宝块,ICHORIUMBLOCK,INFUSION;CRYSTALCLUSTER,,,2,1,21xVictus;18xFames;15xPraecantatio;12xInfernus;9xAlienis;6xSuperbia;3xTerra,,,,-10,2
BLOODMAGIC,熔岩晶体,BMLAVACRYSTAL,INFUSION;EMPTYCORE;LAVACRYSTAL;WARDEDARCANA,,,0,0,15xIgnis;12xInfernus;9xTerra;6xPraecantatio;3xAer,,,,0,-4
BLOODMAGIC,导师气血宝珠,MASTERORB,MAGICANORB,,,2,2,18xVitreus;15xPotentia;12xPraecantatio;9xCognitio;6xSano;3xAqua,,,,8,0
BLOODMAGIC,装甲抑制器,ARMORINHIBITOR,SOULARMORFORGE,,,0,0,15xMetallum;12xLucrum;9xSpiritus;6xAlienis;3xPraecantatio,,,,4,-8
BLOODMAGIC,增强集持印记,SIGILOFAUGMENTETHOLDING,INFUSION;SIGILOFHOLDING,,,2,2,21xVacuos;18xLucrum;15xCognitio;12xGula;9xSuperbia;6xLimus;3xPraecantatio,,,,4,8
BLOODMAGIC,压缩印记,SIGILOFCOMPRESSION,INFUSION;SIGILOFMAGNETISM,,,1,1,15xMetallum;12xPotentia;9xMachina;6xLucrum;3xSuperbia,,,,2,8
BLOODMAGIC,牺牲匕首,SACRIFICIALKNIFE,BLOODALTAR,,,0,0,15xTelum;12xLucrum;9xInstrumentum;6xFames;3xFabrico,,,,2,-2
BLOODMAGIC,空白核心,EMPTYCORE,INFUSION;BLOODALTAR,,,0,0,15xVitreus;12xTerra;9xLucrum;6xMetallum;3xPraecantatio,,,,0,-2
BLOODMAGIC,图符,GLYPHSTONE,INFUSION;SOULARMORFORGE,,,2,1,21xTerra;18xSuperbia;15xOrdo;12xCognitio;9xAuram;6xPraecantatio;3xAlienis,,,,2,-10
BLOODMAGIC,灵魂压缩器,SOULCOMPACTER,MASTERRITUALSTONE,,,2,1,18xSpiritus;15xPraecantatio;12xAlienis;9xLucrum;6xVacuos;3xCognitio,,,,0,-6
BLOODMAGIC,促进符文,RUNEOFACCELERATION,INFUSION;RUNEOFARGUMENTEDCAPACITY;RUNEOFDISLOCATION,,,0,0,21xPotentia;18xTempus;15xCognitio;12xAqua;9xMotus;6xPraecantatio;3xTerra,,,,-8,0
BLOODMAGIC,不完善的仪式石,IMPERFECTRITUALSTONE,BLOODALTAR,,,0,0,12xAuram;9xPraecantatio;6xTerra;3xTenebrae,,,,-2,-2
BLOODMAGIC,闪电印记,SIGILOFLIGHTNING,INFUSION;SIGILOFELEMENTALAFFINITY,,,6,6,24xTempestas;21xAer;18xAqua;15xTerra;12xPotentia;9xTenebrae;6xIra;3xElectrum,,,,2,14
BLOODMAGIC,占卜印记,DIVINATIONSIGIL,INFUSION;NITOR;BLOODALTAR,,,0,0,15xVitreus;12xTerra;9xInstrumentum;6xPraecantatio;3xMetallum,,,,0,2
BLOODMAGIC,快反符文,RUNEOFQUICKNESS,INFUSION;RUNEOFACCELERATION;RUNEOFDISLOCATION;SPEEDRUNE,,,0,0,48xPotentia;35xTempus;35xCognitio;23xMachina;27xMotus;15xPraecantatio;7xTerra,,,,-10,-2
BLOODMAGIC,熔岩印记,LAVASIGIL,INFUSION;SIGILOFTHEBLOODLAMP,,,2,2,15xIgnis;12xTerra;9xInstrumentum;6xPraecantatio;3xMetallum,,,,0,8
BLOODMAGIC,集持印记,SIGILOFHOLDING,INFUSION;SIGILOFMAGNETISM,,,1,1,18xLucrum;15xCognitio;12xGula;9xSuperbia;6xLimus;3xPraecantatio,,,,4,6
BLOODMAGIC,影桥印记,SIGILOFPHANTOMBRIDGE,INFUSION;VOIDSIGIL,,,2,2,18xTerra;15xAlienis;12xIter;9xVitreus;6xPotentia;3xPraecantatio,,,,-4,6
BLOODMAGIC,香炉,INCENSECRUCIBLE,SACRIFICIALKNIFE,,,1,1,15xIgnis;18xVictus;6xPotentia,,,,6,-2
BLOODMAGIC,空的血插槽,EMPTYSOCKET,BLOODLETTERSPACK,,,1,1,15xTerra;12xTutamen;9xPraecantatio;6xTenebrae;3xSano,,,,2,-6
BLOODMAGIC,灵魂装甲锻造石,SOULARMORFORGE,INFUSION;EMPTYSOCKET,,,2,2,18xTutamen;15xMetallum;21xPraecantatio;6xTenebrae;3xExanimis,,,,2,-8
BLOODMAGIC,末影印记,ENDERSIGIL,INFUSION;SIGILOFENDERSEVERANCE,,,4,4,24xVacuos;21xAlienis;18xCognitio;15xHumanus;12xPotentia;9xVinculum;6xLimus;3xNebrisum,,,,-2,16
BLOODMAGIC,牺牲符文,RUNESELFSACRIFICE,INFUSION;SPEEDRUNE,,,0,0,15xFames;12xInfernus;9xLucrum;6xPraecantatio;3xTerra,,,,-4,2
BLOODMAGIC,仪式石,RITUALSTONE,INFUSION;IMPERFECTRITUALSTONE,,,1,1,15xTerra;12xIgnis;9xTenebrae;6xPraecantatio;3xAer,,,,-2,-4
BLOODMAGIC,见解印记,SIGILOFSIGHT,INFUSION;DIVINATIONSIGIL,,,0,0,15xOrdo;12xSensus;9xCognitio;6xVitreus;3xPraecantatio,,,,2,2
BLOODMAGIC,生命灌注装甲,IMBUEARMOR,BLOODLETTERSPACK,,,1,1,15xSano;12xTutamen;9xPraecantatio;6xMetallum;3xPotentia,,,,4,-6
BLOODMAGIC,抑液印记,SIGILOFSUPRESSION,INFUSION;VOIDSIGIL,,,3,2,21xVacuos;18xAuram;15xAqua;12xMetallum;9xPraecantatio;6xTerra;3xMotus,,,,-2,8
BLOODMAGIC,能量火箭筒 I,ENERGYBAZOOKAI,CRYSTALCLUSTER;ICHOR_SWORD_GEM;PRIMALCRUSHER,,,3,2,21xPotentia;18xInstrumentum;15xTelum;12xSuperbia;9xFames;6xNebrisum;3xIra,,,,-12,0
BLOODMAGIC,元素印记,SIGILOFELEMENTALAFFINITY,INFUSION;AIRSIGIL,,,4,4,27xVolatus;24xIgnis;21xAqua;18xAer;15xMotus;12xPraecantatio;9xIter;6xPotentia;3xCognitio,,,,0,12
BLOODMAGIC,炼金中继器,ALCHEMYRELAY,ALCHEMICCALCINATOR,,,0,0,18xMetallum;15xBestia;12xPannus;9xPraecantatio;6xAlienis;3xPotentia,,,,-2,-12
BLOODMAGIC,速度符文,SPEEDRUNE,INFUSION;BLOODALTAR,,,0,0,15xMotus;12xVolatus;9xPotentia;6xAer;3xFames,,,,-2,0
BLOODMAGIC,空气印记,AIRSIGIL,INFUSION;LAVASIGIL,,,3,3,21xVolatus;18xAer;15xMotus;12xPraecantatio;9xIter;6xPotentia;3xCognitio,,,,0,10
BLOODMAGIC,虚空印记,VOIDSIGIL,INFUSION;WATERSIGIL,,,2,2,15xVacuos;12xTerra;9xAuram;6xPraecantatio;3xMetallum,,,,-2,6
BLOODMAGIC,仪式推测杖,RITUALDIVINER,INFUSION;MASTERRITUALSTONE,,,2,1,18xAer;15xIgnis;12xTerra;9xAqua;6xPerditio;3xOrdo,,,,-2,-8
BLOODMAGIC,奥术基座,ARCANEPEDESTALANDPLINTH,INFUSION;MASTERRITUALSTONE,,,1,1,15xIgnis;12xTerra;9xTenebrae;6xAlienis;3xPraecantatio,,,,-4,-6
BLOODMAGIC,血液背包,BLOODLETTERSPACK,SACRIFICIALKNIFE,,,0,0,15xTelum;12xSano;9xLucrum;6xTutamen;3xPannus,,,,2,-4
BLOODMAGIC,神灵印记,SIGILOFDIVINITY,INFUSION;SIGILOFENDERSEVERANCE,,,5,5,24xTutamen;21xAer;18xIgnis;15xAqua;12xTerra;9xOrdo;6xPerditio;3xSano,,,,2,16
BLOODMAGIC,磁引印记,SIGILOFMAGNETISM,INFUSION;WATERSIGIL,,,1,1,21xMagneto;18xPotentia;15xElectrum;12xPraecantatio;6xAuram;3xCognitio,,,,2,6
BLOODMAGIC,血之祭坛,BLOODALTAR,,,,1,1,15xAlienis;12xPraecantatio;9xAuram;6xFames;3xTerra,,,,0,0
BLOODMAGIC,主仪式石,MASTERRITUALSTONE,INFUSION;RITUALSTONE,,,1,1,18xTerra;15xIgnis;12xTenebrae;9xPraecantatio;6xAer,,,,-2,-6
BLOODMAGIC,旋风印记,SIGILOFWHIRLWIND,INFUSION;AIRSIGIL,,,2,2,24xAer;21xTutamen;18xPotentia;15xVictus;12xSano;9xCognitio;6xSuperbia;3xNebrisum,,,,2,12
BLOODMAGIC,学徒气血宝珠,APPRENTICEORB,WEAKORB,,,1,1,12xVitreus;9xPotentia;6xPraecantatio;3xCognitio,,,,4,0
BLOODMAGIC,绝影印记,SIGILOFENDERSEVERANCE,INFUSION;SIGILOFELEMENTALAFFINITY;OCULUS,,,3,3,21xAlienis;18xCognitio;15xHumanus;12xPotentia;9xVinculum;6xLimus;3xNebrisum,,,,0,14
BLOODMAGIC,虚弱气血宝珠,WEAKORB,BLOODALTAR,,,1,1,9xVitreus;6xPotentia;3xPraecantatio,,,,2,0
BLOODMAGIC,玻璃钟罩,BELLJAR,ALCHEMICCALCINATOR,,,0,0,18xVitreus;15xAer;12xTerra;9xOrdo;6xLucrum;3xArbor,,,,-6,-12
BLOODMAGIC,能量火箭筒 II,ENERGYBAZOOKAII,INFUSION;ENERGYBAZOOKAI,,,5,5,24xPotentia;21xInstrumentum;18xTelum;15xInfernus;12xSuperbia;9xFames;6xNebrisum;3xIra,,,,-14,0
BLOODMAGIC,血光印记,SIGILOFTHEBLOODLAMP,INFUSION;WATERSIGIL,,,2,1,18xLux;15xIgnis;12xAer;9xPotentia;6xSensus;3xPraecantatio,,,,0,6
BLOODMAGIC,速掘印记,FASTERMINING,INFUSION;DIVINATIONSIGIL,,,1,1,15xInstrumentum;12xPerfodio;9xPraecantatio;6xMetallum;3xMotus,,,,-2,4
BLOODMAGIC,贤者气血宝珠,ARCHMAGEORB,MASTERORB,,,3,2,21xVitreus;18xPotentia;15xPraecantatio;12xCognitio;9xSano;6xAqua;3xInfernus,,,,10,0
BLOODMAGIC,急速印记,SIGILOFHASTE,INFUSION;AIRSIGIL,,,2,1,21xIter;18xMotus;15xAer;12xPotentia;9xPraecantatio;6xAlienis;3xCognitio,,,,-2,12
WITCHERY,枝状大烛台,CANDELABRA,ALTAR;TALLOW;ATTUNEDSTONE,,,0,0,15xPraecantatio;12xLux;9xOrdo;6xIgnis,,,,0,-2
WITCHERY,巫术转轮,SPINNINGWHEELW,KETTLE,,,0,0,18xArbor;15xMotus;12xFabrico;9xInstrumentum;6xAer;3xPraecantatio,,,,6,0
WITCHERY,寻路石,WAYSTONE,RITUALCHALK,,,3,2,15xMotus;12xIter;9xTenebrae;6xPraecantatio,,,,8,-4
WITCHERY,熏气漏斗,FUMEFUNNEL,OVEN,,,1,1,15xMetallum;12xIgnis;9xLux;6xSensus,,,,0,2
WITCHERY,过滤强化型熏气漏斗,FILTEREDFUMEFUNNEL,FUMEFILTER,,,1,1,15xMetallum;12xVitreus;9xLux;6xPraecantatio,,,,2,4
WITCHERY,仪祭匕首,ARTHANA,ALTAR,,,1,1,15xPraecantatio;12xLucrum;9xInstrumentum;6xMortuus,,,,-4,-2
WITCHERY,巫术祭坛,ALTAR,OVEN;ARCANESTONE,,,1,1,15xPraecantatio;12xFabrico;9xArbor;6xTerra,,,,-2,0
WITCHERY,圣餐杯,CHALICE,ALTAR;ATTUNEDSTONE,,,0,0,15xPraecantatio;12xLucrum;9xMetallum;6xTerra,,,,0,0
WITCHERY,温暖的血液,WARMBLOOD,ALTAR,,,2,1,15xFames;12xLucrum;9xAqua;6xExanimis,,,,-2,-2
WITCHERY,熏气过滤器,FUMEFILTER,DISTILESSENTIA;FUMEFUNNEL;ATTUNEDSTONE,,,0,0,9xMetallum;9xVitreus;6xLucrum;3xPraecantatio,,,,2,2
WITCHERY,调谐之石,ATTUNEDSTONE,OVEN,,,0,0,15xInstrumentum;12xVitreus;9xOrdo;6xPraecantatio,,,,2,0
WITCHERY,巫师烤炉,OVEN,,,,1,1,15xMetallum;12xFabrico;9xInstrumentum;6xMachina,,,,-2,2
WITCHERY,红宝石舞鞋,RUBYSLIPPERS,BLOODALTAR;SPINNINGWHEELW,,,3,2,21xAuram;18xAer;15xFames;12xLucrum;9xVitreus;6xPotentia;3xPraecantatio,,,,6,-2
WITCHERY,受魔之膏,ANOINTINGPASTE,,,,0,0,12xFabrico;9xAqua;6xPraecantatio,,,,0,-4
WITCHERY,仪式粉笔,RITUALCHALK,DISTILLERY,,,0,0,18xSensus;15xMotus;12xAuram;9xPotentia;6xIter;3xPraecantatio,,,,8,-2
WITCHERY,球状石英,QUARTZSPHERE,ATTUNEDSTONE,,,0,0,15xVitreus;12xInstrumentum;9xAuram;6xOrdo;3xPraecantatio,,,,2,-2
WITCHERY,巫术水壶,KETTLE,ATTUNEDSTONE,,,1,1,15xMetallum;12xFabrico;9xInstrumentum;6xIgnis,,,,4,0
WITCHERY,环形护身符,CIRCLETALISMAN,RITUALCHALK,,,1,1,18xLucrum;15xMotus;12xAuram;9xPotentia;6xAer;3xPraecantatio,,,,10,-2
WITCHERY,蒸馏塔,DISTILLERY,SPINNINGWHEELW,,,2,1,18xMetallum;15xMotus;12xFabrico;9xInstrumentum;6xAqua;3xPraecantatio,,,,8,0
TST,血液仓,BLOOD_HATCH,BLOODY_HELL,,,0,0,1xVictus;1xPraecantatio;1xInstrumentum,,,,2,3
TST,工业炼金塔,INDUSTRIAL_ALCHEMY_TOWER,TST_WELCOME,,,0,0,1xAer;1xIgnis;1xPerditio;1xOrdo;1xPermutatio,,,,-1,2
TST,"§3""子代""",OFFSPRING,ECO_SPHERE_SIMULATOR,,,0,0,1xAqua;1xPermutatio;1xVictus,,,Evolutio,3,0
TST,精灵工坊,BH_ELVEN_WORKSHOP,TST_WELCOME,,,0,0,1xTerra;1xMachina;1xPraecantatio,,,,-1,-2
TST,奥术裂隙,TST_ARCANE_HOLE,TST_WELCOME,,,0,0,4xTenebrae;4xVacuos;8xSensus,,,,-2,2
TST,扭曲空间科技,TST_WELCOME,,,,0,0,<empty>,,,,0,0
TST,工业注魔矩阵,INDUSTRIAL_MAGIC_MATRIX,TST_WELCOME,,,0,0,1xTerra;1xMachina;1xPraecantatio,,,,1,-2
TST,时间扭曲速度符文,TIME_BENDING_SPEED_RUNE,BLOODY_HELL,,,0,0,1xVictus;1xPraecantatio;1xInstrumentum,,,,2,5
TST,注魔原料分配器,INFUSION_MATERIAL_DISPENSER,ESSENTIA_DISCRETIZER,,,0,0,1xMachina;1xFames;1xMotus;1xPermutatio,,,,-2,8
TST,§9§l生态泉源,FONT_OF_ECOLOGY,OFFSPRING,,,0,0,2xEvolutio;1xPerditio;1xAlienis;1xVictus;1xOrdo;1xAqua;1xPermutatio,,,,5,0
TST,初源解离机,PRIMORDIAL_DISJUNCTUS,ESSENTIA_DISCRETIZER,,,0,0,1xInstrumentum;1xFames;1xPerfodio;1xAuram,,,,-2,4
TST,拟似生态圈,ECO_SPHERE_SIMULATOR,TST_WELCOME,,,0,0,1xArbor;1xMachina;1xAqua;1xHerba;1xAlienis;1xCorpus,,,,2,0
TST,Evolutio,EVOLUTIO,OFFSPRING,,,0,0,1xEvolutio;1xVictus;1xPermutatio,,,,4,-1
TST,穿云尖塔,SKYPIERCER_TOWER,ESSENTIA_DISCRETIZER,,,0,0,1xMachina;1xPraecantatio;1xAuram;1xPotentia,,,,-2,6
TST,血狱,BLOODY_HELL,TST_WELCOME,,,0,0,1xVictus;1xMachina;1xPraecantatio,,,,1,2
NHUTILITIES,净化之戒,WARPWARDRING,INFUSION,,,0,0,4xOrdo;4xIgnis;4xAqua;4xTerra;4xAer;4xPerditio,,,,-2,0
NHUTILITIES,法杖核心：航空胶带,FOCUSTAPE,,,,0,0,10xOrdo;10xPerditio;10xInstrumentum,,,,0,2
NHUTILITIES,奥术工业高炉,THAUMICEBF,,,,0,0,4xPotentia;4xMachina;4xIgnis,,,Machina,0,0
NHUTILITIES,燃料棒(激发态铀基闪耀之辉燃料棒),SHADOWMETALFUELROD,INFUSION,,,0,0,6xPraecantatio;8xRadio;16xPotentia,,,,2,0
NHUTILITIES,燃料棒(超激发态钚基元始珍珠燃料棒),ICHORIUMFUELROD,PRIMPEARL;ICHOR;SHADOWMETALFUELROD,,,0,0,6xPraecantatio;8xRadio;16xPotentia,,,,2,-1
